client_id,client_type,first_name,last_name,date_of_birth,gender,country,region,acquisition_purpose,satisfaction_score,loan_applied,referral_channel,age,buyer_origin,country_group,purchase_count,total_spend,avg_spend,max_spend,avg_area,max_area,tower_diversity,office_share,first_transaction,last_transaction,holding_window_days,days_since_last_purchase,investment_flag,cluster,pca_x,pca_y,segment_name
C0001,Individual,Kareem,Liu,1968-05-11,F,USA,California,Personal Use,4,Yes,Website,56.7,Domestic,USA,4,1246764.72,311691.18,496266.41,983.885,1608.84,4,0.0,2024-01-10,2025-01-12,368,0,False,1,-0.10619290057882083,1.289088099664737,Financed Value Seekers
C0002,Individual,Trystan,Oconnor,1962-11-26,M,USA,California,Personal Use,1,No,Website,62.1,Domestic,USA,5,1841095.9300000002,368219.18600000005,505127.63,1187.942,1599.81,5,0.0,2024-01-01,2025-01-12,377,0,False,2,2.2074445965660194,2.1100522293193995,Premium Buyers
C0003,Individual,Kale,Gay,1959-04-07,M,USA,California,Personal Use,4,Yes,Agency,65.8,Domestic,USA,5,1661457.5899999999,332291.518,584611.99,1058.1100000000001,1795.66,5,0.0,2024-01-07,2025-01-10,369,2,False,2,1.8790838858056376,2.3513252974525347,Premium Buyers
C0004,Individual,Russell,Gross,1959-11-25,M,USA,California,Personal Use,5,No,Website,65.1,Domestic,USA,6,1608263.51,268043.91833333333,606634.75,937.1033333333334,1869.81,5,0.0,2024-01-02,2025-01-08,372,4,False,3,1.6245952104130903,3.463202388092101,Portfolio Investors
C0005,Corporate,Marleez,Co,1976-02-28,M,USA,California,Investment,5,No,Website,48.9,Domestic,USA,13,3653385.38,281029.64461538463,628812.33,927.2961538461539,1844.16,5,0.0,2024-01-02,2025-01-05,369,7,True,3,6.987076432542115,8.245753455188485,Portfolio Investors
C0006,Individual,Yurem,Wright,1957-03-06,M,USA,California,Personal Use,3,Yes,Website,67.9,Domestic,USA,5,1514131.06,302826.212,435031.4,989.5899999999999,1258.99,5,0.0,2024-01-01,2025-01-11,376,1,False,1,0.6409993734871517,2.8689018679401137,Financed Value Seekers
C0007,Individual,Xavier,Faulkner,1947-05-24,M,Canada,Quebec,Investment,5,No,Website,77.6,International,Canada,11,3251147.83,295558.8936363636,484458.03,995.6936363636363,1615.29,6,0.0,2024-01-01,2025-01-12,377,0,True,3,5.68921885844105,7.819941980391033,Portfolio Investors
C0008,Individual,Kayden,Olsen,1969-10-17,F,USA,California,Personal Use,5,No,Website,55.2,Domestic,USA,5,1476730.4100000001,295346.08200000005,537291.01,1031.106,1869.81,5,0.2,2024-01-03,2025-01-03,366,9,False,2,1.1384783973657528,2.5654606160775018,Premium Buyers
C0009,Individual,Joaquin,Mullins,1975-10-05,M,USA,California,Investment,5,No,Agency,49.3,Domestic,USA,5,1820832.35,364166.47000000003,580903.05,1305.644,1897.17,4,0.2,2024-01-12,2025-01-05,359,7,True,2,2.402924655535361,1.0616926545959597,Premium Buyers
C0010,Individual,Nicolas,Navarro,1966-06-17,M,USA,Oregon,Investment,3,No,Agency,58.6,Domestic,USA,5,1732434.0,346486.8,480540.62,1140.206,1592.45,4,0.2,2024-01-03,2025-01-09,372,3,True,2,1.3518719154448964,1.5907557395259724,Premium Buyers
C0011,Individual,Laci,Guerra,1956-06-17,F,USA,California,Personal Use,2,Yes,Website,68.6,Domestic,USA,5,1325211.52,265042.304,473195.39,935.914,1630.81,5,0.2,2024-01-11,2025-01-09,364,3,False,1,0.20025974370103317,2.8952651235132523,Financed Value Seekers
C0012,Corporate,Kylax,Co,1975-04-25,M,USA,California,Investment,5,No,Website,49.7,Domestic,USA,4,1599526.4,399881.6,529317.28,1317.445,1724.08,4,0.0,2024-01-10,2025-01-03,359,9,True,2,1.7538568170479136,0.3403354775413555,Premium Buyers
C0013,Individual,Harley,Lucero,1962-08-10,M,USA,California,Personal Use,1,Yes,Website,62.4,Domestic,USA,5,2142750.89,428550.178,562818.96,1407.376,1795.66,4,0.0,2024-01-09,2025-01-10,367,2,False,2,3.358223520784841,0.7244138168073042,Premium Buyers
C0014,Corporate,Esther,Co,1980-07-10,M,USA,California,Personal Use,3,Yes,Website,44.5,Domestic,USA,4,1548140.0699999998,387035.01749999996,531267.61,1280.5425,1662.01,4,0.0,2024-01-10,2025-01-08,364,4,False,2,1.5050433100152267,0.3640205682790569,Premium Buyers
C0015,Individual,Jaylynn,Hickman,1941-08-19,F,USA,California,Personal Use,5,No,Client,83.4,Domestic,USA,5,1585907.37,317181.47400000005,426442.43,1030.764,1383.05,4,0.0,2024-01-07,2025-01-06,365,6,False,1,0.5473657003492493,2.16888265274611,Financed Value Seekers
C0016,Individual,Olivia,Oconnell,1939-09-03,F,USA,California,Investment,5,No,Website,85.4,Domestic,USA,4,1010217.73,252554.4325,287917.8,842.145,961.01,4,0.0,2024-01-03,2025-01-10,373,2,True,1,-2.03599792634622,2.314859609461246,Financed Value Seekers
C0017,Individual,Antonio,Porter,1977-01-08,M,USA,Arizona,Personal Use,3,No,Client,48.0,Domestic,USA,5,1778693.75,355738.75,568732.24,1195.8139999999999,1946.06,4,0.2,2024-01-02,2025-01-02,366,10,False,2,1.9954423000703523,1.228581472846229,Premium Buyers
C0018,Individual,Luke,Lynn,1967-02-07,M,USA,California,Personal Use,2,Yes,Agency,57.9,Domestic,USA,4,1061478.67,265369.6675,461655.95,913.8325,1523.02,4,0.0,2024-01-03,2025-01-04,367,8,False,1,-1.040116309742347,1.5233331617273516,Financed Value Seekers
C0019,Individual,Anahi,Curry,1957-09-09,M,USA,California,Personal Use,5,Yes,Client,67.3,Domestic,USA,4,1773474.26,443368.565,599245.34,1402.0425,1841.5,4,0.5,2024-01-02,2025-01-11,375,1,False,2,2.894692008338295,-0.07593403319222403,Premium Buyers
C0020,Individual,Camille,Sharp,1967-10-17,F,USA,California,Personal Use,5,No,Website,57.2,Domestic,USA,4,1508032.25,377008.0625,505470.6,1307.08,1662.01,4,0.0,2024-01-05,2025-01-08,369,4,False,2,1.378229316157975,0.54815475059392,Premium Buyers
C0021,Individual,Jesus,Obrien,1938-06-09,M,USA,Oregon,Investment,3,No,Website,86.6,Domestic,USA,6,1928172.72,321362.12,555614.35,1028.86,1869.93,5,0.0,2024-01-04,2025-01-06,368,6,True,3,2.3520381856506045,3.277795435517494,Portfolio Investors
C0022,Individual,Araceli,Nelson,1966-09-14,M,Germany,Berlin,Investment,5,No,Agency,58.3,International,Germany,4,1372403.2,343100.8,453294.55,1247.4850000000001,1691.02,4,0.0,2025-01-04,2025-01-10,6,2,True,2,0.282402839046354,0.04061144536352462,Premium Buyers
C0023,Individual,Cole,Taylor,1958-12-06,M,USA,California,Personal Use,3,Yes,Website,66.1,Domestic,USA,5,1457871.69,291574.338,408265.89,948.3880000000001,1300.05,5,0.0,2024-01-01,2025-01-09,374,3,False,1,0.27337530756276635,3.008864795824158,Financed Value Seekers
C0024,Individual,Alonso,Terrell,1963-11-05,M,USA,California,Investment,4,No,Website,61.2,Domestic,USA,6,1884156.9000000001,314026.15,560195.06,1053.735,1741.96,5,0.0,2024-01-02,2025-01-09,373,3,True,3,2.2891964644090668,3.1962940028299336,Portfolio Investors
C0025,Individual,Rodolfo,Gibson,1937-01-20,M,USA,Nevada,Personal Use,2,Yes,Website,88.0,Domestic,USA,5,1694448.83,338889.766,518174.75,1120.576,1684.75,5,0.0,2024-01-01,2025-01-04,369,8,False,2,1.7922774047306709,2.3916758942473058,Premium Buyers
C0026,Individual,Joseph,Reeves,1962-09-23,M,USA,California,Investment,5,No,Website,62.3,Domestic,USA,10,2932241.75,293224.175,436987.95,1002.383,1645.93,7,0.1,2024-01-03,2025-01-09,372,3,True,3,5.055992113709648,7.834921682363812,Portfolio Investors
C0027,Individual,Grant,Weber,1968-09-08,M,USA,California,Personal Use,5,Yes,Website,56.3,Domestic,USA,5,1517969.44,303593.888,427086.44,1070.234,1449.43,4,0.4,2024-01-01,2025-01-03,368,9,False,1,0.4640408536026026,1.9710849050775425,Financed Value Seekers
C0028,Individual,Ava,Phelps,1958-04-15,F,USA,California,Personal Use,3,No,Client,66.7,Domestic,USA,5,1791082.79,358216.558,512682.59,1266.366,1931.82,5,0.2,2024-01-09,2024-01-12,3,366,False,0,1.8012098027838883,0.4325415108193725,Core Growth Buyers
C0029,Individual,Kyla,Walker,1976-02-26,F,USA,Colorado,Personal Use,4,Yes,Agency,48.9,Domestic,USA,4,1247795.31,311948.8275,410549.3,993.05,1164.55,3,0.25,2024-01-07,2025-01-09,368,3,False,1,-0.8666469814067365,0.6405143199146857,Financed Value Seekers
C0030,Individual,Alanna,Hess,1952-06-19,F,USA,Nevada,Personal Use,3,No,Website,72.6,Domestic,USA,4,1547311.29,386827.8225,545645.2,1279.3725,1741.96,4,0.0,2024-01-04,2025-01-10,372,2,False,2,1.6289000738301258,0.4788023746235839,Premium Buyers
C0031,Individual,Skylar,Buchanan,1977-12-25,M,USA,Nevada,Personal Use,4,Yes,Website,47.0,Domestic,USA,5,1077148.21,215429.642,258061.02,677.3399999999999,790.54,5,0.2,2024-01-02,2025-01-12,376,0,False,1,-1.9949257268500122,3.922098448445144,Financed Value Seekers
C0032,Individual,Rodrigo,Robinson,1966-08-11,M,USA,California,Personal Use,4,No,Website,58.4,Domestic,USA,5,1888995.1600000001,377799.032,490429.65,1282.528,1627.52,5,0.2,2024-01-01,2025-01-05,370,7,False,2,2.521140974655886,1.983962992735008,Premium Buyers
C0033,Individual,Lydia,Tate,1968-08-14,F,USA,California,Personal Use,3,Yes,Website,56.4,Domestic,USA,4,1404998.67,351249.6675,376964.62,1250.4325,1383.84,4,0.25,2024-01-04,2025-01-07,369,5,False,2,0.3323919412603537,0.8627648942132911,Premium Buyers
C0034,Individual,Lauryn,Patrick,1969-10-30,F,Belgium,Brussels,Personal Use,2,No,Agency,55.2,International,Belgium,5,1632608.66,326521.73199999996,508462.97,1160.556,1806.7,4,0.0,2024-01-06,2025-01-07,367,5,False,2,1.1717264316061338,1.5003108788226047,Premium Buyers
C0035,Individual,Diego,Mendez,1965-05-12,M,Mexico,Mexico City,Personal Use,3,No,Agency,59.7,International,Other,5,1987876.4,397575.27999999997,539968.61,1445.752,1820.34,5,0.0,2024-01-09,2025-01-09,366,3,False,2,3.238609631629058,1.497279413973858,Premium Buyers
C0036,Individual,Victor,Jensen,1973-09-01,M,USA,California,Personal Use,4,No,Website,51.4,Domestic,USA,4,1173683.53,293420.8825,437900.49,963.325,1435.44,4,0.0,2024-01-01,2025-01-06,371,6,False,1,-0.6592158742592551,1.4781270925397196,Financed Value Seekers
C0037,Individual,Scarlet,Hendricks,1962-01-20,F,USA,California,Personal Use,5,Yes,Website,63.0,Domestic,USA,5,1607228.75,321445.75,482067.87,1018.368,1408.42,4,0.0,2024-01-07,2025-01-10,369,2,False,2,0.8348006057041051,2.0085193561754853,Premium Buyers
C0038,Individual,Janelle,Espinoza,1974-12-25,F,USA,California,Investment,4,No,Client,50.1,Domestic,USA,4,1175129.27,293782.3175,407214.29,1105.1225,1596.35,4,0.25,2024-01-01,2024-01-06,5,372,True,0,-1.0350469110610847,-0.34680168386122046,Core Growth Buyers
C0039,Individual,Aleksandra,Karenina,1967-06-13,F,Russia,Krasnodar Krai,Personal Use,1,No,Agency,57.6,International,Other,4,1858527.54,464631.885,626247.03,1365.68,1662.01,4,0.25,2024-01-02,2024-01-12,10,366,False,0,2.5383818356540853,-1.920072827615209,Core Growth Buyers
C0040,Individual,Conner,Huff,1975-03-22,M,USA,Nevada,Personal Use,5,No,Website,49.8,Domestic,USA,6,1854608.29,309101.38166666665,507842.87,1047.8,1629.83,5,0.0,2024-01-01,2024-01-12,11,366,False,0,1.4632977425920506,1.738607637596473,Core Growth Buyers
C0041,Individual,Zain,Horne,1967-04-13,M,USA,Arizona,Personal Use,1,Yes,Website,57.8,Domestic,USA,5,1374460.79,274892.158,405898.92,872.838,1355.85,4,0.4,2024-01-04,2025-01-10,372,2,False,1,-0.4796535426990927,2.307513572810636,Financed Value Seekers
C0042,Individual,Maia,Chandler,1975-08-12,F,USA,Utah,Personal Use,1,Yes,Website,49.4,Domestic,USA,4,1101390.25,275347.5625,364280.42,913.8425,1251.45,4,0.25,2024-01-11,2025-01-08,363,4,False,1,-1.360462992977559,1.590783317669814,Financed Value Seekers
C0043,Individual,Jordyn,Park,1965-04-04,M,USA,Nevada,Investment,3,Yes,Website,59.8,Domestic,USA,4,1126492.46,281623.115,467216.3,983.505,1523.22,4,0.0,2024-01-03,2025-01-10,373,2,True,1,-0.6388247779074046,1.4373745405009979,Financed Value Seekers
C0044,Individual,Diana,Hunt,1931-02-13,F,USA,Arizona,Personal Use,3,No,Website,93.9,Domestic,USA,4,1330493.26,332623.315,519866.77,1106.8675,1829.38,4,0.0,2024-01-02,2025-01-11,375,1,False,2,0.5517420757629627,1.0997033884180925,Premium Buyers
C0045,Individual,Kevin,Mata,1968-10-12,M,USA,Colorado,Investment,2,No,Agency,56.3,Domestic,USA,5,1463432.3599999999,292686.47199999995,592737.69,913.774,1728.84,4,0.0,2024-01-03,2025-01-09,372,3,True,1,0.6615965766766707,1.890566548808724,Financed Value Seekers
C0046,Individual,Brisa,Mckee,1964-09-24,F,USA,California,Personal Use,5,No,Client,60.3,Domestic,USA,8,2026517.4,253314.675,388515.14,857.8050000000001,1336.93,7,0.0,2024-01-01,2025-01-10,375,2,False,3,2.2977518029032287,6.827748204637016,Portfolio Investors
C0047,Individual,Mason,Gilbert,1970-07-31,M,USA,Colorado,Personal Use,2,No,Agency,54.5,Domestic,USA,5,1438239.28,287647.856,459403.88,953.568,1431.42,5,0.0,2024-01-07,2025-01-10,369,2,False,1,0.407554332567756,2.794317810074784,Financed Value Seekers
C0048,Individual,Derick,Li,1957-03-20,M,USA,California,Personal Use,3,Yes,Agency,67.8,Domestic,USA,4,1338718.0,334679.5,493044.25,1026.3200000000002,1440.71,4,0.0,2024-01-07,2025-01-05,364,7,False,1,0.2112057329509679,1.1072360342171519,Financed Value Seekers
C0049,Individual,Jace,Riggs,1971-08-20,F,USA,California,Personal Use,1,No,Website,53.4,Domestic,USA,4,1390091.2,347522.8,533120.65,1204.3675,1721.96,4,0.0,2024-01-01,2025-01-08,373,4,False,2,0.8684709608328074,0.6084455385206807,Premium Buyers
C0050,Individual,Jair,Johns,1940-03-05,M,USA,California,Personal Use,5,No,Website,84.9,Domestic,USA,9,2744452.35,304939.15,486685.38,993.5088888888889,1383.05,7,0.1111111111111111,2024-01-03,2025-01-04,367,8,False,3,4.805150548503144,7.09229030500405,Portfolio Investors
C0051,Individual,Matilda,Madden,1941-03-03,F,USA,Colorado,Personal Use,3,No,Agency,83.9,Domestic,USA,4,1270440.42,317610.105,564388.0,1039.56,1948.32,4,0.0,2024-01-05,2025-01-03,364,9,False,2,0.3966877323013527,1.0660729371462994,Premium Buyers
C0052,Individual,Myla,Ewing,1967-02-03,F,USA,Oregon,Investment,2,No,Client,57.9,Domestic,USA,4,1474211.53,368552.8825,555271.92,1187.925,1829.02,3,0.0,2024-01-02,2025-01-11,375,1,True,2,0.8324490927844707,-0.12675358475093845,Premium Buyers
C0053,Individual,Miguel,Walter,1954-01-07,M,USA,Arizona,Personal Use,4,No,Agency,71.0,Domestic,USA,4,1120539.44,280134.86,368589.72,929.245,1169.15,4,0.0,2024-01-04,2025-01-08,370,4,False,1,-1.205192822725151,1.7802605897103427,Financed Value Seekers
C0054,Corporate,Bridger CAL,Co,1967-02-15,M,USA,Nevada,Investment,5,No,Website,57.9,Domestic,USA,6,2109277.6,351546.26666666666,435374.92,1115.6333333333334,1334.77,4,0.6666666666666666,2024-01-01,2025-01-10,375,2,True,2,2.1228088159290075,2.456590078051117,Premium Buyers
C0055,Individual,Mara,Franco,1973-06-07,F,USA,California,Personal Use,5,Yes,Agency,51.6,Domestic,USA,4,1178979.21,294744.8025,416304.72,989.8299999999999,1479.84,4,0.0,2024-01-02,2025-01-12,376,0,False,1,-0.6911565232716564,1.5094413007537795,Financed Value Seekers
C0056,Individual,Erik,Mora,1964-12-07,M,USA,Oregon,Investment,5,No,Agency,60.1,Domestic,USA,4,1579301.3599999999,394825.33999999997,559835.83,1355.5975,1890.0,4,0.25,2024-01-01,2025-01-10,375,2,True,2,1.958506711699239,0.2580089144710018,Premium Buyers
C0057,Individual,Henry,Kennedy,1933-06-08,M,USA,California,Personal Use,4,Yes,Agency,91.6,Domestic,USA,5,2020519.52,404103.904,589905.02,1344.1439999999998,1941.62,4,0.2,2024-01-05,2025-01-10,371,2,False,2,3.1495403694792827,1.0288477152167328,Premium Buyers
C0058,Corporate,Kenyon,Co,1969-05-03,F,USA,California,Investment,1,Yes,Website,55.7,Domestic,USA,5,1441406.17,288281.234,494246.62,919.8399999999999,1499.0,4,0.4,2024-01-08,2025-01-12,370,0,True,1,0.1983426084125085,2.0032727802000085,Financed Value Seekers
C0059,Individual,Oswaldo,Palmer,1960-06-16,M,USA,California,Personal Use,2,No,Website,64.6,Domestic,USA,4,1278854.25,319713.5625,488077.62,1102.44,1394.03,4,0.25,2024-01-05,2025-01-10,371,2,False,1,0.19138581962693693,1.0011087453869312,Financed Value Seekers
C0060,Individual,Kassidy,Vega,1972-05-07,F,USA,California,Personal Use,5,No,Website,52.7,Domestic,USA,4,1355662.25,338915.5625,485561.11,1119.4675,1689.08,3,0.0,2024-01-03,2025-01-03,366,9,False,2,0.075225935426284,0.2950743355286129,Premium Buyers
C0061,Individual,Morgan,Glass,1967-05-12,M,USA,Utah,Personal Use,5,No,Agency,57.7,Domestic,USA,4,1306907.58,326726.895,402081.8,1101.62,1305.62,4,0.0,2024-01-11,2025-01-10,365,2,False,1,-0.14969985286633636,1.2431106578517588,Financed Value Seekers
C0062,Individual,Tyler,Carr,1974-03-27,M,USA,California,Personal Use,5,Yes,Client,50.8,Domestic,USA,5,1489333.49,297866.698,443358.25,1059.8319999999999,1445.84,4,0.0,2024-01-01,2025-01-07,372,5,False,1,0.36434064172867775,2.026296092818232,Financed Value Seekers
C0063,Individual,Yesenia,Marquez,1942-07-23,F,USA,Arizona,Personal Use,4,No,Website,82.5,Domestic,USA,5,1625480.88,325096.176,538375.93,1112.538,1858.65,5,0.0,2024-01-09,2025-01-06,363,6,False,2,1.7112260719916783,2.451551846255294,Premium Buyers
C0064,Individual,Gordon,Brown,1974-02-10,M,UK,Northern Ireland,Investment,4,No,Agency,50.9,International,UK,4,1448881.28,362220.32,574929.03,1095.85,1766.89,4,0.0,2024-01-02,2024-01-11,9,367,True,0,0.5253934434460308,-0.8831900044705128,Core Growth Buyers
C0065,Individual,Rodrigo,Ramirez,1972-03-26,M,USA,California,Personal Use,1,No,Agency,52.8,Domestic,USA,4,1557125.73,389281.4325,539032.17,1261.5275,1692.61,4,0.25,2025-01-03,2025-01-06,3,6,False,2,1.272569679733426,-0.5133299369613008,Premium Buyers
C0066,Individual,Melanie,Holland,1974-12-25,F,USA,California,Investment,3,No,Client,50.1,Domestic,USA,4,1107164.17,276791.0425,366314.0,932.7550000000001,1365.73,4,0.25,2024-01-04,2025-01-12,374,0,True,1,-1.2769935049980408,1.649302201024223,Financed Value Seekers
C0067,Individual,Enrique,Cardenas,1977-06-10,M,USA,California,Personal Use,2,No,Website,47.6,Domestic,USA,5,1431941.84,286388.368,468196.39,851.818,1401.81,4,0.2,2024-01-04,2025-01-10,372,2,False,1,-0.09027362062330163,2.214308490431836,Financed Value Seekers
C0068,Individual,Helen,Williamson,1966-02-26,F,USA,Colorado,Personal Use,5,Yes,Agency,58.9,Domestic,USA,4,1572779.33,393194.8325,459558.39,1450.2925,1741.96,4,0.25,2024-01-05,2025-01-10,371,2,False,2,1.6490816184986197,0.29389504402525884,Premium Buyers
C0069,Individual,Isis,Rios,1970-04-01,M,USA,California,Investment,4,No,Website,54.8,Domestic,USA,5,1439142.47,287828.494,479080.93,957.588,1487.05,5,0.0,2024-01-02,2025-01-12,376,0,True,1,0.5682232687451383,2.8672172497567954,Financed Value Seekers
C0070,Individual,Kayley,Nielsen,1947-04-27,F,USA,Arizona,Personal Use,4,Yes,Website,77.7,Domestic,USA,5,1521570.62,304314.124,448702.07,1039.274,1501.64,4,0.2,2024-01-05,2025-01-09,370,3,False,1,0.5147088502545288,2.08186505709747,Financed Value Seekers
C0071,Individual,Donavan,Flowers,1985-12-27,M,USA,California,Personal Use,1,Yes,Client,39.0,Domestic,USA,5,1150384.09,230076.81800000003,415775.9,833.3799999999999,1722.28,5,0.0,2024-01-01,2025-01-07,372,5,False,1,-0.8675010983716022,3.1618230838679224,Financed Value Seekers
C0072,Individual,Augustus,Hinton,1953-02-03,M,USA,Nevada,Investment,2,No,Website,71.9,Domestic,USA,6,2246488.58,374414.76333333337,674634.08,1129.4916666666666,1797.81,5,0.16666666666666666,2024-01-03,2025-01-11,374,1,True,3,3.9059588089667443,2.6266860430812455,Portfolio Investors
C0073,Individual,Alejandra,Greer,1965-01-11,F,Denmark,Capital Region,Investment,1,No,Agency,60.0,International,Other,4,1413902.33,353475.5825,527107.1,1194.0325,1849.4,4,0.0,2024-01-03,2025-01-10,373,2,True,2,0.833659364744614,0.5858876311306899,Premium Buyers
C0074,Individual,Violet,Nixon,1959-01-01,F,USA,Oregon,Investment,5,No,Client,66.0,Domestic,USA,5,1709458.65,341891.73,573381.83,1138.044,1869.93,4,0.4,2024-01-06,2025-01-08,368,4,True,2,1.8087302551745625,1.487323523139111,Premium Buyers
C0075,Individual,Jaelyn,Berger,1970-05-05,F,USA,California,Personal Use,3,No,Website,54.7,Domestic,USA,4,1269395.74,317348.935,590971.72,1048.3425,1948.32,4,0.25,2024-01-06,2025-01-03,363,9,False,2,0.5411232235303243,0.8534038420930732,Premium Buyers
C0076,Individual,Tristian,Fuller,1956-03-13,M,USA,California,Personal Use,5,No,Agency,68.8,Domestic,USA,6,1905852.0899999999,317642.01499999996,534630.42,1067.28,1777.51,5,0.0,2024-01-02,2025-01-05,369,7,False,3,2.266038882687669,3.242072392853175,Portfolio Investors
C0077,Individual,Christian,Costa,1980-09-14,M,USA,California,Personal Use,5,No,Website,44.3,Domestic,USA,5,1880012.18,376002.436,590130.14,1191.826,1942.5,4,0.4,2024-01-05,2025-01-08,369,4,False,2,2.4541559731986426,1.1854147616476474,Premium Buyers
C0078,Individual,Nora,Lynch,1948-04-23,F,USA,California,Personal Use,5,No,Website,76.7,Domestic,USA,4,1685882.3900000001,421470.59750000003,485944.71,1415.63,1790.69,4,0.0,2024-01-01,2025-01-02,367,10,False,2,2.06804644365767,0.3179201719193173,Premium Buyers
C0079,Individual,Dangelo,Shea,1954-02-27,M,Belgium,Brussels,Investment,4,No,Website,70.9,International,Belgium,4,1456436.3,364109.075,579893.68,1219.0675,1833.96,4,0.5,2024-01-02,2025-01-11,375,1,True,2,1.4407975461221898,0.5048235780844499,Premium Buyers
C0080,Individual,Aiyana,Christensen,1949-01-16,F,USA,California,Investment,3,No,Website,76.0,Domestic,USA,5,1427531.56,285506.31200000003,502978.74,965.024,1926.19,4,0.0,2024-01-05,2025-01-09,370,3,True,1,0.3101305636995779,2.148243563132459,Financed Value Seekers
C0081,Individual,Sidney,Cline,1943-07-24,F,USA,California,Personal Use,4,Yes,Website,81.5,Domestic,USA,4,1522144.26,380536.065,655054.84,1252.745,1833.96,4,0.25,2024-01-03,2025-01-09,372,3,False,2,2.09197419911309,0.3469352815836091,Premium Buyers
C0082,Individual,Kaitlin,Owen,1981-12-26,F,USA,Virginia,Investment,5,No,Client,43.0,Domestic,USA,5,1282267.95,256453.59,336673.91,884.2239999999999,1322.66,4,0.0,2024-01-01,2025-01-12,377,0,True,1,-1.0710287757625023,2.649820969808158,Financed Value Seekers
C0083,Individual,Issac,Edwards,1938-10-29,M,USA,California,Personal Use,5,No,Website,86.2,Domestic,USA,6,1513641.46,252273.57666666666,360807.72,851.395,1089.77,5,0.0,2024-01-04,2025-01-10,372,2,False,1,0.0856119632268113,4.233779767996167,Financed Value Seekers
C0084,Individual,Zaiden,Merritt,1948-02-23,M,USA,Wyoming,Personal Use,3,No,Agency,76.9,Domestic,USA,5,1762231.92,352446.38399999996,517695.89,1083.6119999999999,1499.47,5,0.4,2024-01-01,2025-01-04,369,8,False,2,1.9374346445156203,2.307515826171528,Premium Buyers
C0085,Individual,Iris,Larsen,1966-09-14,M,USA,California,Personal Use,4,Yes,Agency,58.3,Domestic,USA,4,1185505.46,296376.365,480842.09,986.395,1496.62,4,0.0,2024-01-08,2025-01-11,369,1,False,1,-0.38277049371601735,1.3526670670855396,Financed Value Seekers
C0086,Individual,Grace,Stein,1968-12-20,F,USA,California,Personal Use,3,Yes,Website,56.1,Domestic,USA,5,1928188.6099999999,385637.72199999995,525721.08,1354.634,1900.58,5,0.0,2024-01-05,2025-01-10,371,2,False,2,2.888008698925869,1.7715580224974228,Premium Buyers
C0087,Individual,Alessandra,Perry,1979-05-15,F,USA,California,Personal Use,4,No,Agency,45.7,Domestic,USA,4,1681153.28,420288.32,508371.29,1287.6625,1606.58,4,0.25,2024-01-10,2025-01-11,367,1,False,2,1.856222819470367,0.2706644509888718,Premium Buyers
C0088,Individual,Jamal,Mueller,1936-08-13,M,USA,Oregon,Investment,2,No,Website,88.4,Domestic,USA,6,1450519.57,241753.2616666667,308622.38,786.9733333333334,1138.18,5,0.16666666666666666,2024-01-03,2025-01-02,365,10,True,1,-0.5032328521913975,4.309173119772995,Financed Value Seekers
C0089,Individual,Irvin,Ellis,1949-11-14,M,USA,California,Personal Use,3,No,Agency,75.2,Domestic,USA,4,1041853.81,260463.4525,302297.34,854.79,1033.2,4,0.0,2024-01-02,2025-01-09,373,3,False,1,-1.9151367184976449,2.093825600416218,Financed Value Seekers
C0090,Individual,Terry,Forbes,1982-05-27,M,USA,California,Personal Use,5,No,Client,42.6,Domestic,USA,5,980850.4199999999,196170.08399999997,252200.58,703.798,785.12,5,0.0,2024-01-04,2025-01-08,370,4,False,1,-2.277880111445547,3.9716393605494296,Financed Value Seekers
C0091,Individual,Jacqueline,Grant,1959-11-13,F,USA,California,Personal Use,4,No,Website,65.2,Domestic,USA,4,1356644.74,339161.185,432448.91,1161.6775,1582.61,4,0.0,2024-01-03,2024-01-12,9,366,False,0,-0.2180855372367994,-0.5057909046471537,Core Growth Buyers
C0092,Individual,Brock,Fischer,1971-05-29,M,USA,Kansas,Personal Use,3,No,Website,53.6,Domestic,USA,8,2817926.96,352240.87,536812.04,1218.0425,1811.84,7,0.125,2024-01-01,2025-01-10,375,2,False,3,5.485198732333387,5.647469298512301,Portfolio Investors
C0093,Individual,Curtis,Howard,1962-09-11,M,USA,California,Personal Use,2,No,Agency,62.3,Domestic,USA,5,1732558.38,346511.676,438704.41,1196.466,1651.02,5,0.0,2024-01-03,2025-01-12,375,0,False,2,1.6041071072117097,2.307029461143907,Premium Buyers
C0094,Individual,Avah,Huang,1948-04-23,F,USA,California,Personal Use,5,No,Website,76.7,Domestic,USA,5,1062675.82,212535.16400000002,292598.12,692.664,854.74,4,0.2,2024-01-12,2025-01-12,366,0,False,1,-2.139981078426242,3.2800897820232118,Financed Value Seekers
C0095,Individual,Frank,Meyer,1964-03-16,M,USA,California,Personal Use,3,Yes,Agency,60.8,Domestic,USA,6,1668973.02,278162.17,384992.37,923.105,1222.34,4,0.3333333333333333,2024-01-03,2025-01-10,373,2,False,1,0.3034260009136319,3.036960070800265,Financed Value Seekers
C0096,Individual,Darien,Dorsey,1985-12-27,M,USA,California,Investment,3,Yes,Website,39.0,Domestic,USA,4,1363013.17,340753.2925,452667.01,1113.615,1604.75,4,0.0,2024-01-07,2025-01-11,370,1,True,1,0.22692304998873528,0.9564575910767232,Financed Value Seekers
C0097,Individual,Franklin,Mack,1943-06-18,M,USA,Virginia,Personal Use,5,Yes,Website,81.6,Domestic,USA,7,2189906.04,312843.72000000003,491025.48,1061.722857142857,1692.61,5,0.2857142857142857,2024-01-01,2025-01-04,369,8,False,3,2.838047622643456,4.0886796242191465,Portfolio Investors
C0098,Individual,Elena,Petrova,1949-06-22,F,Russia,Saint Petersburg,Personal Use,3,Yes,Agency,75.6,International,Other,4,1131592.65,282898.1625,427106.32,981.955,1365.73,4,0.0,2024-01-06,2024-01-11,5,367,False,0,-1.3428078043142357,-0.07521289153198091,Core Growth Buyers
C0099,Individual,Jack,Hanson,1941-12-01,M,USA,California,Investment,4,No,Website,83.1,Domestic,USA,6,2000308.58,333384.76333333337,417894.67,1201.5883333333334,1797.81,5,0.16666666666666666,2024-01-05,2025-01-05,366,7,True,3,2.243965735327544,3.2267345838705364,Portfolio Investors
C0100,Individual,Emmett,Estes,1969-06-05,M,USA,California,Personal Use,3,No,Website,55.6,Domestic,USA,4,1449544.65,362386.1625,526802.73,1174.44,1632.55,4,0.0,2024-01-05,2024-01-08,3,370,False,0,0.4972879273903471,-0.8969415620196746,Core Growth Buyers
C0101,Individual,Aniya,Miller,1951-03-02,F,USA,Nevada,Personal Use,3,No,Website,73.9,Domestic,USA,4,1125013.8,281253.45,392645.79,874.345,1179.42,4,0.25,2024-01-11,2025-01-09,364,3,False,1,-1.1426229495162035,1.759749355695158,Financed Value Seekers
C0102,Individual,Jack,Anderson,1947-02-13,M,USA,California,Investment,5,Yes,Website,77.9,Domestic,USA,9,3403263.85,378140.4277777778,621956.37,1222.908888888889,1874.35,8,0.1111111111111111,2024-01-01,2025-01-11,376,1,True,3,7.6866805526994035,7.042182364041964,Portfolio Investors
C0103,Individual,Kael,Hurley,1973-12-15,M,USA,Colorado,Personal Use,3,No,Website,51.1,Domestic,USA,5,1483838.77,296767.754,408331.77,964.9799999999999,1582.79,4,0.0,2024-01-01,2025-01-09,374,3,False,1,-0.01666887217323503,2.208395812085095,Financed Value Seekers
C0104,Individual,Kamden,Stewart,1978-09-14,M,USA,California,Personal Use,5,No,Website,46.3,Domestic,USA,5,1677155.01,335431.002,510060.4,1090.3,1562.24,4,0.2,2024-01-04,2025-01-11,373,1,False,2,1.3002046229131903,1.6983890952119753,Premium Buyers
C0105,Individual,Aniyah,Ali,1959-11-03,F,USA,California,Investment,2,Yes,Website,65.2,Domestic,USA,5,1328084.36,265616.87200000003,338774.34,850.948,1044.69,5,0.4,2024-01-06,2025-01-09,369,3,True,1,-0.5850171166904914,3.2653137164135355,Financed Value Seekers
C0106,Individual,Simon,Bennett,1953-06-09,M,USA,Colorado,Personal Use,4,No,Website,71.6,Domestic,USA,4,957679.27,239419.8175,452919.18,820.9825000000001,1389.63,4,0.0,2024-01-08,2025-01-10,368,2,False,1,-1.485150033905262,1.9557706358570033,Financed Value Seekers
C0107,Individual,Laurel,Benitez,1959-08-06,M,USA,California,Personal Use,4,Yes,Agency,65.4,Domestic,USA,5,1715058.23,343011.646,537998.71,1102.66,1862.29,5,0.2,2024-01-01,2025-01-06,371,6,False,2,1.9148511055593072,2.2966972771191614,Premium Buyers
C0108,Individual,Trey,Strong,1958-12-20,M,USA,California,Personal Use,4,No,Agency,66.1,Domestic,USA,6,1998798.72,333133.12,583919.98,1104.1699999999998,1869.81,4,0.16666666666666666,2024-01-06,2025-01-08,368,4,False,2,2.440862330963122,2.269313181980381,Premium Buyers
C0109,Individual,Myah,Roman,1933-05-05,F,USA,California,Investment,5,Yes,Agency,91.7,Domestic,USA,5,1995551.0899999999,399110.218,579807.82,1285.854,1697.49,4,0.4,2024-01-01,2025-01-09,374,3,True,2,2.956646734306434,1.1664145698196529,Premium Buyers
C0110,Individual,Nyla,Blake,1959-06-05,F,USA,California,Investment,5,Yes,Agency,65.6,Domestic,USA,5,1205555.46,241111.092,487772.33,811.4019999999999,1669.84,5,0.0,2024-01-04,2025-01-08,370,4,True,1,-0.30448634905384697,3.2668981631159237,Financed Value Seekers
C0111,Individual,Kole,Shannon,1979-06-27,M,USA,Arizona,Personal Use,2,Yes,Website,45.5,Domestic,USA,4,1198421.22,299605.305,476038.28,896.7175,1360.96,4,0.0,2024-01-04,2025-01-07,369,5,False,1,-0.5809939669229629,1.3855177642682523,Financed Value Seekers
C0112,Individual,Melany,Glover,1960-10-01,F,USA,California,Investment,1,Yes,Agency,64.3,Domestic,USA,5,1775142.2,355028.44,619787.84,1115.986,1869.93,5,0.0,2024-01-05,2025-01-12,373,0,True,2,2.39996171276831,2.0129299372716836,Premium Buyers
C0113,Individual,Arthur,Bray,1949-07-14,M,USA,Utah,Investment,4,No,Agency,75.5,Domestic,USA,4,1414433.46,353608.365,535865.96,1186.715,1849.4,4,0.0,2024-01-01,2025-01-12,377,0,True,2,0.9911552415008404,0.8083275760903019,Premium Buyers
C0114,Individual,Kamila,Collier,1962-01-21,F,USA,California,Personal Use,1,Yes,Website,63.0,Domestic,USA,4,1124004.05,281001.0125,382143.98,932.9449999999999,1318.01,3,0.0,2024-01-01,2025-01-06,371,6,False,1,-1.5418927756024523,0.9214663461607654,Financed Value Seekers
C0115,Individual,Amanda,Simon,1978-12-03,F,USA,California,Personal Use,5,No,Agency,46.1,Domestic,USA,5,1757354.59,351470.918,460001.26,1143.692,1400.95,5,0.4,2024-01-03,2025-01-11,374,1,False,2,1.7560395112592657,2.3009661186242454,Premium Buyers
C0116,Individual,Erika,Steward,1955-08-07,F,USA,California,Investment,4,No,Website,69.4,Domestic,USA,8,2484590.08,310573.76,629574.18,1039.8925,1940.69,7,0.125,2024-01-01,2025-01-10,375,2,True,3,4.862118918396371,5.932045620517509,Portfolio Investors
C0117,Individual,Jakobe,Bailey,1964-10-06,M,UK,Scotland,Investment,4,No,Agency,60.3,International,UK,8,2884556.25,360569.53125,602366.78,1135.78625,1874.7,7,0.375,2024-01-03,2025-01-11,374,1,True,3,5.792098901969184,5.598208564964076,Portfolio Investors
C0118,Individual,Sonia,Choi,1948-11-09,F,USA,Oregon,Investment,5,No,Agency,76.2,Domestic,USA,4,1218377.19,304594.2975,461101.0,1009.1225,1689.08,4,0.25,2024-01-07,2025-01-02,361,10,True,1,-0.2700114018279107,1.358962440147504,Financed Value Seekers
C0119,Individual,Erika,Gallagher,1942-07-19,F,USA,California,Personal Use,1,Yes,Website,82.5,Domestic,USA,4,1603043.92,400760.98,527627.25,1399.315,1938.82,4,0.0,2024-01-03,2025-01-12,375,0,False,2,1.9253175471209847,0.2459216659723094,Premium Buyers
C0120,Individual,Madeline,Michael,1953-07-30,F,USA,California,Personal Use,4,Yes,Website,71.5,Domestic,USA,5,1753587.39,350717.478,577922.22,1243.96,1806.7,5,0.0,2024-01-05,2025-01-10,371,2,False,2,2.4923814241604756,2.0557086327035536,Premium Buyers
C0121,Individual,Bennett,Chen,1950-07-18,M,USA,Nevada,Personal Use,2,No,Website,74.5,Domestic,USA,5,1169150.31,233830.062,418772.73,806.688,1424.54,4,0.0,2024-01-08,2025-01-12,370,0,False,1,-1.1138499024284698,2.698436658260409,Financed Value Seekers
C0122,Individual,Belinda,Hogan,1973-08-18,F,USA,California,Personal Use,1,Yes,Agency,51.4,Domestic,USA,4,1412560.68,353140.17,550180.2,1085.975,1559.34,4,0.0,2024-01-03,2025-01-07,370,5,False,2,0.7610028524287632,0.7049766507354089,Premium Buyers
C0123,Individual,Johanna,Fisher,1962-08-25,F,USA,California,Personal Use,4,Yes,Website,62.4,Domestic,USA,5,1821348.69,364269.738,502456.39,1230.6599999999999,1599.81,5,0.0,2024-01-01,2025-01-08,373,4,False,2,2.2761960617515102,2.150164594080564,Premium Buyers
C0124,Individual,Jaylen,Turner,1963-07-15,F,USA,California,Personal Use,4,No,Agency,61.5,Domestic,USA,5,1613985.08,322797.016,367468.14,1184.6299999999999,1445.84,4,0.2,2024-01-04,2024-01-11,7,367,False,0,0.10557945260173626,0.28397310339637505,Core Growth Buyers
C0125,Individual,Michael,Juarez,1976-12-25,M,USA,Colorado,Personal Use,4,Yes,Agency,48.0,Domestic,USA,4,1341108.25,335277.0625,503351.9,1148.5475,1579.99,4,0.25,2024-01-02,2024-01-06,4,372,False,0,0.01946500763175086,-0.781070048411117,Core Growth Buyers
C0126,Individual,Adriana,Shaffer,1972-07-11,F,USA,California,Investment,2,No,Agency,52.5,Domestic,USA,5,1319929.46,263985.892,498779.18,850.052,1481.82,4,0.2,2024-01-03,2025-01-08,371,4,True,1,-0.28459350275564543,2.216205169758744,Financed Value Seekers
C0127,Individual,Julio,Leonard,1974-07-18,M,USA,Nevada,Personal Use,2,Yes,Website,50.5,Domestic,USA,4,967474.23,241868.5575,355073.4,765.085,1110.32,4,0.0,2024-01-02,2025-01-10,374,2,False,1,-2.1040982168110944,2.0851756900699523,Financed Value Seekers
C0128,Corporate,Abdiel,Co,1963-05-22,M,USA,Nevada,Investment,5,Yes,Website,61.6,Domestic,USA,5,1639392.9500000002,327878.59,535798.14,1054.034,1629.83,5,0.2,2024-01-05,2025-01-12,373,0,True,2,1.6301174633510744,2.490558836265259,Premium Buyers
C0129,Individual,Warren,Pugh,1973-07-17,M,USA,Arizona,Investment,5,No,Website,51.5,Domestic,USA,4,1748372.75,437093.1875,584468.16,1296.9850000000001,1833.96,4,0.25,2024-01-03,2025-01-11,374,1,True,2,2.488607820777143,0.14418134937350074,Premium Buyers
C0130,Individual,Luis,Crane,1959-04-20,M,USA,Nevada,Personal Use,3,Yes,Website,65.7,Domestic,USA,4,1488042.88,372010.72,509032.38,1215.035,1646.02,3,0.0,2024-01-09,2025-01-12,369,0,False,2,0.7680530110941318,-0.020542724808340743,Premium Buyers
C0131,Individual,Mohammad,Irwin,1971-12-02,M,USA,California,Personal Use,1,No,Website,53.1,Domestic,USA,5,1428058.5499999998,285611.70999999996,538931.69,928.7940000000001,1587.57,5,0.0,2024-01-01,2025-01-06,371,6,False,1,0.7110218973839779,2.6569084246205987,Financed Value Seekers
C0132,Individual,Davion,Stout,1965-07-20,M,USA,Nevada,Personal Use,1,Yes,Agency,59.5,Domestic,USA,4,1203775.04,300943.76,403463.16,1025.1775,1288.42,4,0.0,2024-01-10,2025-01-11,367,1,False,1,-0.6802074667457226,1.3193132273315882,Financed Value Seekers
C0133,Individual,Logan,Simmons,1946-09-14,M,USA,California,Investment,4,No,Agency,78.3,Domestic,USA,4,1449799.93,362449.9825,457718.07,1177.4025000000001,1476.63,4,0.0,2024-01-08,2025-01-10,368,2,True,2,0.7059358739006978,0.9383228530579842,Premium Buyers
C0134,Individual,Kaylin,Villarreal,1932-06-13,F,Russia,Novosibirsk,Investment,3,No,Website,92.6,International,Other,5,1761669.8699999999,352333.974,595167.57,1095.602,1811.36,4,0.0,2024-01-02,2025-01-12,376,0,True,2,1.9192539237315387,1.5904133441162944,Premium Buyers
C0135,Individual,Ruben,Melton,1939-03-05,M,USA,Utah,Investment,2,No,Agency,85.9,Domestic,USA,4,1221442.92,305360.73,446236.57,1043.6100000000001,1414.25,3,0.25,2024-01-06,2025-01-10,370,2,True,1,-0.6622988254602524,0.5988763126859068,Financed Value Seekers
C0136,Individual,Gianni,Fritz,1973-09-15,M,USA,California,Personal Use,3,No,Website,51.3,Domestic,USA,5,1892554.72,378510.944,550949.39,1244.274,1940.69,5,0.6,2025-01-01,2025-01-05,4,7,False,2,2.517199529529786,0.9970887745649888,Premium Buyers
C0137,Individual,Emilie,Morrison,1957-10-29,F,USA,California,Personal Use,3,Yes,Website,67.2,Domestic,USA,4,989750.45,247437.6125,328405.23,855.0699999999999,1006.65,4,0.25,2024-01-02,2024-01-12,10,366,False,0,-2.4093118671478027,0.4519731450330777,Core Growth Buyers
C0138,Individual,Crystal,Wyatt,1939-06-30,F,USA,Oregon,Investment,3,Yes,Website,85.5,Domestic,USA,5,1367824.55,273564.91000000003,362755.75,914.412,1232.2,5,0.4,2024-01-02,2025-01-11,375,1,True,1,-0.1772136181360973,3.227091772494525,Financed Value Seekers
C0139,Individual,Annabel,Robles,1969-10-14,F,USA,California,Personal Use,5,Yes,Website,55.2,Domestic,USA,5,1807366.3,361473.26,448450.76,1136.694,1481.32,5,0.0,2024-01-03,2025-01-07,370,5,False,2,1.8032438688727548,2.4199323162050606,Premium Buyers
C0140,Individual,Rachel,Cross,1952-06-18,F,USA,California,Personal Use,3,No,Website,72.6,Domestic,USA,5,1559561.53,311912.306,523923.26,1041.7220000000002,1757.4,5,0.2,2024-01-01,2025-01-06,371,6,False,2,1.3202393397249175,2.5396229838412863,Premium Buyers
C0141,Individual,Madalyn,Mercer,1986-06-21,F,USA,California,Personal Use,5,No,Website,38.6,Domestic,USA,5,1765019.09,353003.818,520595.39,1088.806,1610.37,5,0.2,2024-01-01,2025-01-10,375,2,False,2,1.9428475458183907,2.29278796744976,Premium Buyers
C0142,Individual,Michelle,Cameron,1978-06-04,F,USA,Nevada,Personal Use,3,Yes,Website,46.6,Domestic,USA,5,1673770.19,334754.038,479876.57,1149.396,1659.02,5,0.2,2024-01-08,2025-01-12,370,0,False,2,1.5864468818869084,2.2827998444718602,Premium Buyers
C0143,Individual,Ezra,Lozano,1958-02-24,M,USA,California,Personal Use,1,No,Website,66.9,Domestic,USA,8,2389960.3,298745.0375,512659.6,1008.6325,1604.75,8,0.125,2024-01-02,2025-01-10,374,2,False,3,4.34373277823491,6.813312706200812,Portfolio Investors
C0144,Individual,Ramiro,Oneill,1954-09-29,M,USA,California,Personal Use,4,No,Agency,70.3,Domestic,USA,5,1897739.74,379547.948,564424.34,1206.354,1577.36,5,0.0,2024-01-04,2025-01-04,366,8,False,2,2.7195532981835266,2.005359563403396,Premium Buyers
C0145,Individual,Emely,Watts,1964-11-30,F,USA,California,Personal Use,4,No,Website,60.1,Domestic,USA,5,1746571.55,349314.31,499388.61,1297.3200000000002,1795.66,5,0.2,2024-01-01,2025-01-05,370,7,False,2,2.204053747018668,2.0365910401686476,Premium Buyers
C0146,Individual,Hazel,Ayers,1963-02-01,M,USA,Colorado,Personal Use,2,No,Website,61.9,Domestic,USA,4,1481536.3900000001,370384.09750000003,540074.5,1242.6425,1920.65,4,0.0,2024-01-01,2024-01-05,4,373,False,0,0.7799752474072991,-1.0785168843035042,Core Growth Buyers
C0147,Individual,Cedric,Goodwin,1948-02-20,M,USA,Utah,Personal Use,4,No,Client,76.9,Domestic,USA,5,1398309.27,279661.854,509124.24,1000.47,1941.78,5,0.4,2024-01-02,2025-01-07,371,5,False,1,0.7637214416067238,2.7422433581284364,Financed Value Seekers
C0148,Individual,Dayton,Hatfield,1969-04-19,M,USA,Colorado,Investment,4,Yes,Agency,55.7,Domestic,USA,4,1700383.7,425095.925,597216.83,1413.5925,1897.17,4,0.0,2024-01-07,2025-01-07,366,5,True,2,2.548128931147932,-0.05589814625338721,Premium Buyers
C0149,Individual,Piotr,Aleksandrov,1955-12-02,M,Russia,Krasnodar Krai,Investment,3,No,Agency,69.1,International,Other,4,1049009.0,262252.25,343513.68,906.4850000000001,1241.14,4,0.25,2024-01-01,2024-01-11,10,367,True,0,-2.1260010606561517,0.23103937757975518,Core Growth Buyers
C0150,Individual,Memphis,Mcconnell,1968-08-25,M,USA,California,Personal Use,2,Yes,Website,56.4,Domestic,USA,4,1846066.58,461516.645,543777.59,1500.95,1790.7,4,0.0,2024-01-03,2025-01-04,367,8,False,2,2.903256764731226,-0.2716539867031031,Premium Buyers
C0151,Individual,Arabella,Ferrell,1976-08-17,F,USA,Oregon,Personal Use,1,No,Agency,48.4,Domestic,USA,5,1589086.32,317817.264,537546.81,1123.442,1629.83,5,0.0,2024-01-02,2025-01-04,368,8,False,2,1.486022881975646,2.1880963951366503,Premium Buyers
C0152,Individual,Sincere,Hansen,1967-01-19,F,USA,California,Investment,2,Yes,Agency,58.0,Domestic,USA,7,2539205.93,362743.7042857143,603518.77,1212.7585714285713,1678.17,6,0.0,2024-01-02,2025-01-07,371,5,True,3,4.693215420690917,4.031788458313414,Portfolio Investors
C0153,Individual,Lara,Carrillo,1983-02-24,F,USA,California,Personal Use,5,No,Website,41.9,Domestic,USA,5,1560375.26,312075.052,570549.18,944.0319999999999,1703.94,5,0.0,2024-01-04,2025-01-12,374,0,False,2,1.3198558769125162,2.6075112829837446,Premium Buyers
C0154,Individual,Valentina,Simpson,1965-01-24,F,USA,California,Personal Use,4,Yes,Agency,60.0,Domestic,USA,5,2142457.31,428491.462,669332.95,1390.49,1957.16,5,0.4,2024-01-02,2025-01-07,371,5,False,2,4.288100213096954,1.240322608373444,Premium Buyers
C0155,Corporate,Kamd,Co,1975-08-18,M,USA,California,Investment,5,No,Agency,49.4,Domestic,USA,5,1622885.53,324577.106,512459.69,1097.394,1629.83,5,0.2,2024-01-02,2025-01-05,369,7,True,2,1.504495354016743,2.381071171082067,Premium Buyers
C0156,Individual,Case,Sanchez,1966-05-26,F,USA,California,Personal Use,5,No,Website,58.6,Domestic,USA,4,1344903.47,336225.8675,409183.72,1102.105,1360.96,4,0.25,2024-01-03,2025-01-07,370,5,False,1,0.06194291300733932,1.180404783083386,Financed Value Seekers
C0157,Individual,Van,Charles,1952-05-15,M,USA,Colorado,Personal Use,2,Yes,Client,72.7,Domestic,USA,4,1060400.03,265100.0075,431549.73,830.7675,1188.51,4,0.0,2024-01-02,2025-01-02,366,10,False,1,-1.318201846853207,1.7849335932146704,Financed Value Seekers
C0158,Individual,Emmy,Singh,1979-12-03,F,USA,Virginia,Investment,3,Yes,Agency,45.1,Domestic,USA,4,1439477.66,359869.415,551363.7,1131.4975,1803.36,4,0.25,2024-01-06,2025-01-12,372,0,True,2,0.9910825164572117,0.6233226948601673,Premium Buyers
C0159,Individual,Colin,Campos,1942-04-14,M,USA,California,Personal Use,3,No,Website,82.7,Domestic,USA,4,1596507.45,399126.8625,477228.5,1336.7325,1582.61,4,0.0,2024-01-01,2025-01-09,374,3,False,2,1.5821488023801002,0.5241224222673807,Premium Buyers
C0160,Individual,Anya,Stephenson,1959-06-11,F,USA,California,Personal Use,4,No,Website,65.6,Domestic,USA,5,1679716.96,335943.392,514747.26,1144.06,1795.66,5,0.4,2024-01-05,2025-01-09,370,3,False,2,1.8393294866763483,2.2923665586660076,Premium Buyers
C0161,Individual,Parker,Poole,1951-11-10,M,USA,California,Personal Use,5,No,Website,73.2,Domestic,USA,9,2534264.26,281584.91777777777,411233.36,939.4144444444444,1408.42,7,0.1111111111111111,2024-01-01,2025-01-04,369,8,False,3,3.8607653357865397,7.321986665591248,Portfolio Investors
C0162,Individual,Ivan,Bright,1953-09-15,M,USA,California,Personal Use,4,No,Website,71.3,Domestic,USA,4,1135363.52,283840.88,434121.6,983.24,1532.89,4,0.25,2024-01-09,2025-01-12,369,0,False,1,-0.6830082276601601,1.5323687773539414,Financed Value Seekers
C0163,Individual,Larry,Turner,1986-03-24,M,USA,Utah,Investment,5,Yes,Agency,38.8,Domestic,USA,4,1506594.21,376648.5525,472632.31,1307.32,1590.69,4,0.25,2025-01-01,2025-01-11,10,1,True,2,0.9373119778183012,-0.2950189172833743,Premium Buyers
C0164,Individual,Matthew,Nelson,1986-09-20,M,USA,Arizona,Personal Use,5,No,Website,38.3,Domestic,USA,4,1436152.54,359038.135,513021.02,1196.7975,1618.34,4,0.0,2024-01-07,2025-01-09,368,3,False,2,0.9479192762925728,0.6977421278274465,Premium Buyers
C0165,Individual,Mary,Hall,1956-07-11,F,USA,California,Personal Use,3,Yes,Website,68.5,Domestic,USA,3,1276849.33,425616.44333333336,539711.96,1357.1933333333334,1630.82,3,0.0,2024-01-05,2025-01-02,363,10,False,2,0.8903136216638827,-1.2895688296866656,Premium Buyers
C0166,Individual,Carolyn,Weaver,1984-01-24,F,USA,Arizona,Personal Use,4,Yes,Agency,41.0,Domestic,USA,4,1273643.37,318410.8425,602056.71,1025.3225,1926.19,4,0.0,2024-01-06,2025-01-12,372,0,False,2,0.5120266166225432,0.9039577563515206,Premium Buyers
C0167,Individual,Grace,Green,1955-02-02,F,UK,Scotland,Personal Use,3,Yes,Website,69.9,International,UK,7,2749577.33,392796.7614285714,535236.81,1320.3814285714286,1875.83,7,0.14285714285714285,2024-01-05,2025-01-11,372,1,False,3,5.514134536114162,4.683557104884307,Portfolio Investors
C0168,Individual,Pamela,Sanders,1960-06-06,F,USA,Nevada,Personal Use,3,No,Agency,64.6,Domestic,USA,4,1491785.87,372946.4675,475258.58,1329.6025,1874.7,4,0.0,2024-01-05,2025-01-11,372,1,False,2,1.182492991287324,0.5327139908819445,Premium Buyers
C0169,Individual,Terry,Turner,1990-08-13,M,USA,Ohio,Investment,5,Yes,Agency,34.4,Domestic,USA,3,688864.2,229621.4,311647.12,845.8633333333333,1188.51,3,0.6666666666666666,2024-01-04,2025-01-10,372,2,True,1,-3.2441844469977057,0.5994915606887755,Financed Value Seekers
C0170,Individual,Jacob,Jones,1949-06-13,M,USA,California,Personal Use,5,No,Website,75.6,Domestic,USA,3,1161316.17,387105.38999999996,525251.32,1339.7466666666667,1741.96,3,0.0,2024-01-11,2025-01-08,363,4,False,2,0.43079135905634985,-0.9620807853265994,Premium Buyers
C0171,Individual,Julie,Sanders,1991-05-05,F,USA,Washington,Investment,5,Yes,Client,33.7,Domestic,USA,4,1278753.71,319688.4275,373786.79,1070.72,1232.2,4,0.0,2024-01-02,2025-01-07,371,5,True,1,-0.48153083449560047,1.2903751110424326,Financed Value Seekers
C0172,Individual,Catherine,Carter,1992-09-16,F,USA,Washington,Personal Use,1,Yes,Agency,32.3,Domestic,USA,4,1681471.9100000001,420367.97750000004,484259.13,1572.79,1957.16,4,0.25,2024-01-01,2025-01-04,369,8,False,2,2.2024313679494147,-0.3271305907947873,Premium Buyers
C0173,Individual,Amber,Wilson,1976-07-20,F,USA,Arizona,Personal Use,5,Yes,Agency,48.5,Domestic,USA,8,2619968.43,327496.05375,521184.68,1074.5925,1833.58,7,0.0,2024-01-01,2025-01-05,370,7,False,3,4.666463392569298,5.986967433405245,Portfolio Investors
C0174,Individual,Rachel,Harris,1982-07-06,F,USA,California,Investment,3,No,Client,42.5,Domestic,USA,3,865359.73,288453.24333333335,386354.65,869.7866666666667,1283.67,3,0.0,2024-01-02,2024-01-03,1,375,True,0,-2.8354353681035174,-1.3430343986239794,Core Growth Buyers
C0175,Individual,Brandon,Alexander,1962-04-05,M,USA,Washington,Personal Use,5,No,Agency,62.8,Domestic,USA,4,1606138.1199999999,401534.52999999997,634424.32,1313.38,1898.39,4,0.5,2024-01-02,2025-01-08,372,4,False,2,2.3643262009529673,0.10595027382124003,Premium Buyers
C0176,Individual,Hannah,Williams,1993-06-27,F,USA,California,Personal Use,2,No,Website,31.5,Domestic,USA,6,2681927.91,446987.98500000004,526217.19,1514.8,1802.21,3,0.0,2024-01-04,2025-01-10,372,2,False,2,4.223974458321625,0.5629583782541033,Premium Buyers
C0177,Individual,Sarah,Hansen,1951-03-05,F,UK,England,Personal Use,5,Yes,Website,73.9,International,UK,7,2269897.21,324271.02999999997,524447.11,1160.9514285714286,1806.7,7,0.14285714285714285,2024-01-04,2025-01-11,373,1,False,3,4.057522726378766,5.213036298117647,Portfolio Investors
C0178,Individual,Laura,Chavez,1952-12-23,F,USA,Virginia,Personal Use,4,No,Agency,72.1,Domestic,USA,7,2665917.96,380845.42285714287,548503.64,1284.9985714285715,1616.99,7,0.2857142857142857,2024-01-06,2025-01-08,368,4,False,3,5.355785840877363,4.757924497926089,Portfolio Investors
C0179,Individual,Ashley,Turner,1986-02-11,F,USA,Oregon,Investment,2,No,Website,38.9,Domestic,USA,8,2131372.11,266421.51375,358234.23,947.5450000000001,1431.42,8,0.375,2024-01-01,2025-01-12,377,0,True,3,2.894139484430624,7.1716110114056475,Portfolio Investors
C0180,Individual,Jacob,Wilson,1943-01-28,M,USA,California,Personal Use,2,Yes,Agency,82.0,Domestic,USA,7,2660292.37,380041.76714285713,542668.47,1249.51,1719.85,7,0.14285714285714285,2024-01-01,2025-01-08,373,4,False,3,5.207819551371455,4.831279055538542,Portfolio Investors
C0181,Individual,Lawrence,Peterson,1970-04-26,M,USA,Texas,Personal Use,2,Yes,Website,54.7,Domestic,USA,7,2047189.62,292455.66000000003,350173.43,974.1771428571428,1300.91,7,0.14285714285714285,2024-01-01,2025-01-06,371,6,False,3,2.2654190136172008,5.769087163598785,Portfolio Investors
C0182,Individual,Virginia,Bennett,1971-12-02,F,Germany,North Rhine-Westphalia,Investment,1,Yes,Website,53.1,International,Germany,8,3082362.35,385295.29375,642233.35,1246.94625,1868.01,8,0.0,2024-01-01,2025-01-12,377,0,True,3,6.910064719194513,5.941659307123171,Portfolio Investors
C0183,Individual,Nicholas,Green,1988-09-15,M,USA,Nevada,Personal Use,3,No,Website,36.3,Domestic,USA,7,1883106.92,269015.27428571426,330298.49,907.1042857142857,1170.96,7,0.0,2024-01-08,2025-01-10,368,2,False,3,1.6176612908930714,5.963191055035602,Portfolio Investors
C0184,Individual,Peter,Pierce,1994-01-21,M,USA,Florida,Personal Use,1,No,Website,31.0,Domestic,USA,6,2618938.16,436489.69333333336,575737.82,1481.7150000000001,1920.65,5,0.0,2024-01-07,2025-01-11,370,1,False,3,4.9496503040817466,1.898531130508042,Portfolio Investors
C0185,Individual,Andrea,Nelson,1945-07-02,F,USA,Nevada,Personal Use,4,Yes,Agency,79.5,Domestic,USA,7,2491911.81,355987.40142857144,559547.45,1137.2942857142857,1795.66,7,0.0,2024-01-04,2025-01-08,370,4,False,3,4.683659119487219,5.118172330434025,Portfolio Investors
C0186,Individual,Carol,Green,1982-04-02,F,USA,Virginia,Personal Use,1,No,Website,42.8,Domestic,USA,8,2674286.63,334285.82875,535134.61,1100.27125,1629.74,5,0.0,2024-01-06,2025-01-09,369,3,False,3,4.108448166665008,4.370920712720106,Portfolio Investors
C0187,Individual,Cheryl,Kim,1990-01-17,F,USA,Florida,Personal Use,1,No,Website,35.0,Domestic,USA,6,2066651.1400000001,344441.8566666667,535002.72,1135.37,1757.51,5,0.3333333333333333,2024-01-03,2025-01-12,375,0,False,3,2.7445116866608914,2.7611109653819925,Portfolio Investors
C0188,Individual,Jose,Martin,1940-10-08,M,USA,Oregon,Personal Use,5,Yes,Website,84.3,Domestic,USA,7,2891447.6,413063.9428571429,615305.89,1263.962857142857,1797.81,7,0.2857142857142857,2024-01-08,2025-01-12,370,0,False,3,6.241630327995259,4.706848464596434,Portfolio Investors
C0189,Individual,Anna,Adams,1958-12-11,F,USA,California,Personal Use,2,No,Agency,66.1,Domestic,USA,7,2209659.42,315665.6314285714,631227.87,1024.6857142857143,1926.19,7,0.14285714285714285,2024-01-07,2025-01-03,362,9,False,3,4.0825291390272485,5.066850307570628,Portfolio Investors
C0190,Individual,Karen,Johnson,1971-10-19,F,USA,California,Personal Use,2,No,Website,53.2,Domestic,USA,7,2276701.17,325243.02428571426,518963.51,1049.1542857142856,1628.68,7,0.14285714285714285,2024-01-02,2025-01-08,372,4,False,3,3.7637969171394867,5.2345063665321625,Portfolio Investors
C0191,Individual,Sarah,Turner,1977-05-06,F,USA,Florida,Personal Use,3,No,Agency,47.7,Domestic,USA,8,2172926.7600000002,271615.84500000003,374700.13,913.8512499999999,1401.0,6,0.375,2024-01-01,2025-01-08,373,4,False,3,2.2884573414831326,5.8202736667939865,Portfolio Investors
C0192,Individual,Margaret,Moore,1984-02-04,F,Belgium,Brussels,Investment,2,Yes,Website,40.9,International,Belgium,7,2900509.0999999996,414358.4428571428,609045.19,1304.7214285714288,1816.63,7,0.2857142857142857,2024-01-02,2025-01-12,376,0,True,3,6.132165389354975,4.341978153621171,Portfolio Investors
C0193,Individual,Sharon,Campbell,1968-08-09,F,USA,California,Investment,4,Yes,Website,56.4,Domestic,USA,7,1933778.2399999998,276254.03428571427,525419.08,962.7214285714286,1728.84,7,0.42857142857142855,2024-01-04,2025-01-10,372,2,True,3,2.8816581426515495,5.511490844450184,Portfolio Investors
C0194,Individual,Jonathan,Hall,1953-08-18,M,France,Ile-de-France,Personal Use,5,Yes,Website,71.4,International,France,7,2759372.27,394196.03857142857,610038.08,1237.292857142857,1795.66,7,0.2857142857142857,2024-01-07,2025-01-10,369,2,False,3,5.791404890363673,4.707878239464794,Portfolio Investors
C0195,Individual,Sean,Jones,1947-06-19,M,USA,California,Personal Use,2,Yes,Website,77.6,Domestic,USA,7,2102233.85,300319.12142857147,486957.94,1029.2714285714285,1655.05,7,0.2857142857142857,2024-01-01,2025-01-12,377,0,False,3,3.2253988170027443,5.480004155953201,Portfolio Investors
C0196,Individual,Alexander,Adams,1957-04-22,M,USA,Nevada,Investment,5,No,Agency,67.7,Domestic,USA,6,2611736.44,435289.4066666667,605691.78,1411.9466666666667,1890.0,6,0.0,2024-01-02,2025-01-09,373,3,True,3,5.417679707898529,2.9327204737644874,Portfolio Investors
C0197,Individual,Kevin,Wright,1944-07-01,M,USA,Virginia,Personal Use,4,No,Client,80.5,Domestic,USA,8,2775768.6,346971.075,590525.42,1082.87,1832.17,5,0.0,2024-01-04,2025-01-11,373,1,False,3,4.683148003401819,4.530078200004398,Portfolio Investors
C0198,Individual,Michelle,White,1976-01-28,F,USA,California,Personal Use,4,No,Website,49.0,Domestic,USA,8,2399689.67,299961.20875,510536.52,997.5475,1599.44,7,0.0,2024-01-02,2025-01-10,374,2,False,3,3.977014341545089,6.195710281448696,Portfolio Investors
C0199,Individual,Ryan,Brown,1958-04-13,M,USA,California,Personal Use,3,No,Agency,66.8,Domestic,USA,7,2582959.87,368994.26714285713,596863.29,1162.7385714285715,1829.38,7,0.14285714285714285,2024-01-02,2025-01-12,376,0,False,3,5.1126860845046265,4.880078767317671,Portfolio Investors
C0200,Individual,Linda,Harris,1944-05-06,F,USA,California,Personal Use,1,No,Agency,80.7,Domestic,USA,4,1071359.3900000001,267839.84750000003,410486.46,920.7075,1528.05,4,0.0,2024-01-01,2024-01-11,10,367,False,0,-1.7139437894416416,0.11197128076120372,Core Growth Buyers
C0201,Individual,Lauren,Weaver,1968-02-13,F,USA,California,Personal Use,1,No,Agency,56.9,Domestic,USA,4,1298787.54,324696.885,402705.53,1147.435,1499.47,4,0.25,2024-01-01,2025-01-02,367,10,False,1,-0.13382148147298045,0.9637349749808279,Financed Value Seekers
C0202,Individual,Jack,Reyes,1996-11-11,M,Canada,British Columbia,Personal Use,1,No,Website,28.2,International,Canada,3,1019272.5900000001,339757.53,446358.88,1049.3799999999999,1307.35,3,0.3333333333333333,2024-01-05,2025-01-06,367,6,False,1,-1.1675114013776273,-0.5833468913732573,Financed Value Seekers
C0203,Individual,Christine,Brooks,1956-05-18,F,USA,California,Personal Use,4,No,Client,68.7,Domestic,USA,4,1242478.83,310619.7075,596471.37,916.0375,1653.93,4,0.0,2024-01-01,2025-01-02,367,10,False,1,0.22422612839708994,1.2149964188944222,Financed Value Seekers
C0204,Individual,Joyce,Pierce,1947-01-10,F,USA,California,Personal Use,5,No,Agency,78.0,Domestic,USA,3,934432.98,311477.66,354252.16,1042.7266666666667,1294.85,3,0.3333333333333333,2024-01-12,2025-01-06,360,6,False,1,-1.7462836465077616,0.07940183702711306,Financed Value Seekers
C0205,Individual,Kelly,Nelson,1968-08-26,F,Mexico,Puebla,Personal Use,1,Yes,Agency,56.4,International,Other,3,949224.48,316408.16,390197.22,1072.7266666666667,1341.67,3,0.3333333333333333,2024-01-08,2025-01-12,370,0,False,1,-1.6083837964434764,-0.3071990004640777,Financed Value Seekers
C0206,Individual,Nancy,Roberts,1957-05-08,F,USA,California,Personal Use,1,Yes,Agency,67.7,Domestic,USA,3,853060.9299999999,284353.6433333333,378709.68,851.4266666666667,1033.2,3,0.0,2024-01-01,2025-01-06,371,6,False,1,-2.4256723281003985,0.3408222913488724,Financed Value Seekers
C0207,Individual,Kyle,Gray,1944-11-19,M,USA,Virginia,Investment,4,No,Website,80.1,Domestic,USA,3,889948.76,296649.58666666667,533390.74,1104.51,1787.13,3,0.0,2024-01-01,2024-01-10,9,368,True,0,-1.4765057853763215,-1.8157625623741418,Core Growth Buyers
C0208,Individual,Mark,James,1986-03-26,M,France,Provence,Personal Use,4,Yes,Agency,38.8,International,France,4,1199654.38,299913.595,528026.75,997.4100000000001,1657.19,4,0.25,2024-01-02,2025-01-02,366,10,False,1,-0.13505917160637684,1.0383718156325652,Financed Value Seekers
C0209,Individual,Kyle,Moore,1949-08-22,M,USA,Arizona,Investment,3,No,Agency,75.4,Domestic,USA,4,979868.13,244967.0325,277921.61,794.1275,911.94,4,0.25,2024-01-04,2025-01-11,373,1,True,1,-2.3146178935812367,2.2573816947758685,Financed Value Seekers
C0210,Individual,Janice,Price,1943-03-24,F,USA,Colorado,Personal Use,2,No,Website,81.8,Domestic,USA,4,1346156.55,336539.1375,567823.18,1135.53,1832.17,4,0.0,2024-01-03,2025-01-10,373,2,False,2,0.8399768229457325,0.8486206096937969,Premium Buyers
C0211,Individual,Amy,Evans,1972-02-23,F,USA,California,Personal Use,3,No,Agency,52.9,Domestic,USA,4,1254240.07,313560.0175,514096.93,1053.27,1699.02,4,0.25,2024-01-06,2025-01-10,370,2,False,1,0.1204933179217686,1.0131085532040767,Financed Value Seekers
C0212,Individual,Jacob,Wood,1956-03-23,M,USA,California,Personal Use,4,No,Agency,68.8,Domestic,USA,3,1068278.76,356092.92,408993.51,1224.68,1397.58,3,0.0,2024-01-01,2025-01-02,367,10,False,1,-0.735612654269418,-0.5111702768636739,Financed Value Seekers
C0213,Individual,Jason,Gray,1976-10-23,M,USA,Florida,Investment,5,No,Agency,48.2,Domestic,USA,3,809691.13,269897.04333333333,361389.54,897.3100000000001,1224.71,3,0.3333333333333333,2024-01-05,2025-01-08,369,4,True,1,-2.498269251434067,0.3671490893322599,Financed Value Seekers
C0214,Individual,Helen,Wood,1946-07-18,F,Belgium,Brussels,Investment,5,No,Website,78.5,International,Belgium,3,1070534.6400000001,356844.88000000006,481085.34,1179.5233333333333,1739.03,3,0.0,2024-01-03,2025-01-10,373,2,True,1,-0.4456778039349131,-0.48430376731305963,Financed Value Seekers
C0215,Individual,Lauren,Foster,1999-07-11,F,Germany,Hamburg,Investment,4,No,Website,25.5,International,Germany,3,1032856.46,344285.48666666663,501616.65,1110.27,1678.17,3,0.0,2024-01-04,2024-01-06,2,372,True,0,-1.2463199443014825,-2.2350728487965132,Core Growth Buyers
C0216,Individual,Albert,Hansen,1999-07-19,M,USA,Utah,Personal Use,1,No,Website,25.5,Domestic,USA,4,1352642.3399999999,338160.58499999996,392569.11,1063.04,1388.61,4,0.25,2024-01-03,2025-01-10,373,2,False,1,-0.20373281955285438,0.9988529454675317,Financed Value Seekers
C0217,Individual,Deborah,Miller,1984-07-11,F,USA,Colorado,Personal Use,3,No,Website,40.5,Domestic,USA,4,1238434.91,309608.7275,512052.93,1019.1225,1623.8,4,0.0,2024-01-02,2025-01-10,374,2,False,1,-0.03435519533177496,1.1135202781872158,Financed Value Seekers
C0218,Individual,Shirley,Anderson,1970-01-24,F,USA,California,Personal Use,2,No,Website,55.0,Domestic,USA,3,836639.27,278879.75666666665,371174.41,913.6700000000001,1131.0,3,0.3333333333333333,2024-01-05,2025-01-10,371,2,False,1,-2.3317510366647953,0.23361751151011034,Financed Value Seekers
C0219,Individual,William,Turner,1988-01-20,M,USA,California,Personal Use,4,No,Website,37.0,Domestic,USA,4,1267653.57,316913.3925,639093.49,1035.1925,1855.14,4,0.25,2024-01-02,2025-01-12,376,0,False,2,0.7431187748665318,0.7904244819836435,Premium Buyers
C0220,Individual,Walter,Phillips,1951-06-06,M,Canada,Ontario,Investment,1,No,Website,73.6,International,Canada,3,1060812.68,353604.2266666666,521703.52,1101.55,1617.43,3,0.0,2024-01-01,2025-01-02,367,10,True,1,-0.5377268889694653,-0.6327013057692441,Financed Value Seekers
C0221,Corporate,Atlas,Co,1987-05-14,F,USA,California,Personal Use,5,No,Website,37.7,Domestic,USA,4,1377133.5999999999,344283.39999999997,538973.07,1186.5225,1894.96,4,0.0,2024-01-11,2025-01-10,365,2,False,2,0.8674257198306634,0.706443472386666,Premium Buyers
C0222,Individual,Christopher,Stone,1956-11-08,M,USA,Utah,Investment,3,No,Agency,68.2,Domestic,USA,3,1223560.82,407853.6066666667,421263.63,1517.47,1582.61,3,0.0,2024-01-06,2025-01-01,361,11,True,2,0.4039643180176854,-1.2704158448768987,Premium Buyers
C0223,Individual,Patrick,Hansen,1973-11-12,M,USA,Colorado,Investment,3,Yes,Website,51.2,Domestic,USA,4,969341.87,242335.4675,304478.01,837.5225,1093.92,4,0.0,2024-01-03,2025-01-07,370,5,True,1,-2.1973455415966447,2.0934725752096743,Financed Value Seekers
C0224,Individual,Nathan,Richardson,1960-08-23,M,USA,Colorado,Personal Use,5,No,Website,64.4,Domestic,USA,3,1189255.63,396418.5433333333,539103.37,1330.2166666666667,1849.4,3,0.0,2024-01-01,2025-01-09,374,3,False,2,0.5667080570720475,-1.031630594636759,Premium Buyers
C0225,Individual,Evelyn,Reyes,1948-12-19,F,USA,California,Personal Use,1,Yes,Agency,76.1,Domestic,USA,4,1120626.94,280156.735,405353.74,905.7525,1237.23,4,0.25,2024-01-01,2025-01-12,377,0,False,1,-1.0832653341710936,1.6302424639206547,Financed Value Seekers
C0226,Individual,Julia,Jordan,1958-07-11,F,USA,Colorado,Personal Use,2,No,Website,66.5,Domestic,USA,3,1571251.03,523750.3433333333,675765.41,1599.3433333333332,1925.28,3,0.0,2024-01-05,2025-01-05,366,7,False,2,3.0422051840049185,-2.3744282889078767,Premium Buyers
C0227,Individual,Rachel,Evans,1944-10-23,F,USA,Arizona,Personal Use,5,Yes,Website,80.2,Domestic,USA,3,942245.37,314081.79,499753.6,1104.51,1787.13,3,0.0,2024-01-01,2025-01-10,375,2,False,1,-0.9111778215029935,-0.19309590979444397,Financed Value Seekers
C0228,Individual,Hannah,Owens,1952-04-23,F,USA,Oregon,Investment,4,No,Website,72.7,Domestic,USA,3,606605.72,202201.90666666665,306527.75,610.62,792.27,3,0.3333333333333333,2024-01-02,2025-01-05,369,7,True,1,-3.9936901890560548,1.2936227364255324,Financed Value Seekers
C0229,Individual,Jose,Turner,1981-11-19,M,USA,Colorado,Investment,5,No,Website,43.1,Domestic,USA,3,892220.13,297406.71,355384.51,900.46,1075.42,3,0.0,2024-01-03,2025-01-09,372,3,True,1,-2.2542893994531186,0.3386437348800528,Financed Value Seekers
C0230,Corporate,Forsyte,Co,1977-07-22,M,USA,Nevada,Investment,4,Yes,Website,47.5,Domestic,USA,4,1457429.02,364357.255,567272.16,1104.2925,1659.02,4,0.0,2024-01-02,2025-01-08,372,4,True,2,1.0782423453971766,0.7270033983250462,Premium Buyers
C0231,Individual,Ronald,Rogers,1993-12-18,M,Denmark,Central Denmark,Investment,2,Yes,Website,31.1,International,Other,3,729893.08,243297.69333333333,367286.05,849.6366666666667,1297.3,3,0.0,2024-01-04,2025-01-02,364,10,True,1,-3.0057560311749296,0.3735854756983275,Financed Value Seekers
C0232,Individual,Megan,Kim,1962-05-04,F,USA,California,Personal Use,3,Yes,Website,62.7,Domestic,USA,4,1276710.4900000002,319177.62250000006,556388.88,1036.6525,1809.87,4,0.0,2024-01-01,2025-01-05,370,7,False,2,0.36159995254954136,1.0320516244065896,Premium Buyers
C0233,Individual,Larry,Garcia,1997-09-10,M,France,Provence,Personal Use,4,Yes,Website,27.3,International,France,4,1105806.54,276451.635,427127.89,914.3125,1328.53,4,0.0,2024-01-03,2025-01-03,366,9,False,1,-1.0953508086479935,1.484075661696603,Financed Value Seekers
C0234,Individual,Andrea,Hughes,1979-03-02,F,USA,New York,Personal Use,1,Yes,Website,45.9,Domestic,USA,3,839967.04,279989.01333333337,439529.6,973.09,1495.13,3,0.0,2025-01-04,2025-01-07,3,5,False,1,-2.2170174894868286,-0.8180014257469401,Financed Value Seekers
C0235,Individual,Kenneth,Allen,1949-10-10,M,USA,California,Personal Use,5,No,Website,75.3,Domestic,USA,4,1268586.58,317146.645,427566.1,1092.085,1383.05,4,0.0,2024-01-02,2025-01-12,376,0,False,1,-0.09972721052932548,1.3654802038900917,Financed Value Seekers
C0236,Individual,Gerald,Howard,1972-08-10,M,Canada,Manitoba,Personal Use,3,No,Agency,52.4,International,Canada,3,1321475.69,440491.89666666667,627817.81,1449.5,1841.5,3,0.6666666666666666,2024-01-07,2024-01-12,5,366,False,0,1.1582190725612587,-3.476697700061829,Core Growth Buyers
C0237,Individual,Jason,Nelson,1984-11-03,M,USA,California,Personal Use,5,Yes,Website,40.2,Domestic,USA,3,1392353.31,464117.77,501441.18,1630.1366666666665,1766.89,3,0.0,2024-01-08,2025-01-09,367,3,False,2,1.642175875022963,-1.8289681802672684,Premium Buyers
C0238,Individual,Amber,Patterson,1982-01-08,F,USA,Virginia,Personal Use,4,Yes,Agency,43.0,Domestic,USA,3,1125732.72,375244.24,472802.29,1125.17,1562.55,3,0.0,2024-01-05,2024-01-11,6,367,False,0,-0.9603361775055912,-2.220776202985598,Core Growth Buyers
C0239,Individual,Megan,Baker,1973-02-18,F,USA,Oregon,Personal Use,3,Yes,Website,51.9,Domestic,USA,4,1352763.67,338190.9175,561242.82,1011.5799999999999,1587.26,4,0.5,2024-01-09,2025-01-08,365,4,False,2,0.617298062492577,0.856036886034866,Premium Buyers
C0240,Individual,Amber,Morales,1942-05-15,F,USA,Colorado,Investment,3,No,Website,82.7,Domestic,USA,3,935028.28,311676.0933333333,414273.14,1022.67,1428.55,3,0.6666666666666666,2024-01-09,2025-01-12,369,0,True,1,-1.4606856255260656,-0.06764466538259828,Financed Value Seekers
C0241,Individual,Kelly,Anderson,1962-01-14,F,Mexico,Nuevo Leon,Personal Use,5,Yes,Website,63.0,International,Other,3,1025934.71,341978.23666666663,486971.08,1110.27,1678.17,3,0.0,2024-01-03,2024-01-12,9,366,False,0,-1.2337819768488165,-1.9829075087118986,Core Growth Buyers
C0242,Individual,Stephen,Peterson,1998-03-16,M,USA,Utah,Personal Use,3,Yes,Agency,26.8,Domestic,USA,4,1358315.73,339578.9325,478633.51,1191.1025,1858.65,4,0.25,2024-01-02,2025-01-07,371,5,False,2,0.48540334425642806,0.6531134543846135,Premium Buyers
C0243,Individual,Nancy,Patterson,1978-07-11,F,USA,Utah,Personal Use,2,No,Website,46.5,Domestic,USA,4,1382777.8900000001,345694.47250000003,497893.52,1286.2725,1941.78,4,0.0,2024-01-02,2025-01-07,371,5,False,2,0.8405175795173114,0.5538766143326408,Premium Buyers
C0244,Individual,Joyce,Pierce,1998-08-03,F,USA,California,Personal Use,1,No,Website,26.4,Domestic,USA,3,1046652.28,348884.0933333333,540440.51,1095.0333333333335,1562.93,3,0.6666666666666666,2025-01-05,2025-01-08,3,4,False,0,-0.7021520934646923,-1.6896105172563038,Core Growth Buyers
C0245,Individual,Sean,Long,1974-01-07,M,USA,Nevada,Investment,4,No,Agency,51.0,Domestic,USA,3,1354584.5,451528.1666666667,648020.11,1439.256666666667,1938.82,3,0.0,2024-01-03,2025-01-12,375,0,True,2,1.8117916239067107,-1.7516480983547735,Premium Buyers
C0246,Individual,Stephen,Pierce,1992-05-15,M,France,Normandy,Personal Use,1,Yes,Agency,32.7,International,France,3,1024485.26,341495.08666666667,369524.95,1117.9399999999998,1164.55,3,0.3333333333333333,2025-01-03,2025-01-07,4,5,False,1,-1.6445465039625664,-1.3274308145397251,Financed Value Seekers
C0247,Individual,Kevin,Morris,1965-01-18,M,USA,California,Personal Use,1,No,Website,60.0,Domestic,USA,4,1696540.52,424135.13,553756.62,1458.93,1859.83,4,0.0,2024-01-12,2025-01-07,361,5,False,2,2.397680077025234,-0.11818453015339662,Premium Buyers
C0248,Individual,Carl,Collins,1968-12-09,M,USA,Florida,Personal Use,4,Yes,Agency,56.1,Domestic,USA,3,1035934.63,345311.54333333333,371257.45,1224.68,1397.58,3,0.3333333333333333,2024-01-02,2024-01-09,7,369,False,0,-1.5068609427977822,-2.0702417742025623,Core Growth Buyers
C0249,Individual,Stephanie,Montgomery,1968-12-05,F,USA,California,Investment,4,No,Agency,56.1,Domestic,USA,4,1142995.52,285748.88,489564.98,1027.3249999999998,1809.87,4,0.0,2024-01-06,2025-01-02,362,10,True,1,-0.4198662996524066,1.2652877299886764,Financed Value Seekers
C0250,Individual,Justin,Stewart,1947-10-19,M,UK,England,Personal Use,2,No,Agency,77.2,International,UK,3,982306.66,327435.55333333334,459717.65,1076.69,1519.64,3,0.0,2024-01-01,2025-01-01,366,11,False,1,-1.141879277997583,-0.3357232156798555,Financed Value Seekers
C0251,Individual,Janice,Chavez,1976-08-11,F,USA,Utah,Personal Use,5,No,Website,48.4,Domestic,USA,3,463611.95,154537.31666666668,211507.17,564.01,738.34,3,0.0,2024-01-07,2025-01-06,365,6,False,1,-5.108960149629237,1.7376868028241816,Financed Value Seekers
C0252,Individual,Elizabeth,Rogers,1953-08-23,F,USA,Nevada,Investment,2,No,Website,71.4,Domestic,USA,3,1082221.48,360740.49333333335,527700.01,1209.64,1829.38,3,0.3333333333333333,2024-01-01,2025-01-09,374,3,True,2,-0.11682221715646454,-0.8131514856677212,Premium Buyers
C0253,Individual,Betty,Hughes,1994-09-15,F,USA,Virginia,Personal Use,4,No,Website,30.3,Domestic,USA,4,1239226.11,309806.5275,486893.64,1052.8325,1629.83,4,0.0,2024-01-02,2024-01-05,3,373,False,0,-0.5992032307498667,-0.5081153212259703,Core Growth Buyers
C0254,Individual,Rachel,Freeman,1956-07-21,F,USA,Florida,Personal Use,5,No,Website,68.5,Domestic,USA,4,1332152.57,333038.1425,499070.64,1096.3725,1690.62,4,0.0,2024-01-04,2025-01-09,371,3,False,2,0.4266747359354411,1.112919728775017,Premium Buyers
C0255,Individual,Sara,Jones,1961-02-08,F,UK,England,Investment,3,Yes,Client,63.9,International,UK,4,1689083.06,422270.765,598112.26,1253.3075,1717.49,4,0.0,2024-01-01,2025-01-05,370,7,True,2,2.179941764520374,0.19173685996027157,Premium Buyers
C0256,Individual,Anthony,Hughes,1990-12-10,M,USA,California,Personal Use,1,Yes,Website,34.1,Domestic,USA,3,1150229.15,383409.7166666666,574185.82,1281.3166666666666,1897.17,3,0.0,2024-01-10,2025-01-12,368,0,False,2,0.3635834026984541,-1.2538236779837497,Premium Buyers
C0257,Individual,Nicholas,Kim,1974-10-22,M,USA,California,Personal Use,1,No,Website,50.2,Domestic,USA,3,1145456.23,381818.74333333335,534131.64,1277.84,1765.37,3,0.3333333333333333,2024-01-02,2025-01-05,369,7,False,2,0.22009157958516307,-1.1662069458893463,Premium Buyers
C0258,Individual,Carl,Murray,1991-04-15,M,UK,Northern Ireland,Personal Use,4,Yes,Agency,33.7,International,UK,3,1001712.37,333904.12333333335,525651.46,1173.1833333333334,1790.69,3,0.0,2024-01-08,2025-01-05,363,7,False,1,-0.6113334091601796,-0.7586247567894959,Financed Value Seekers
C0259,Individual,Emma,Chavez,1990-02-15,F,USA,Oregon,Personal Use,4,No,Website,34.9,Domestic,USA,3,779396.4099999999,259798.80333333332,327070.05,842.68,1051.39,3,0.0,2024-01-02,2024-01-11,9,367,False,0,-3.429648010160123,-1.0136462092234446,Core Growth Buyers
C0260,Individual,Rebecca,Wood,1946-08-04,F,USA,Nevada,Investment,3,No,Website,78.4,Domestic,USA,4,1057192.79,264298.1975,387130.78,820.9225,1157.23,4,0.5,2024-01-09,2025-01-10,367,2,True,1,-1.4468400281375138,1.9005764240384868,Financed Value Seekers
C0261,Corporate,Celera,Co,1985-05-13,F,USA,Florida,Investment,4,Yes,Website,39.7,Domestic,USA,4,2094623.1,523655.775,553392.84,1676.3825,1874.35,4,0.25,2024-01-08,2025-01-10,368,2,True,2,4.0816102954988205,-0.8204325532532959,Premium Buyers
C0262,Individual,Billy,Bryant,1947-05-25,M,USA,Oregon,Personal Use,2,No,Website,77.6,Domestic,USA,3,1233260.4,411086.8,507625.15,1359.24,1615.98,3,0.0,2024-01-11,2025-01-06,361,6,False,2,0.5835939811426205,-1.1635488231935043,Premium Buyers
C0263,Individual,Anthony,Garcia,1981-08-02,M,USA,Nevada,Investment,2,Yes,Website,43.4,Domestic,USA,3,969140.41,323046.80333333334,377230.63,1016.7633333333333,1163.06,3,0.0,2025-01-01,2025-01-11,10,1,True,1,-1.9574441296620706,-0.8803245365634003,Financed Value Seekers
C0264,Individual,Melissa,Baker,1992-09-12,F,USA,Colorado,Personal Use,2,Yes,Agency,32.3,Domestic,USA,4,1127766.02,281941.505,343865.15,972.245,1181.69,4,0.25,2024-01-01,2025-01-03,368,9,False,1,-1.2992905675334063,1.45549406128124,Financed Value Seekers
C0265,Corporate,Celera,Co,1967-04-13,M,Belgium,Flanders,Personal Use,1,No,Website,57.8,International,Belgium,4,1708031.99,427007.9975,629727.03,1293.0725,1657.84,4,0.25,2024-01-05,2025-01-11,372,1,False,2,2.4831817584230778,-0.06495160157642293,Premium Buyers
C0266,Individual,Aaron,Owens,1977-02-26,M,USA,California,Personal Use,5,Yes,Agency,47.9,Domestic,USA,3,931646.38,310548.79333333333,423535.41,1078.7866666666666,1479.84,3,0.3333333333333333,2024-01-02,2025-01-04,368,8,False,1,-1.4073181733790887,-0.23035942743886204,Financed Value Seekers
C0267,Individual,Judy,Howard,1948-11-12,F,USA,Utah,Personal Use,4,Yes,Agency,76.2,Domestic,USA,4,1314495.01,328623.7525,426946.49,1096.12,1557.0,4,0.0,2024-01-04,2025-01-11,373,1,False,1,0.001005126581437428,1.2520816362523446,Financed Value Seekers
C0268,Individual,Danielle,Carter,1959-02-21,F,USA,Georgia,Investment,3,No,Website,65.9,Domestic,USA,4,1108939.8599999999,277234.96499999997,425894.16,900.39,1253.18,4,0.25,2024-01-02,2024-01-11,9,367,True,0,-1.507741418830148,0.07087536245663123,Core Growth Buyers
C0269,Individual,David,Stewart,1969-02-04,M,USA,New York,Personal Use,2,No,Agency,55.9,Domestic,USA,3,1049110.08,349703.36000000004,536079.52,1076.69,1519.64,3,0.3333333333333333,2024-01-09,2025-01-12,369,0,False,1,-0.4907918935519044,-0.6631011571658789,Financed Value Seekers
C0270,Individual,Megan,Allen,1944-07-21,F,USA,Florida,Personal Use,5,No,Website,80.5,Domestic,USA,3,924009.9,308003.3,389694.82,983.4266666666667,1264.43,3,0.3333333333333333,2024-01-11,2025-01-08,363,4,False,1,-1.6973514699057186,0.1632725971373753,Financed Value Seekers
C0271,Individual,Laura,Hughes,1972-04-28,F,USA,California,Investment,3,No,Agency,52.7,Domestic,USA,4,1295689.37,323922.3425,479460.4,1024.3375,1260.31,4,0.5,2024-01-04,2025-01-12,374,0,True,1,0.05174537202374389,1.0619108610678025,Financed Value Seekers
C0272,Individual,Pamela,Green,1993-08-03,F,UK,Scotland,Personal Use,5,Yes,Website,31.4,International,UK,4,1439584.37,359896.0925,535120.87,1248.58,1941.62,4,0.0,2024-01-01,2025-01-07,372,5,False,2,1.121595582514489,0.5056676950117364,Premium Buyers
C0273,Individual,Paul,Morales,1987-02-27,M,Denmark,Zealand,Investment,2,No,Website,37.9,International,Other,3,682452.64,227484.21333333335,341971.22,801.46,1179.42,3,0.0,2024-01-02,2025-01-07,371,5,True,1,-3.3680226355736202,0.6220055663826415,Financed Value Seekers
C0274,Individual,Raymond,Young,1950-10-01,M,USA,Florida,Personal Use,2,No,Website,74.3,Domestic,USA,3,1343449.34,447816.4466666667,623754.36,1467.89,1902.88,3,0.0,2024-01-01,2024-01-07,6,371,False,0,1.2378927737015073,-3.2969714967414854,Core Growth Buyers
C0275,Individual,William,Thompson,2000-06-26,M,USA,Oregon,Personal Use,1,Yes,Website,24.5,Domestic,USA,4,1237500.3,309375.075,394827.74,1177.3375,1618.34,4,0.25,2024-01-06,2025-01-12,372,0,False,1,-0.3275439753906619,0.9038782813830675,Financed Value Seekers
C0276,Individual,Gloria,Harris,1953-02-16,F,USA,Washington,Personal Use,5,No,Website,71.9,Domestic,USA,3,1011195.98,337065.32666666666,419401.36,1164.9766666666667,1615.98,3,0.0,2024-01-01,2025-01-02,367,10,False,1,-0.9568553060694567,-0.28656035438834365,Financed Value Seekers
C0277,Individual,Jordan,Garcia,1954-11-17,M,USA,Colorado,Investment,1,Yes,Agency,70.2,Domestic,USA,3,1123449.53,374483.1766666667,510899.59,1286.4266666666667,1712.06,3,0.0,2024-01-09,2025-01-12,369,0,True,2,0.005482692240842434,-0.9695729509488717,Premium Buyers
C0278,Individual,Margaret,Foster,1955-08-03,F,USA,California,Investment,2,Yes,Website,69.4,Domestic,USA,3,1442538.67,480846.2233333333,598158.07,1685.2766666666666,1938.82,3,0.0,2024-01-05,2024-01-11,6,367,True,0,1.8691982738288242,-3.7424973744174896,Core Growth Buyers
C0279,Individual,Heather,Montgomery,1967-05-15,F,USA,Oregon,Personal Use,1,No,Website,57.7,Domestic,USA,3,1012986.25,337662.0833333333,462143.05,1170.3533333333332,1693.0,3,0.0,2024-01-02,2024-01-04,2,374,False,0,-1.3450743126067404,-2.1737695425636474,Core Growth Buyers
C0280,Individual,Nathan,Price,1944-04-14,M,USA,Florida,Personal Use,4,No,Client,80.7,Domestic,USA,4,1282020.93,320505.2325,473146.44,1154.2525,1677.84,4,0.25,2024-01-01,2025-01-04,369,8,False,1,0.2733573319873657,1.0525294662482554,Financed Value Seekers
C0281,Individual,Katherine,Phillips,1977-03-22,F,USA,California,Personal Use,1,Yes,Agency,47.8,Domestic,USA,3,1256275.37,418758.4566666667,522943.88,1388.4566666666667,1713.09,3,0.3333333333333333,2024-01-08,2025-01-12,370,0,False,2,0.7540670095548392,-1.4876139481433175,Premium Buyers
C0282,Individual,Emily,Owens,1997-10-18,F,USA,California,Investment,1,No,Website,27.2,Domestic,USA,4,973863.8,243465.95,315993.38,858.9825,1157.23,4,0.25,2024-01-01,2025-01-07,372,5,True,1,-2.1339072866473994,1.8184381459392327,Financed Value Seekers
C0283,Individual,Susan,Edwards,1962-05-12,F,USA,Arizona,Personal Use,2,Yes,Agency,62.7,Domestic,USA,4,1118599.47,279649.8675,503401.23,922.54,1669.84,4,0.25,2024-01-01,2025-01-07,372,5,False,1,-0.60054567078275,1.366213772608449,Financed Value Seekers
C0284,Individual,Patrick,Owens,1977-02-25,M,USA,Arizona,Personal Use,4,No,Client,47.9,Domestic,USA,4,1251975.85,312993.9625,452041.67,994.0725,1410.88,4,0.0,2024-01-08,2025-01-04,362,8,False,1,-0.326020948463587,1.2780467922407661,Financed Value Seekers
C0285,Individual,Billy,Parker,1999-03-09,M,France,Ile-de-France,Investment,3,No,Website,25.8,International,France,4,1679056.13,419764.0325,575785.08,1423.1725,1868.01,4,0.0,2024-01-07,2025-01-08,367,4,True,2,2.3172811608884283,-0.17595526027174963,Premium Buyers
C0286,Individual,Noah,Brooks,1996-03-24,M,UK,Scotland,Personal Use,1,No,Agency,28.8,International,UK,3,859353.0900000001,286451.03,335095.0,988.6033333333334,1069.19,3,0.0,2024-01-09,2025-01-08,365,4,False,1,-2.4503631562509365,-0.0041662163699743605,Financed Value Seekers
C0287,Individual,Joan,Bell,1990-06-10,F,Australia,New South Wales,Personal Use,5,No,Website,34.6,International,Other,3,1171265.03,390421.6766666667,483565.19,1205.9633333333334,1285.87,3,0.3333333333333333,2024-01-09,2025-01-08,365,4,False,2,-0.05344120863349925,-0.9395846575552651,Premium Buyers
C0288,Individual,Kevin,Freeman,1997-11-03,M,USA,Colorado,Investment,4,No,Agency,27.2,Domestic,USA,4,1364289.23,341072.3075,556972.3,1198.3725,1866.15,4,0.0,2024-01-02,2025-01-06,370,6,True,2,0.8641995402603155,0.5618381944764403,Premium Buyers
C0289,Individual,Laura,Hayes,1993-06-14,F,USA,California,Investment,5,No,Agency,31.6,Domestic,USA,4,1533862.35,383465.5875,465791.79,1200.2725,1599.44,4,0.25,2024-01-01,2025-01-09,374,3,True,2,1.0187129740940126,0.6190102132990732,Premium Buyers
C0290,Individual,Ryan,Watson,1962-01-01,M,USA,California,Personal Use,2,No,Website,63.0,Domestic,USA,3,1215398.18,405132.7266666666,618068.19,1337.1733333333334,1738.5,3,0.3333333333333333,2024-01-01,2025-01-05,370,7,False,2,1.0293037017853095,-1.4317781053426377,Premium Buyers
C0291,Individual,James,Bryant,1953-07-06,M,USA,Nevada,Personal Use,2,No,Agency,71.5,Domestic,USA,3,1322506.76,440835.58666666667,578696.13,1523.6933333333334,1897.17,3,0.0,2024-01-02,2025-01-12,376,0,False,2,1.5393234827174687,-1.6960783018939334,Premium Buyers
C0292,Individual,Karen,Watson,1945-12-02,F,USA,California,Personal Use,1,No,Agency,79.1,Domestic,USA,4,1442818.3399999999,360704.58499999996,562572.19,1084.0625,1618.34,4,0.0,2024-01-06,2025-01-07,367,5,False,2,0.9579727845415205,0.7675127346292422,Premium Buyers
C0293,Individual,Ruth,Collins,1993-07-01,F,USA,California,Investment,4,No,Website,31.5,Domestic,USA,4,1580876.65,395219.1625,555343.32,1299.3274999999999,1899.92,4,0.0,2024-01-03,2025-01-08,371,4,True,2,1.7466173648325285,0.2585680691009005,Premium Buyers
C0294,Individual,Nicholas,Reyes,1963-07-17,M,USA,Nevada,Personal Use,3,Yes,Website,61.5,Domestic,USA,4,1027250.91,256812.7275,483003.01,825.1324999999999,1448.68,4,0.25,2024-01-01,2025-01-02,367,10,False,1,-1.1311203811819857,1.6805356273742271,Financed Value Seekers
C0295,Individual,Roger,Harris,1967-09-07,M,Russia,Tatarstan,Personal Use,3,No,Agency,57.3,International,Other,3,1350375.73,450125.24333333335,628455.63,1413.8666666666668,1720.95,3,0.0,2024-01-11,2025-01-06,361,6,False,2,1.608637076780592,-1.7611178967881382,Premium Buyers
C0296,Individual,Mark,Young,1984-04-06,M,Canada,Manitoba,Personal Use,1,Yes,Client,40.8,International,Canada,3,1142875.46,380958.48666666663,449749.3,1238.0233333333333,1519.64,3,0.0,2024-01-02,2025-01-08,372,4,False,2,-0.3836325068967761,-0.9483310061099675,Premium Buyers
C0297,Individual,Julia,Murray,1972-11-19,F,UK,Wales,Investment,5,No,Agency,52.1,International,UK,4,1709184.75,427296.1875,549203.19,1422.9925,1874.7,4,0.0,2024-01-03,2024-01-08,5,370,True,0,1.8455596247979469,-1.567194586836702,Core Growth Buyers
C0298,Individual,Sarah,Patterson,1972-11-10,F,USA,Oregon,Personal Use,3,No,Website,52.2,Domestic,USA,4,1262479.23,315619.8075,565653.37,1069.63,1941.78,4,0.25,2024-01-03,2025-01-12,375,0,False,2,0.4499649699174888,0.9109156581903125,Premium Buyers
C0299,Individual,Barbara,Davis,1977-05-03,F,UK,Wales,Personal Use,5,No,Agency,47.7,International,UK,4,1177661.76,294415.44,495541.93,948.7574999999999,1552.34,4,0.0,2024-01-01,2025-01-02,367,10,False,1,-0.4454781801444715,1.329701519502208,Financed Value Seekers
C0300,Individual,Zachary,Peterson,1959-04-11,M,Canada,Alberta,Personal Use,5,Yes,Website,65.8,International,Canada,3,844956.55,281652.18333333335,294620.75,877.9633333333333,948.04,3,0.0,2024-01-08,2025-01-08,366,4,False,1,-2.7449488803951456,0.5958252550050926,Financed Value Seekers
C0301,Individual,Lisa,Alexander,1959-03-02,F,USA,Virginia,Personal Use,4,No,Agency,65.9,Domestic,USA,3,1045776.52,348592.17333333334,452486.22,1286.4266666666667,1712.06,3,0.0,2024-01-06,2024-01-11,5,367,False,0,-0.9924805682480367,-2.2437930914210655,Core Growth Buyers
C0302,Individual,Maria,Edwards,1976-07-25,F,USA,Utah,Investment,1,No,Agency,48.5,Domestic,USA,4,1654300.33,413575.0825,712128.48,1239.145,1926.19,4,0.5,2024-01-07,2025-01-11,370,1,True,2,2.6229406244916387,-0.17507751004433228,Premium Buyers
C0303,Individual,Betty,Owens,1957-07-10,F,USA,Virginia,Investment,5,Yes,Website,67.5,Domestic,USA,4,1519113.12,379778.28,464094.48,1242.0825,1599.81,4,0.25,2024-01-10,2025-01-03,359,9,True,2,1.1188905010357653,0.6919105178349815,Premium Buyers
C0304,Individual,Patrick,Morris,1959-12-22,M,USA,California,Investment,1,No,Agency,65.1,Domestic,USA,4,1685753.28,421438.32,664971.32,1333.5625,1821.59,4,0.0,2024-01-08,2025-01-11,369,1,True,2,2.6362294095824548,-0.10331410310857142,Premium Buyers
C0305,Individual,Emily,Kim,1995-11-22,F,USA,Arizona,Personal Use,1,No,Website,29.1,Domestic,USA,3,1327736.23,442578.74333333335,561574.14,1493.243333333333,1833.96,3,0.3333333333333333,2024-01-12,2025-01-06,360,6,False,2,1.3748924685708868,-1.91648651163647,Premium Buyers
C0306,Individual,Samuel,Foster,1988-04-05,M,USA,California,Personal Use,1,No,Client,36.8,Domestic,USA,4,1399698.79,349924.6975,493102.83,1075.5049999999999,1618.34,4,0.25,2024-01-03,2025-01-11,374,1,False,2,0.4469537761785632,0.7710357986372849,Premium Buyers
C0307,Individual,Samuel,Freeman,1992-10-13,M,USA,California,Personal Use,5,Yes,Client,32.2,Domestic,USA,4,1490170.3800000001,372542.59500000003,500020.84,1167.105,1445.84,4,0.25,2024-01-03,2025-01-08,371,4,False,2,0.9989916220903312,0.6414728802642657,Premium Buyers
C0308,Individual,Catherine,Roberts,1972-10-10,F,Belgium,Flanders,Investment,4,Yes,Agency,52.3,International,Belgium,3,1176582.54,392194.18,528227.73,1343.8166666666666,1588.14,3,0.0,2024-01-04,2025-01-12,374,0,True,2,0.38644917628848086,-1.1517727099840323,Premium Buyers
C0309,Individual,Stephanie,Cox,1957-10-15,F,USA,Washington,Personal Use,4,No,Agency,67.2,Domestic,USA,3,1382649.58,460883.19333333336,578028.54,1412.2166666666665,1755.18,3,0.3333333333333333,2024-01-02,2025-01-09,373,3,False,2,1.6108958868943821,-1.6090413759985056,Premium Buyers
C0310,Individual,Edward,Weaver,1992-05-02,M,UK,Northern Ireland,Personal Use,3,No,Website,32.7,International,UK,3,1389329.62,463109.87333333335,525344.23,1565.3233333333335,1816.78,3,0.0,2024-01-05,2025-01-05,366,7,False,2,1.5348392336468122,-1.9138784539378497,Premium Buyers
C0311,Individual,Justin,Anderson,1952-03-09,M,USA,Georgia,Personal Use,2,No,Website,72.8,Domestic,USA,4,1632999.56,408249.89,582311.86,1312.8225,1869.81,4,0.25,2024-01-02,2025-01-08,372,4,False,2,2.1442303995253207,0.1887114816185079,Premium Buyers
C0312,Individual,Zachary,Cooper,1941-01-14,M,USA,Nevada,Personal Use,3,Yes,Website,84.0,Domestic,USA,4,1105668.66,276417.165,363263.79,962.3199999999999,1231.75,4,0.0,2024-01-05,2025-01-05,366,7,False,1,-1.1911596078292916,1.7730557375995282,Financed Value Seekers
C0313,Corporate,Stratos,Co,1974-04-12,M,USA,California,Personal Use,1,No,Agency,50.8,Domestic,USA,3,1091085.9300000002,363695.31000000006,467065.87,1190.3133333333333,1414.25,3,0.3333333333333333,2024-01-08,2025-01-01,359,11,False,1,-0.49641572254862865,-0.868710442683323,Financed Value Seekers
C0314,Individual,Andrew,Jones,1982-08-23,M,USA,Washington,Investment,4,No,Agency,42.4,Domestic,USA,3,1040795.02,346931.67333333334,417096.92,1138.4233333333334,1365.73,3,0.3333333333333333,2024-01-07,2024-01-12,5,366,True,0,-1.4727292372142315,-2.078769957370035,Core Growth Buyers
C0315,Individual,Michael,Phillips,1987-03-18,M,Mexico,Baja California,Investment,5,No,Website,37.8,International,Other,4,1178606.56,294651.64,560474.88,979.6775,1898.39,4,0.25,2024-01-07,2025-01-10,369,2,True,1,-0.04600580709113413,1.0998364713280329,Financed Value Seekers
C0316,Individual,Brandon,Martin,1997-04-14,M,UK,Scotland,Investment,4,Yes,Website,27.7,International,UK,4,1792447.27,448111.8175,541632.06,1338.8999999999999,1657.84,4,0.25,2024-01-01,2025-01-08,373,4,True,2,2.4031771026382764,-0.056237296343406545,Premium Buyers
C0317,Individual,Amber,Hansen,1999-11-17,F,USA,California,Investment,2,Yes,Website,25.2,Domestic,USA,3,1248444.31,416148.10333333333,518973.54,1451.2533333333333,1678.17,3,0.0,2024-01-02,2025-01-02,366,10,True,2,0.7611861199735841,-1.5731492946337526,Premium Buyers
C0318,Individual,Amy,Peterson,1974-03-22,F,Germany,Berlin,Personal Use,5,No,Website,50.8,International,Germany,3,871968.67,290656.2233333333,330533.73,927.6066666666666,1138.32,3,0.0,2024-01-06,2024-01-10,4,368,False,0,-2.90838149630229,-1.2273787211886464,Core Growth Buyers
C0319,Corporate,Zynex,Co,1995-11-12,F,USA,Texas,Personal Use,5,Yes,Website,29.2,Domestic,USA,4,2061054.65,515263.6625,614698.11,1726.0575,1934.75,4,0.25,2024-01-04,2025-01-12,374,0,False,2,4.38609860245037,-0.9869561325169866,Premium Buyers
C0320,Individual,Tyler,Cox,1984-12-01,M,USA,Texas,Personal Use,3,Yes,Client,40.1,Domestic,USA,3,1317732.09,439244.03,569841.56,1465.92,1806.06,3,0.3333333333333333,2024-01-01,2024-01-02,1,376,False,0,0.8613114523604157,-3.356036787849817,Core Growth Buyers
C0321,Individual,Jesse,Cook,1992-01-12,M,USA,California,Investment,2,No,Agency,33.0,Domestic,USA,4,1701753.71,425438.4275,541634.06,1321.76,1603.33,4,0.0,2024-01-03,2025-01-04,367,8,True,2,2.0289656072290234,0.03507408687965351,Premium Buyers
C0322,Individual,Deborah,Moore,1996-12-25,F,USA,California,Personal Use,2,Yes,Website,28.0,Domestic,USA,3,1347002.93,449000.9766666666,591179.27,1445.2933333333333,1702.66,3,0.3333333333333333,2024-01-06,2025-01-07,367,5,False,2,1.515756255502783,-1.8757630402319423,Premium Buyers
C0323,Individual,Samantha,Hayes,1975-09-16,F,USA,California,Investment,2,Yes,Website,49.3,Domestic,USA,3,1230825.62,410275.2066666667,545057.23,1308.5133333333333,1616.99,3,0.3333333333333333,2024-01-07,2025-01-08,367,4,True,2,0.6426073796306389,-1.3151779584708398,Premium Buyers
C0324,Individual,Raymond,Parker,1993-06-14,M,USA,Washington,Personal Use,4,No,Website,31.6,Domestic,USA,3,1147121.25,382373.75,517353.17,1313.16,1675.74,3,0.3333333333333333,2024-01-09,2025-01-06,363,6,False,2,0.2359793678862923,-1.1692530778080943,Premium Buyers
C0325,Individual,Maria,Flores,1983-02-24,F,USA,California,Personal Use,5,Yes,Agency,41.9,Domestic,USA,4,1205175.56,301293.89,488081.56,1030.1225,1627.52,4,0.5,2024-01-01,2025-01-05,370,7,False,1,-0.14859895257742695,1.1154824487271284,Financed Value Seekers
C0326,Individual,Daniel,Reed,1958-05-10,M,USA,Oregon,Investment,4,Yes,Agency,66.7,Domestic,USA,4,1321975.5,330493.875,577426.88,1028.1275,1839.34,4,0.0,2024-01-06,2025-01-08,368,4,True,2,0.5760471372740956,0.9976414622765633,Premium Buyers
C0327,Individual,Elizabeth,Ward,1961-07-09,F,UK,Scotland,Personal Use,1,No,Agency,63.5,International,UK,4,1116366.72,279091.68,530962.64,933.355,1714.22,4,0.0,2024-01-06,2025-01-12,372,0,False,1,-0.5336550730273402,1.2874415358793454,Financed Value Seekers
C0328,Individual,William,Young,1946-10-22,M,USA,California,Personal Use,1,Yes,Client,78.2,Domestic,USA,4,1356560.31,339140.0775,504707.33,1030.21,1484.99,4,0.0,2024-01-03,2025-01-10,373,2,False,1,0.32186459263694,1.0704017248267403,Financed Value Seekers
C0329,Individual,Diane,Morales,1998-10-05,F,Germany,Hesse,Personal Use,3,No,Agency,26.3,International,Germany,3,770062.4,256687.46666666667,337233.0,922.6666666666666,1196.84,3,0.0,2024-01-03,2025-01-10,373,2,False,1,-2.8499223223930663,0.2968945732161156,Financed Value Seekers
C0330,Individual,Christian,Richardson,1975-06-21,M,USA,California,Personal Use,1,No,Website,49.6,Domestic,USA,4,1331463.63,332865.9075,453899.37,1146.9925,1678.3,4,0.0,2024-01-04,2025-01-06,368,6,False,1,0.18871553414031336,0.882634490481252,Financed Value Seekers
C0331,Individual,Ann,Martin,1984-05-23,F,USA,California,Investment,3,No,Agency,40.6,Domestic,USA,4,1546334.4,386583.6,486548.28,1259.95,1590.69,4,0.25,2024-01-03,2025-01-06,369,6,True,2,1.241989970289759,0.41471536215911986,Premium Buyers
C0332,Individual,Christopher,Price,1989-12-15,M,USA,Texas,Investment,3,No,Website,35.1,Domestic,USA,3,1209987.46,403329.1533333333,510194.12,1435.6633333333332,1841.5,3,0.3333333333333333,2024-01-05,2025-01-10,371,2,True,2,0.6446791044841865,-1.432133269301274,Premium Buyers
C0333,Individual,Helen,Hall,1955-12-23,F,UK,Wales,Personal Use,3,No,Website,69.1,International,UK,3,1118960.06,372986.6866666667,544042.09,1203.39,1723.12,3,0.3333333333333333,2024-01-02,2025-01-04,368,8,False,2,0.071658934257738,-0.9148125062308882,Premium Buyers
C0334,Individual,Andrew,Roberts,1950-08-01,M,USA,Arizona,Investment,3,No,Agency,74.5,Domestic,USA,4,1445655.93,361413.9825,565288.74,1047.99,1528.05,4,0.5,2024-01-03,2024-01-12,9,366,True,0,0.5000979650584697,-0.7781934892338056,Core Growth Buyers
C0335,Individual,Charles,Morris,1975-12-24,M,USA,Arizona,Personal Use,4,No,Website,49.1,Domestic,USA,4,1478341.12,369585.28,593581.03,1190.4075,1817.64,4,0.5,2024-01-04,2025-01-10,372,2,False,2,1.5214996494279613,0.4355547867939233,Premium Buyers
C0336,Individual,Karen,Price,1971-11-17,F,USA,California,Investment,5,No,Agency,53.2,Domestic,USA,3,1163690.5899999999,387896.8633333333,627613.85,1226.8766666666668,1925.28,3,0.0,2024-01-03,2024-01-12,9,366,True,0,0.13920977432241505,-2.6574062938760377,Core Growth Buyers
C0337,Individual,Nathan,Alexander,1942-01-27,M,USA,Arizona,Personal Use,3,Yes,Website,83.0,Domestic,USA,3,759310.2,253103.4,405740.25,893.3766666666667,1428.55,3,0.0,2024-01-10,2025-01-04,360,8,False,1,-2.470651683945497,0.473115715343001,Financed Value Seekers
C0338,Individual,Patrick,Flores,1943-05-28,M,USA,California,Personal Use,5,Yes,Website,81.6,Domestic,USA,4,1488671.1300000001,372167.78250000003,539440.64,1227.17,1809.87,4,0.5,2024-01-02,2025-01-12,376,0,False,2,1.4475172520034767,0.6581945846205602,Premium Buyers
C0339,Individual,Keith,King,1963-10-05,M,USA,Utah,Investment,5,No,Agency,61.3,Domestic,USA,4,1548824.23,387206.0575,503290.73,1170.135,1501.64,4,0.0,2024-01-02,2025-01-12,376,0,True,2,1.2085628386692029,0.7594932793108835,Premium Buyers
C0340,Individual,Daniel,Garcia,1940-11-25,M,USA,California,Investment,2,No,Agency,84.1,Domestic,USA,3,1047500.4199999999,349166.80666666664,437506.24,1263.5766666666666,1697.13,3,0.0,2024-01-06,2025-01-11,371,1,True,1,-0.61481396066525,-0.5857525414095927,Financed Value Seekers
C0341,Individual,Carl,Chavez,1982-11-10,M,USA,California,Investment,4,No,Agency,42.2,Domestic,USA,4,1679555.42,419888.855,584357.04,1293.0725,1657.84,4,0.0,2024-01-03,2025-01-09,372,3,True,2,2.1729610374969996,0.14896664941772753,Premium Buyers
C0342,Individual,Kevin,Hughes,1974-08-15,M,USA,California,Investment,2,No,Client,50.4,Domestic,USA,3,1290567.3900000001,430189.13000000006,545582.64,1286.43,1561.55,3,0.0,2024-01-07,2025-01-09,368,3,True,2,0.7557848546468323,-1.3002136955968526,Premium Buyers
C0343,Individual,Joyce,Thompson,1952-06-17,F,USA,California,Personal Use,2,No,Website,72.6,Domestic,USA,4,1630923.97,407730.9925,626989.8,1374.585,1940.69,4,0.0,2024-01-02,2025-01-08,372,4,False,2,2.435151274853035,0.04433963370946106,Premium Buyers
C0344,Individual,Joshua,Jackson,1997-05-13,M,Canada,British Columbia,Personal Use,2,Yes,Website,27.7,International,Canada,4,1276344.68,319086.17,450231.11,1059.9375,1528.05,4,0.0,2025-01-04,2025-01-11,7,1,False,1,-0.4665518071028194,0.22153710760758555,Financed Value Seekers
C0345,Individual,Stephanie,Hall,1969-09-15,F,USA,New York,Personal Use,4,Yes,Website,55.3,Domestic,USA,3,1339687.25,446562.4166666667,495847.14,1510.3766666666668,1890.0,3,0.3333333333333333,2024-01-03,2025-01-08,371,4,False,2,1.2519856540131533,-1.5821243551696873,Premium Buyers
C0346,Individual,Amy,Nelson,1963-06-02,F,USA,California,Personal Use,5,No,Agency,61.6,Domestic,USA,3,1174812.8599999999,391604.2866666666,492067.86,1271.67,1642.26,3,0.0,2024-01-03,2025-01-05,368,7,False,2,0.1427466733642877,-0.8790070418267781,Premium Buyers
C0347,Individual,Mark,Reyes,1992-05-24,M,USA,Washington,Personal Use,3,Yes,Website,32.6,Domestic,USA,3,1378006.45,459335.48333333334,476814.14,1471.6200000000001,1631.48,3,0.6666666666666666,2024-01-05,2025-01-11,372,1,False,2,1.2116831647546498,-1.713919022627079,Premium Buyers
C0348,Individual,Jack,Pierce,1982-02-13,M,USA,Colorado,Investment,5,Yes,Agency,42.9,Domestic,USA,4,1482633.92,370658.48,571558.04,1246.7075,1904.38,4,0.0,2024-01-12,2025-01-10,364,2,True,2,1.4353589100458526,0.4454735014556153,Premium Buyers
C0349,Individual,Paul,Jackson,1975-06-26,M,USA,Arizona,Personal Use,2,Yes,Agency,49.5,Domestic,USA,3,1065745.84,355248.61333333334,536330.79,1124.5,1748.18,3,0.3333333333333333,2024-01-02,2025-01-09,373,3,False,2,-0.3496494531281861,-0.7904458358537694,Premium Buyers
C0350,Individual,Richard,Jones,1992-12-11,M,USA,Arizona,Personal Use,2,No,Agency,32.1,Domestic,USA,3,1066408.3,355469.43333333335,501574.06,1206.2733333333333,1713.09,3,0.3333333333333333,2024-01-07,2025-01-05,364,7,False,2,-0.39589946773865436,-0.9528024968873247,Premium Buyers
C0351,Individual,Michelle,Watson,1961-12-27,F,USA,Oregon,Personal Use,5,No,Agency,63.0,Domestic,USA,4,1551113.76,387778.44,536210.24,1260.0625,1795.66,4,0.25,2025-01-01,2025-01-11,10,1,False,2,1.343726131349016,-0.2837867423346595,Premium Buyers
C0352,Individual,Judith,Williams,1977-06-22,F,USA,Nevada,Investment,3,No,Agency,47.6,Domestic,USA,3,1339830.04,446610.01333333337,563932.05,1447.82,1802.24,3,0.0,2024-01-03,2024-01-09,6,369,True,0,0.8375103983463325,-3.230233309386319,Core Growth Buyers
C0353,Individual,Anna,Murray,1964-04-24,F,USA,Arizona,Personal Use,2,No,Agency,60.7,Domestic,USA,3,889855.16,296618.38666666666,348984.03,980.8699999999999,1198.57,3,0.0,2024-01-04,2025-01-12,374,0,False,1,-2.1728960249351874,0.1710410540939709,Financed Value Seekers
C0354,Individual,Kimberly,Turner,1998-10-23,F,USA,California,Personal Use,4,No,Website,26.2,Domestic,USA,3,962196.6000000001,320732.2,401828.82,1059.1499999999999,1440.71,3,0.3333333333333333,2024-01-02,2024-01-11,9,367,False,0,-1.9711815922715834,-1.854441783709615,Core Growth Buyers
C0355,Individual,Henry,Alexander,1951-10-16,M,Mexico,Baja California,Investment,1,No,Website,73.2,International,Other,3,1029593.97,343197.99,371216.81,1273.45,1369.96,3,0.0,2024-01-04,2025-01-05,367,7,True,1,-1.036459538892554,-0.5654153606052696,Financed Value Seekers
C0356,Individual,Andrea,Kim,1976-06-06,F,USA,Georgia,Personal Use,3,No,Website,48.6,Domestic,USA,4,964351.9,241087.975,356415.65,816.16,1070.46,4,0.0,2024-01-03,2025-01-11,374,1,False,1,-1.9913990855009094,2.0353182104003826,Financed Value Seekers
C0357,Individual,Danielle,Griffin,1988-04-09,F,USA,California,Personal Use,3,No,Website,36.8,Domestic,USA,3,970629.22,323543.0733333333,440318.57,1059.3466666666666,1525.34,3,0.3333333333333333,2024-01-02,2025-01-09,373,3,False,1,-1.2538139973143227,-0.355608000705202,Financed Value Seekers
C0358,Individual,Katherine,Griffin,1978-09-26,F,Australia,New South Wales,Personal Use,3,Yes,Agency,46.3,International,Other,3,1150919.74,383639.91333333333,448849.01,1240.6066666666666,1499.0,3,0.3333333333333333,2024-01-06,2024-01-11,5,367,False,0,-0.7676657256095868,-2.5210202010750042,Core Growth Buyers
C0359,Individual,Julie,Cooper,1951-03-10,F,USA,California,Investment,1,No,Agency,73.8,Domestic,USA,3,1098189.8900000001,366063.2966666667,504517.39,1308.5133333333333,1616.99,3,0.0,2024-01-05,2025-01-10,371,2,True,2,-0.06591973106609963,-0.9426234167942981,Premium Buyers
C0360,Individual,Laura,Baker,1948-09-09,F,USA,Utah,Personal Use,2,Yes,Agency,76.3,Domestic,USA,4,1978026.48,494506.62,563291.28,1676.3825,1874.35,4,0.0,2024-01-06,2025-01-12,372,0,False,2,3.7597177237474964,-0.6261389270947986,Premium Buyers
C0361,Individual,Nicholas,Miller,1958-09-08,M,UK,England,Personal Use,1,Yes,Website,66.3,International,UK,4,1468372.25,367093.0625,471871.72,1222.5974999999999,1703.94,4,0.25,2024-01-09,2024-01-11,2,367,False,0,0.37019888586171,-0.9874775498162462,Core Growth Buyers
C0362,Individual,Betty,Moore,2000-09-06,F,USA,Utah,Personal Use,4,No,Website,24.4,Domestic,USA,3,1129669.4,376556.4666666666,479711.66,1162.6166666666666,1496.62,3,0.0,2024-01-04,2025-01-07,369,5,False,2,-0.34979643218630097,-0.7779793664679657,Premium Buyers
C0363,Individual,Christine,Edwards,1959-01-25,F,USA,Utah,Investment,2,No,Client,66.0,Domestic,USA,4,1232301.44,308075.36,468524.95,929.6975,1191.96,4,0.25,2024-01-08,2025-01-05,363,7,True,1,-0.4150812985390656,1.3284721010069125,Financed Value Seekers
C0364,Individual,George,Gray,1944-03-02,M,USA,Texas,Personal Use,2,No,Website,80.9,Domestic,USA,4,1492505.18,373126.295,627189.08,1261.78,1862.29,4,0.5,2024-01-01,2024-01-07,6,371,False,0,1.3722919429161584,-1.2994591126106152,Core Growth Buyers
C0365,Individual,Brandon,Morales,1962-02-11,M,USA,Colorado,Investment,5,No,Agency,62.9,Domestic,USA,3,951259.9,317086.63333333336,435723.27,1164.9766666666667,1615.98,3,0.0,2024-01-07,2025-01-05,364,7,True,1,-1.146034241570922,-0.3006067316424803,Financed Value Seekers
C0366,Individual,Keith,Long,1983-04-26,M,USA,California,Personal Use,4,No,Website,41.7,Domestic,USA,3,1420135.32,473378.44,668066.43,1452.2633333333333,1827.25,3,0.6666666666666666,2024-01-03,2025-01-02,365,10,False,2,2.2644627109561095,-2.0811341538860306,Premium Buyers
C0367,Individual,Samuel,Collins,1964-11-25,M,USA,California,Investment,4,No,Agency,60.1,Domestic,USA,4,1662617.88,415654.47,593682.12,1269.065,1629.83,4,0.5,2024-01-07,2025-01-09,368,3,True,2,2.217987334096262,0.15823301762047476,Premium Buyers
C0368,Individual,Betty,Scott,1992-08-11,F,USA,California,Personal Use,4,Yes,Agency,32.4,Domestic,USA,4,1494552.45,373638.1125,589380.74,1136.215,1777.51,4,0.25,2024-01-02,2025-01-07,371,5,False,2,1.3557007178994707,0.4602389749158289,Premium Buyers
C0369,Individual,Helen,Murray,1954-10-01,F,USA,Utah,Personal Use,2,Yes,Agency,70.3,Domestic,USA,4,1586439.08,396609.77,604849.17,1333.5625,1821.59,4,0.0,2024-01-06,2025-01-08,368,4,False,2,2.0837169680974754,0.1509022374033207,Premium Buyers
C0370,Individual,Michelle,Brooks,1957-09-23,F,Russia,Krasnodar Krai,Personal Use,1,No,Website,67.3,International,Other,4,1613633.3900000001,403408.34750000003,552125.64,1334.8775,1839.34,4,0.0,2024-01-03,2025-01-06,369,6,False,2,1.8790515114354989,0.16534601329331194,Premium Buyers
C0371,Individual,Ryan,Moore,1970-03-15,M,Belgium,Wallonia,Investment,3,No,Agency,54.8,International,Belgium,3,827208.61,275736.2033333333,369988.32,842.68,1051.39,3,0.3333333333333333,2024-01-05,2024-01-11,6,367,True,0,-3.0619679628134078,-1.2380973427708277,Core Growth Buyers
C0372,Individual,Teresa,Nelson,1952-04-22,F,Belgium,Flanders,Investment,1,No,Agency,72.7,International,Belgium,3,1280128.06,426709.35333333333,541782.12,1361.7433333333333,1721.96,3,0.0,2024-01-04,2025-01-11,373,1,True,2,0.8338104799013543,-1.3718066559927693,Premium Buyers
C0373,Individual,Karen,Morales,1993-01-27,F,USA,Georgia,Personal Use,2,No,Agency,32.0,Domestic,USA,3,1047277.1799999999,349092.3933333333,512134.29,1160.5133333333333,1678.17,3,0.3333333333333333,2024-01-10,2025-01-03,359,9,False,2,-0.5070407316599894,-0.889862743818846,Premium Buyers
C0374,Individual,Madison,Hughes,1993-11-07,F,Australia,New South Wales,Investment,4,Yes,Agency,31.2,International,Other,4,916825.86,229206.465,272720.31,735.11,913.15,4,0.25,2024-01-01,2024-01-10,9,368,True,0,-3.2491786718361566,0.6428192200418305,Core Growth Buyers
C0375,Individual,Kyle,Thompson,1968-07-15,M,USA,California,Investment,4,No,Website,56.5,Domestic,USA,3,1178580.6400000001,392860.2133333334,463091.82,1224.68,1397.58,3,0.3333333333333333,2024-01-05,2025-01-01,362,11,True,2,-0.05224192115728898,-0.8643243427495976,Premium Buyers
C0376,Individual,Shirley,Smith,1953-04-19,F,USA,California,Personal Use,3,No,Website,71.7,Domestic,USA,3,1182808.29,394269.43,474499.21,1361.7433333333333,1721.96,3,0.3333333333333333,2024-01-03,2024-01-06,3,372,False,0,-0.19649326906025594,-2.655923273904836,Core Growth Buyers
C0377,Individual,Charles,Patterson,1998-05-14,M,USA,Washington,Personal Use,4,No,Website,26.7,Domestic,USA,3,822780.32,274260.10666666663,319434.72,904.0466666666667,1093.67,3,0.3333333333333333,2024-01-04,2025-01-06,368,6,False,1,-2.6636085769358115,0.31314610477453947,Financed Value Seekers
C0378,Individual,Heather,Anderson,1957-11-28,F,USA,California,Investment,3,Yes,Website,67.1,Domestic,USA,3,812387.51,270795.83666666667,349197.14,983.4266666666667,1264.43,3,0.0,2024-01-08,2025-01-07,365,5,True,1,-2.413391213657578,0.32359972130996256,Financed Value Seekers
C0379,Corporate,Optima,Co,1977-04-22,M,USA,California,Investment,2,Yes,Client,47.7,Domestic,USA,4,1254919.3599999999,313729.83999999997,415669.45,1115.505,1437.62,4,0.25,2024-01-02,2025-01-07,371,5,True,1,-0.26944118924184185,1.0541943638016427,Financed Value Seekers
C0380,Individual,Evelyn,Chavez,1973-09-13,F,USA,California,Personal Use,3,Yes,Website,51.3,Domestic,USA,3,939708.87,313236.29,518564.66,1175.45,1901.65,3,0.3333333333333333,2024-01-04,2024-01-09,5,369,False,0,-1.2499236454237528,-2.199092932838429,Core Growth Buyers
C0381,Individual,David,Gray,1961-01-08,M,USA,California,Personal Use,5,Yes,Agency,64.0,Domestic,USA,3,878913.19,292971.0633333333,315056.1,1188.2333333333333,1272.95,3,0.0,2024-01-06,2025-01-12,372,0,False,1,-1.9122347409192042,0.032675021533600135,Financed Value Seekers
C0382,Individual,Nicholas,Garcia,1975-08-08,M,USA,California,Investment,1,Yes,Agency,49.4,Domestic,USA,3,980139.25,326713.0833333333,397171.33,980.8699999999999,1198.57,3,0.3333333333333333,2024-01-06,2024-01-09,3,369,True,0,-2.138892769378088,-1.796803289484918,Core Growth Buyers
C0383,Corporate,Novex,Co,1985-11-09,F,Mexico,Mexico City,Investment,3,No,Agency,39.2,International,Other,4,968070.64,242017.66,454071.94,809.6575,1457.92,4,0.0,2024-01-03,2025-01-10,373,2,True,1,-1.6186886396356541,1.7389818346599597,Financed Value Seekers
C0384,Individual,Amy,Stewart,1944-03-22,F,USA,California,Personal Use,3,Yes,Website,80.8,Domestic,USA,3,1010761.74,336920.58,366344.49,1049.3799999999999,1307.35,3,0.0,2024-01-07,2025-01-12,371,0,False,1,-1.4482688166956819,0.0013731278634870857,Financed Value Seekers
C0385,Individual,Douglas,Owens,1969-01-12,M,UK,Northern Ireland,Investment,4,No,Website,56.0,International,UK,3,1289646.4100000001,429882.1366666667,605784.18,1277.2733333333333,1692.61,3,0.0,2024-01-04,2025-01-12,374,0,True,2,1.0673522902291361,-1.3074099194318962,Premium Buyers
C0386,Individual,Carol,Stewart,1976-03-25,F,USA,Colorado,Personal Use,2,No,Client,48.8,Domestic,USA,3,1633972.21,544657.4033333333,704058.44,1445.08,1741.96,3,0.6666666666666666,2024-01-09,2025-01-10,367,2,False,2,3.1501630727509444,-2.458291789111193,Premium Buyers
C0387,Individual,Jessica,Owens,1974-07-18,F,USA,California,Personal Use,2,Yes,Website,50.5,Domestic,USA,4,1992983.55,498245.8875,575135.54,1555.2975000000001,1703.94,4,0.0,2024-01-04,2025-01-09,371,3,False,2,3.602811052668877,-0.5573184717314654,Premium Buyers
C0388,Individual,Zachary,Cox,1995-09-24,M,USA,California,Personal Use,4,No,Agency,29.3,Domestic,USA,3,961894.92,320631.64,395393.94,975.9433333333333,1164.55,3,0.3333333333333333,2024-01-07,2025-01-03,362,9,False,1,-1.6886038183394987,-0.1717226975362164,Financed Value Seekers
C0389,Individual,Ronald,Stone,1954-11-18,M,USA,Colorado,Personal Use,3,No,Website,70.2,Domestic,USA,4,1261549.0899999999,315387.27249999996,439227.72,1119.0900000000001,1645.93,4,0.5,2024-01-05,2025-01-06,367,6,False,1,-0.004033615553792801,1.0846467660402013,Financed Value Seekers
C0390,Individual,Steven,Griffin,1942-04-23,M,Canada,Quebec,Investment,2,No,Website,82.7,International,Canada,4,1678762.0699999998,419690.51749999996,550273.32,1295.2649999999999,1777.51,4,0.25,2024-01-06,2024-01-09,3,369,True,0,1.558656488488602,-1.348336496218943,Core Growth Buyers
C0391,Individual,Heather,Long,1966-11-12,F,USA,California,Personal Use,5,No,Agency,58.2,Domestic,USA,3,1035012.9099999999,345004.3033333333,502064.98,1064.4166666666667,1567.93,3,0.0,2024-01-01,2024-01-08,7,370,False,0,-1.2160514574726964,-1.9641222072581082,Core Growth Buyers
C0392,Individual,Katherine,Adams,1977-06-14,F,USA,Arizona,Personal Use,2,Yes,Website,47.6,Domestic,USA,4,1015830.03,253957.5075,448959.32,922.6600000000001,1587.57,4,0.0,2024-01-05,2025-01-09,370,3,False,1,-1.2135890590716494,1.5728047533724645,Financed Value Seekers
C0393,Individual,Nicole,Allen,1988-06-08,F,USA,Arizona,Personal Use,4,No,Agency,36.6,Domestic,USA,4,1616556.78,404139.195,492421.76,1298.145,1599.44,4,0.25,2024-01-05,2025-01-05,366,7,False,2,1.5810685462362914,0.28914991952578767,Premium Buyers
C0394,Individual,Shirley,Foster,1954-11-24,F,USA,Colorado,Personal Use,3,Yes,Website,70.1,Domestic,USA,4,1258840.0,314710.0,600821.21,1041.8025,1817.64,4,0.25,2024-01-04,2025-01-08,370,4,False,2,0.5788281561762252,0.941008359763761,Premium Buyers
C0395,Individual,Deborah,Chavez,1959-01-17,F,USA,Florida,Personal Use,1,No,Website,66.0,Domestic,USA,3,1153134.48,384378.16,493489.81,1303.4733333333334,1752.38,3,0.3333333333333333,2024-01-04,2025-01-01,363,11,False,2,0.1246067003283137,-1.0921619594016132,Premium Buyers
C0396,Individual,Charles,Allen,2000-04-17,M,USA,Nevada,Personal Use,5,No,Agency,24.7,Domestic,USA,4,1181447.25,295361.8125,414855.4,896.2524999999999,1170.96,4,0.0,2024-01-01,2025-01-08,373,4,False,1,-0.9233926742763939,1.5387096551254889,Financed Value Seekers
C0397,Individual,Hannah,Williams,2000-09-18,F,USA,California,Personal Use,5,No,Website,24.3,Domestic,USA,3,793543.27,264514.42333333334,299573.55,862.11,961.01,3,0.0,2024-01-03,2025-01-07,370,5,False,1,-2.972244025411357,0.5546114322945359,Financed Value Seekers
C0398,Individual,Jennifer,Alexander,1948-12-22,F,USA,Texas,Personal Use,1,Yes,Agency,76.1,Domestic,USA,4,1186693.85,296673.4625,416143.54,935.765,1232.31,4,0.25,2024-01-03,2024-01-07,4,371,False,0,-1.2863593034958987,-0.11396774281184185,Core Growth Buyers
C0399,Individual,Albert,Kim,1984-06-09,M,USA,California,Personal Use,4,No,Agency,40.6,Domestic,USA,4,1229057.49,307264.3725,470140.59,1093.05,1623.8,4,0.25,2024-01-01,2025-01-02,367,10,False,1,-0.10018277131461792,1.0207423073867357,Financed Value Seekers
C0400,Individual,Brandon,Anderson,1959-11-25,M,USA,California,Personal Use,4,No,Agency,65.1,Domestic,USA,4,1360152.99,340038.2475,479620.3,1239.145,1926.19,4,0.0,2024-01-01,2025-01-06,371,6,False,2,0.6428917199406875,0.8129096922953902,Premium Buyers
C0401,Individual,Brian,Anderson,1969-07-21,M,USA,Arizona,Personal Use,5,Yes,Website,55.5,Domestic,USA,4,1020913.0700000001,255228.26750000002,338232.19,853.07,1147.71,4,0.0,2024-01-01,2025-01-04,369,8,False,1,-1.7909944789854455,2.036272797352245,Financed Value Seekers
C0402,Individual,Brenda,Garcia,1941-02-22,F,USA,Georgia,Personal Use,5,No,Website,83.9,Domestic,USA,3,1054166.95,351388.98333333334,419555.74,1102.8633333333335,1432.77,3,0.0,2024-01-02,2025-01-10,374,2,False,1,-0.8893238642419024,-0.15899010003265934,Financed Value Seekers
C0403,Individual,Jennifer,Adams,1963-03-25,F,Australia,New South Wales,Personal Use,1,No,Website,61.8,International,Other,3,878792.98,292930.99333333335,430423.76,1060.9733333333334,1678.17,3,0.3333333333333333,2024-01-04,2024-01-07,3,371,False,0,-2.1683464212445727,-1.8314931870732636,Core Growth Buyers
C0404,Individual,Sara,Cook,1976-12-05,F,France,Normandy,Investment,1,No,Client,48.1,International,France,3,731788.96,243929.65333333332,385857.81,753.3133333333334,1098.83,3,0.0,2024-01-06,2025-01-11,371,1,True,1,-3.0880708984185437,0.5521795548200146,Financed Value Seekers
C0405,Corporate,Horizon,Co,1969-12-25,M,USA,Colorado,Personal Use,1,No,Agency,55.0,Domestic,USA,4,1310963.25,327740.8125,453518.72,1140.38,1481.32,4,0.0,2024-01-02,2025-01-05,369,7,False,1,0.0966318320026203,0.9102499831625828,Financed Value Seekers
C0406,Individual,Christine,Brown,1960-05-26,F,USA,Colorado,Personal Use,3,No,Website,64.6,Domestic,USA,4,1317165.12,329291.28,525171.0,1090.1925,1904.38,4,0.25,2024-01-03,2025-01-01,364,11,False,2,0.47093166485728755,0.9148790237865819,Premium Buyers
C0407,Individual,Lisa,Freeman,1982-04-23,F,USA,California,Personal Use,2,No,Client,42.7,Domestic,USA,4,1254494.91,313623.7275,406850.28,1045.8025,1333.63,4,0.0,2024-01-04,2024-01-12,8,366,False,0,-0.976072243015684,-0.3592074108444707,Core Growth Buyers
C0408,Individual,Tyler,Rogers,1977-02-03,M,USA,California,Personal Use,3,No,Website,47.9,Domestic,USA,3,1320497.01,440165.67,574122.16,1413.0600000000002,1765.37,3,0.0,2024-01-05,2025-01-10,371,2,False,2,1.292823205215503,-1.5557766436087939,Premium Buyers
C0409,Individual,Timothy,Reyes,1972-09-18,M,USA,Nevada,Personal Use,1,Yes,Website,52.3,Domestic,USA,4,1816669.2,454167.3,599891.42,1449.3775,1941.62,4,0.5,2024-01-02,2024-01-12,10,366,False,0,2.5290631700575097,-1.9732244763413833,Core Growth Buyers
C0410,Individual,Diane,Johnson,1982-07-13,F,Russia,Saint Petersburg,Personal Use,5,Yes,Agency,42.5,International,Other,3,1021706.02,340568.67333333334,524175.54,1189.1899999999998,1948.32,3,0.0,2025-01-01,2025-01-03,2,9,False,0,-0.7361760884918951,-1.5208104882302917,Core Growth Buyers
C0411,Individual,Amanda,Moore,1983-05-09,F,USA,California,Personal Use,2,No,Website,41.7,Domestic,USA,3,896987.21,298995.73666666663,475205.98,883.7466666666668,1487.17,3,0.6666666666666666,2024-01-03,2024-01-06,3,372,False,0,-2.164962299640243,-1.7252401845905532,Core Growth Buyers
C0412,Individual,Karen,Richardson,1984-04-24,F,UK,Scotland,Personal Use,5,No,Website,40.7,International,UK,3,1100376.25,366792.0833333333,493587.18,1260.8366666666668,1750.89,3,0.0,2024-01-06,2025-01-03,363,9,False,2,-0.18740376135918832,-0.8783635275859256,Premium Buyers
C0413,Individual,Brandon,Smith,1940-07-11,M,Canada,British Columbia,Personal Use,3,No,Website,84.5,International,Canada,4,1769126.22,442281.555,537806.31,1431.4575,1806.7,4,0.0,2024-01-10,2025-01-09,365,3,False,2,2.5426557765533873,0.04476786690821405,Premium Buyers
C0414,Individual,Brandon,Reed,1962-12-07,M,USA,California,Personal Use,4,No,Website,62.1,Domestic,USA,4,1412148.94,353037.235,518926.42,1144.74,1618.34,4,0.25,2024-01-06,2025-01-11,371,1,False,2,0.8638046970322312,0.8187556400852289,Premium Buyers
C0415,Individual,Grace,Turner,1980-07-09,F,USA,Nevada,Personal Use,5,Yes,Agency,44.5,Domestic,USA,4,1305928.3499999999,326482.08749999997,503380.47,1093.05,1623.8,4,0.0,2024-01-02,2024-01-07,5,371,False,0,-0.21439649085793236,-0.5869682006792513,Core Growth Buyers
C0416,Corporate,Bravada,Co,1981-07-28,M,Germany,North Rhine-Westphalia,Investment,5,Yes,Client,43.5,International,Germany,3,1059532.51,353177.50333333336,492952.77,1260.8366666666668,1750.89,3,0.0,2024-01-09,2025-01-11,368,1,True,2,-0.36177821796776505,-0.8039008368529368,Premium Buyers
C0417,Individual,Peter,Collins,1947-12-03,M,USA,Utah,Personal Use,2,No,Website,77.1,Domestic,USA,3,1354773.96,451591.32,583440.71,1471.8999999999999,1620.07,3,0.0,2024-01-06,2024-01-09,3,369,False,0,1.0981371028732874,-3.2273294760963687,Core Growth Buyers
C0418,Individual,Douglas,Howard,1996-08-20,M,USA,Arizona,Personal Use,5,No,Agency,28.4,Domestic,USA,4,1629486.83,407371.7075,529967.66,1276.8225,1625.38,4,0.0,2024-01-05,2025-01-04,365,8,False,2,1.7280377577112227,0.28132127842511667,Premium Buyers
C0419,Individual,Jack,Hansen,1962-11-03,M,USA,Washington,Personal Use,3,Yes,Agency,62.2,Domestic,USA,4,1174012.19,293503.0475,419691.92,990.4475,1414.44,4,0.25,2024-01-01,2024-01-12,11,366,False,0,-1.1805225199327203,-0.15722050703704032,Core Growth Buyers
C0420,Individual,Debra,Reyes,1994-01-04,F,USA,California,Personal Use,5,No,Agency,31.0,Domestic,USA,3,1260096.1600000001,420032.0533333334,588644.89,1330.2166666666667,1849.4,3,0.3333333333333333,2024-01-09,2025-01-04,361,8,False,2,1.0069750619279563,-1.486442296701,Premium Buyers
C0421,Individual,Zachary,Cox,1975-08-25,M,Germany,Hesse,Investment,5,Yes,Website,49.4,International,Germany,4,1495763.3699999999,373940.84249999997,585167.95,1203.905,1869.93,4,0.0,2024-01-05,2025-01-12,373,0,True,2,1.4658430913503346,0.513775556053857,Premium Buyers
C0422,Corporate,Telnox,Co,1973-11-13,F,USA,California,Personal Use,1,Yes,Client,51.2,Domestic,USA,4,1653171.62,413292.905,555693.16,1428.5749999999998,1916.1,4,0.0,2024-01-03,2024-01-10,7,368,False,0,1.6824986026501112,-1.6457146876382542,Core Growth Buyers
C0423,Individual,Rachel,Sanders,1950-04-17,F,USA,California,Personal Use,1,No,Client,74.7,Domestic,USA,3,1068716.19,356238.73,410950.81,1195.1966666666667,1397.58,3,0.3333333333333333,2024-01-07,2025-01-08,367,4,False,1,-0.7760627987332473,-0.5926776741409576,Financed Value Seekers
C0424,Individual,Sarah,Stewart,1998-12-04,F,USA,Florida,Personal Use,1,No,Website,26.1,Domestic,USA,3,1034036.3,344678.76666666666,521067.94,1107.81,1575.06,3,0.0,2024-01-09,2025-01-02,359,10,False,1,-0.6671085190293848,-0.7832971734146235,Financed Value Seekers
C0425,Individual,Gerald,Wright,1965-03-11,M,USA,Nevada,Personal Use,2,No,Agency,59.8,Domestic,USA,3,1256932.48,418977.49333333335,560677.96,1452.2633333333333,1827.25,3,0.0,2024-01-05,2025-01-02,363,10,False,2,1.043786848020302,-1.5557241385115612,Premium Buyers
C0426,Individual,Julie,Brown,1953-10-07,F,USA,Oregon,Personal Use,4,Yes,Client,71.3,Domestic,USA,3,890250.61,296750.2033333333,519106.96,874.19,1322.98,3,0.0,2024-01-08,2025-01-12,370,0,False,1,-1.505100720919134,0.11757547690515188,Financed Value Seekers
C0427,Individual,Sarah,Peterson,1994-09-06,F,USA,California,Personal Use,4,Yes,Website,30.4,Domestic,USA,4,1457016.31,364254.0775,563544.96,1216.595,1898.39,4,0.0,2024-01-01,2025-01-06,371,6,False,2,1.2563029306592555,0.47281973762510415,Premium Buyers
C0428,Individual,Gloria,Rogers,1962-07-20,F,USA,Oregon,Personal Use,3,No,Agency,62.5,Domestic,USA,4,984451.32,246112.83,330914.17,838.2925,1314.38,4,0.0,2024-01-10,2025-01-09,365,3,False,1,-2.0145160283472467,2.043369456430649,Financed Value Seekers
C0429,Individual,Danielle,Stone,1995-11-05,F,USA,California,Personal Use,3,Yes,Website,29.2,Domestic,USA,4,1503904.1600000001,375976.04000000004,573428.92,1374.585,1940.69,4,0.25,2024-01-01,2025-01-11,376,1,False,2,1.7701367378953992,0.08741086967935471,Premium Buyers
C0430,Individual,Roger,Wood,1974-10-05,M,USA,Nevada,Personal Use,2,No,Agency,50.3,Domestic,USA,3,931141.96,310380.6533333333,413945.61,1033.1033333333332,1414.25,3,0.3333333333333333,2024-01-03,2025-01-05,368,7,False,1,-1.5963219090880674,-0.23199369615492213,Financed Value Seekers
C0431,Individual,Austin,King,1969-05-05,M,USA,California,Personal Use,5,Yes,Website,55.7,Domestic,USA,4,1544751.33,386187.8325,562089.63,1246.6175,1914.21,4,0.0,2024-01-01,2025-01-04,369,8,False,2,1.6385907566215254,0.4831849983121011,Premium Buyers
C0432,Corporate,Grandis,Co,1995-02-17,M,USA,California,Personal Use,5,No,Agency,29.9,Domestic,USA,4,1277850.15,319462.5375,500722.63,1025.1499999999999,1618.34,4,0.0,2024-01-08,2025-01-08,366,4,False,1,0.03266103996839095,1.0761512761861312,Financed Value Seekers
C0433,Individual,Ruth,Hughes,1969-03-03,F,USA,California,Investment,2,Yes,Website,55.9,Domestic,USA,4,1937061.37,484265.3425,656465.4,1591.4724999999999,1934.75,4,0.0,2024-01-07,2025-01-09,368,3,True,2,3.8843067313991426,-0.714255024559894,Premium Buyers
C0434,Individual,Amanda,Sanders,1964-12-25,F,Russia,Tatarstan,Personal Use,5,No,Website,60.0,International,Other,3,1364889.24,454963.08,603903.4,1445.5566666666666,1672.19,3,0.0,2024-01-08,2025-01-11,369,1,False,2,1.6808579873355263,-1.6453719332508743,Premium Buyers
C0435,Individual,Sara,Richardson,1966-01-25,F,Australia,New South Wales,Personal Use,5,Yes,Website,59.0,International,Other,3,908970.34,302990.11333333334,382435.3,1077.3233333333335,1353.02,3,0.0,2024-01-03,2024-01-11,8,367,False,0,-2.224161177213831,-1.58621662647109,Core Growth Buyers
C0436,Individual,Brandon,Jones,1972-05-12,M,USA,Colorado,Personal Use,2,Yes,Client,52.7,Domestic,USA,4,1327594.64,331898.66,479775.72,1064.2625,1610.37,4,0.0,2024-01-01,2025-01-03,368,9,False,1,0.14480397094902492,0.9954127460193742,Financed Value Seekers
C0437,Individual,Danielle,James,1990-10-05,F,USA,Texas,Personal Use,1,No,Website,34.3,Domestic,USA,3,657032.8200000001,219010.94000000003,353361.5,801.46,1179.42,3,0.0,2024-01-01,2024-01-08,7,370,False,0,-3.8858772588514303,-0.9638564937824036,Core Growth Buyers
C0438,Individual,Gregory,Collins,1982-10-09,M,USA,Georgia,Investment,1,Yes,Client,42.3,Domestic,USA,4,1458641.1,364660.275,517610.73,1261.78,1862.29,4,0.0,2024-01-05,2025-01-05,366,7,True,2,1.0549177257373707,0.40286645457906556,Premium Buyers
C0439,Individual,Larry,Thompson,1956-03-08,M,USA,Virginia,Personal Use,2,No,Agency,68.8,Domestic,USA,3,1273328.62,424442.87333333335,547817.26,1422.97,1920.65,3,0.3333333333333333,2024-01-02,2024-01-03,1,375,False,0,0.5441885773042846,-3.1057857993396376,Core Growth Buyers
C0440,Individual,Lawrence,Parker,1960-07-13,M,USA,California,Investment,1,No,Agency,64.5,Domestic,USA,3,703498.83,234499.61,311878.98,845.8633333333333,1188.51,3,0.0,2024-01-02,2024-01-12,10,366,True,0,-3.8083044693175236,-0.8949070853584625,Core Growth Buyers
C0441,Individual,Joan,Foster,1980-10-01,F,Russia,Krasnodar Krai,Investment,1,No,Agency,44.3,International,Other,4,1525849.55,381462.3875,616227.01,1239.2649999999999,1906.38,4,0.25,2024-01-02,2025-01-10,374,2,True,2,1.6954748103839201,0.12514297949104597,Premium Buyers
C0442,Individual,Sarah,Hansen,1975-04-14,F,USA,Colorado,Personal Use,3,Yes,Website,49.7,Domestic,USA,4,1707466.97,426866.7425,520127.02,1489.73,1756.12,4,0.0,2024-01-01,2025-01-02,367,10,False,2,2.3506186567604312,-0.07951680063750921,Premium Buyers
C0443,Individual,Noah,Foster,1950-06-22,M,Denmark,Capital Region,Personal Use,1,Yes,Agency,74.6,International,Other,3,1355839.1,451946.3666666667,555912.87,1527.8633333333335,1741.96,3,0.0,2024-01-03,2024-01-07,4,371,False,0,0.9927953237326061,-3.380682738110271,Core Growth Buyers
C0444,Individual,Jennifer,Martin,1941-03-15,F,USA,California,Personal Use,2,No,Website,83.8,Domestic,USA,4,1054514.54,263628.635,399974.1,943.97,1653.93,4,0.25,2024-01-09,2025-01-11,368,1,False,1,-1.1873181627176452,1.7098987896442157,Financed Value Seekers
C0445,Individual,Michelle,Evans,1995-11-12,F,USA,California,Personal Use,2,Yes,Website,29.2,Domestic,USA,4,1425691.63,356422.9075,518136.39,1101.9875,1627.52,4,0.25,2024-01-01,2025-01-07,372,5,False,2,0.7173553815013698,0.6589148202625317,Premium Buyers
C0446,Individual,Douglas,Thomas,1955-02-01,M,USA,Colorado,Personal Use,2,No,Website,69.9,Domestic,USA,3,1024655.04,341551.68,426208.52,1258.6899999999998,1606.58,3,0.3333333333333333,2024-01-02,2025-01-01,365,11,False,1,-0.7150880858828251,-0.6579219075423383,Financed Value Seekers
C0447,Individual,Patricia,Johnson,1956-06-27,F,USA,New York,Personal Use,2,No,Website,68.5,Domestic,USA,3,1543592.15,514530.7166666666,605190.49,1680.5266666666666,1916.26,3,0.3333333333333333,2024-01-04,2025-01-09,371,3,False,2,2.8178705983143737,-2.361883256820462,Premium Buyers
C0448,Individual,Mark,White,1980-06-10,M,USA,Nevada,Investment,2,No,Agency,44.6,Domestic,USA,3,942066.48,314022.16,458054.04,1050.08,1397.58,3,0.0,2024-01-01,2024-01-12,11,366,True,0,-1.8782276749667335,-1.8789169502816534,Core Growth Buyers
C0449,Individual,Jordan,King,1972-06-24,M,USA,Oregon,Investment,2,No,Agency,52.6,Domestic,USA,3,1418922.44,472974.14666666667,594018.07,1504.28,1765.37,3,0.6666666666666666,2024-01-07,2025-01-08,367,4,True,2,1.9564281379831487,-2.0484209699973803,Premium Buyers
C0450,Individual,Matthew,Jackson,1992-02-19,M,Mexico,Nuevo Leon,Personal Use,3,No,Website,32.9,International,Other,4,1555297.3699999999,388824.34249999997,473301.04,1258.5825,1577.36,4,0.0,2024-01-06,2025-01-01,361,11,False,2,1.1455862282200684,0.4032959831416558,Premium Buyers
C0451,Individual,Larry,Anderson,1985-09-20,M,Canada,Alberta,Investment,5,Yes,Client,39.3,International,Canada,4,1665967.4100000001,416491.85250000004,526063.15,1339.695,1599.81,4,0.25,2025-01-02,2025-01-10,8,2,True,2,1.7089063839800185,-0.629825767135363,Premium Buyers
C0452,Individual,Brandon,Adams,1967-10-17,M,USA,Washington,Personal Use,3,No,Website,57.2,Domestic,USA,4,1398358.69,349589.6725,515843.73,1086.2275,1599.78,4,0.0,2024-01-08,2025-01-09,367,3,False,2,0.6271911743092458,0.9082997895012441,Premium Buyers
C0453,Individual,Carl,Wood,1993-04-16,M,UK,Scotland,Investment,1,No,Website,31.7,International,UK,4,1321010.76,330252.69,587960.16,1103.3025,1867.78,4,0.0,2024-01-06,2025-01-07,367,5,True,2,0.6373945215272062,0.5868541976728179,Premium Buyers
C0454,Corporate,Altira,Co,1961-04-01,F,USA,Nevada,Investment,4,No,Agency,63.8,Domestic,USA,3,980683.73,326894.57666666666,522599.89,1072.4833333333333,1757.51,3,0.0,2024-01-01,2024-01-11,10,367,True,0,-1.3170643755498284,-1.947629707059718,Core Growth Buyers
C0455,Individual,Karen,Williams,1963-02-01,F,USA,California,Personal Use,1,No,Agency,61.9,Domestic,USA,4,1125726.62,281431.655,477256.95,838.2925,1314.38,4,0.0,2024-01-04,2025-01-07,369,5,False,1,-0.9225184030136946,1.5520275206576732,Financed Value Seekers
C0456,Individual,Virginia,Brooks,1995-11-18,F,USA,Oregon,Personal Use,3,Yes,Website,29.2,Domestic,USA,3,1349210.55,449736.85000000003,521158.55,1448.82,1631.48,3,0.0,2024-01-03,2025-01-08,371,4,False,2,1.1756686637862466,-1.6291710072351393,Premium Buyers
C0457,Individual,Kenneth,Hansen,1980-07-19,M,UK,Wales,Investment,1,No,Agency,44.5,International,UK,3,1399940.21,466646.73666666663,596228.96,1457.8333333333333,1802.21,3,0.0,2024-01-06,2025-01-04,364,8,True,2,1.6485429264207156,-1.9486515268993183,Premium Buyers
C0458,Individual,Thomas,Turner,1995-07-04,M,USA,Oregon,Investment,1,No,Agency,29.5,Domestic,USA,4,1382881.81,345720.4525,503414.2,1123.3175,1645.93,4,0.25,2024-01-05,2025-01-09,370,3,True,2,0.5025041719877911,0.6358494035312043,Premium Buyers
C0459,Individual,Steven,Johnson,1955-03-23,M,USA,California,Personal Use,3,No,Agency,69.8,Domestic,USA,3,821716.14,273905.38,368466.6,945.65,1170.96,3,0.3333333333333333,2024-01-03,2024-01-12,9,366,False,0,-2.815335973757986,-1.2955431700594389,Core Growth Buyers
C0460,Individual,Amanda,Cox,1992-12-25,F,USA,Virginia,Personal Use,1,No,Website,32.0,Domestic,USA,3,1061349.03,353783.01,484806.07,1078.7866666666666,1479.84,3,0.3333333333333333,2024-01-08,2025-01-07,365,5,False,1,-0.7339434863331152,-0.7110551273227028,Financed Value Seekers
C0461,Individual,Jonathan,Peterson,1960-02-16,M,USA,Arizona,Personal Use,1,No,Agency,64.9,Domestic,USA,3,986630.39,328876.7966666667,473479.09,1157.47,1901.65,3,0.3333333333333333,2024-01-02,2025-01-04,368,8,False,1,-0.8680677949975435,-0.6065593614989978,Financed Value Seekers
C0462,Individual,Eric,White,1943-10-22,M,Australia,Victoria,Personal Use,2,No,Agency,81.2,International,Other,4,1606667.68,401666.92,630993.32,1316.0375,1848.51,4,0.0,2024-01-11,2025-01-06,361,6,False,2,2.2144437854110905,0.09683797663552218,Premium Buyers
C0463,Individual,Nicholas,Garcia,1970-06-13,M,USA,California,Personal Use,5,No,Client,54.6,Domestic,USA,4,1235094.73,308773.6825,456678.02,989.46,1347.67,4,0.25,2024-01-05,2024-01-10,5,368,False,0,-0.7940608308066757,-0.2471155774839051,Core Growth Buyers
C0464,Individual,Gregory,Turner,1974-12-11,M,USA,Florida,Personal Use,5,No,Website,50.1,Domestic,USA,4,1455550.0,363887.5,462200.84,1276.8225,1625.38,4,0.25,2024-01-12,2025-01-10,364,2,False,2,0.9722603345997034,0.6492729509420594,Premium Buyers
C0465,Individual,George,Carter,1949-09-02,M,USA,California,Personal Use,3,No,Website,75.4,Domestic,USA,3,707799.9199999999,235933.30666666664,344983.8,839.1433333333334,1241.14,3,0.0,2024-01-02,2025-01-12,376,0,False,1,-3.0462100018614646,0.7744463098315875,Financed Value Seekers
C0466,Individual,Patricia,Cox,1988-05-19,F,USA,Virginia,Investment,2,No,Website,36.7,Domestic,USA,4,1228651.21,307162.8025,446810.74,1030.21,1484.99,4,0.25,2024-01-01,2025-01-11,376,1,True,1,-0.3575285097255717,1.1451187332683872,Financed Value Seekers
C0467,Individual,Rebecca,Chavez,1952-04-05,F,USA,Ohio,Personal Use,1,Yes,Agency,72.8,Domestic,USA,3,976066.93,325355.64333333337,433348.26,1155.6966666666667,1588.14,3,0.0,2024-01-08,2025-01-08,366,4,False,1,-1.1317225920757354,-0.41278062998572124,Financed Value Seekers
C0468,Individual,Raymond,Smith,1952-11-13,M,Mexico,Jalisco,Investment,3,Yes,Website,72.2,International,Other,3,1267396.7999999998,422465.5999999999,511655.42,1386.32,1575.06,3,0.3333333333333333,2024-01-02,2024-01-09,7,369,True,0,0.28706967768026015,-2.905574903475529,Core Growth Buyers
C0469,Individual,Adam,Foster,1997-03-23,M,USA,California,Personal Use,2,No,Website,27.8,Domestic,USA,4,1518476.47,379619.1175,502622.02,1265.3825,1657.84,4,0.0,2024-01-02,2024-01-10,8,368,False,0,0.7023567760678883,-1.1943739043923194,Core Growth Buyers
C0470,Individual,Joan,Anderson,1963-02-17,F,USA,Oregon,Personal Use,1,No,Agency,61.9,Domestic,USA,3,862552.54,287517.51333333337,497090.51,883.7466666666666,1487.17,3,0.0,2024-01-04,2024-01-11,7,367,False,0,-2.275633092834899,-1.559412442779421,Core Growth Buyers
C0471,Individual,Gary,Collins,1984-06-26,M,USA,Utah,Investment,3,No,Agency,40.5,Domestic,USA,3,1084997.39,361665.79666666663,513906.66,1209.64,1829.38,3,0.6666666666666666,2024-01-01,2024-01-10,9,368,True,0,-0.6911499028936823,-2.5501972920584635,Core Growth Buyers
C0472,Individual,Edward,Moore,1951-10-04,M,USA,California,Personal Use,4,No,Website,73.3,Domestic,USA,3,1277486.3699999999,425828.79,529761.19,1394.21,1738.5,3,0.0,2024-01-10,2025-01-11,367,1,False,2,0.9543860719286023,-1.2432266093592153,Premium Buyers
C0473,Individual,Sharon,Price,1981-08-09,F,USA,California,Personal Use,3,No,Agency,43.4,Domestic,USA,4,1304527.6600000001,326131.91500000004,518735.4,1042.725,1552.34,4,0.0,2024-01-11,2025-01-10,365,2,False,1,0.22127583617913638,0.972672547970944,Financed Value Seekers
C0474,Individual,Gregory,Young,1995-12-08,M,USA,Nevada,Personal Use,1,No,Website,29.1,Domestic,USA,4,962015.29,240503.8225,413387.67,824.2025,1424.54,4,0.25,2024-01-05,2025-01-12,373,0,False,1,-1.751583152676801,1.7085128724555554,Financed Value Seekers
C0475,Individual,William,Brooks,1946-08-18,M,Belgium,Wallonia,Investment,2,Yes,Agency,78.4,International,Belgium,3,1234470.16,411490.0533333333,455542.16,1371.6133333333335,1422.93,3,0.6666666666666666,2024-01-05,2024-01-08,3,370,True,0,-0.11259799843557786,-2.8229260033105805,Core Growth Buyers
C0476,Individual,Steven,Johnson,1997-04-05,M,USA,Florida,Personal Use,3,No,Agency,27.8,Domestic,USA,4,1485303.01,371325.7525,457069.23,1299.3675,1499.47,4,0.25,2024-01-03,2025-01-05,368,7,False,2,0.9783987052532777,0.4041886607597229,Premium Buyers
C0477,Individual,Jesse,Stone,1984-02-01,M,USA,California,Investment,4,Yes,Website,40.9,Domestic,USA,3,1535114.88,511704.95999999996,734390.86,1452.2633333333333,1827.25,3,0.3333333333333333,2024-01-06,2025-01-08,368,4,True,2,2.9387378926454395,-2.2885552224739967,Premium Buyers
C0478,Individual,Ashley,Garcia,1940-08-02,F,USA,Ohio,Investment,4,No,Website,84.4,Domestic,USA,3,774892.79,258297.59666666668,404581.32,997.4133333333333,1692.61,3,0.3333333333333333,2024-01-02,2024-01-10,8,368,True,0,-2.656859840381722,-1.2757834498491734,Core Growth Buyers
C0479,Individual,Virginia,Wright,1978-04-06,F,USA,California,Personal Use,2,Yes,Agency,46.8,Domestic,USA,4,1172782.93,293195.7325,494567.75,956.6725,1563.65,4,0.25,2024-01-04,2025-01-07,369,5,False,1,-0.4421072200572247,1.2083904418157283,Financed Value Seekers
C0480,Individual,Scott,Bryant,1974-09-16,M,USA,California,Personal Use,4,Yes,Website,50.3,Domestic,USA,4,1033261.03,258315.2575,347137.85,827.2,1093.92,4,0.0,2024-01-02,2025-01-07,371,5,False,1,-1.7861330556119361,2.00212638381344,Financed Value Seekers
C0481,Individual,Sean,Williams,1976-12-12,M,USA,Arizona,Personal Use,3,No,Agency,48.1,Domestic,USA,4,1365460.24,341365.06,539294.72,1040.8899999999999,1565.26,4,0.25,2024-01-04,2025-01-09,371,3,False,2,0.5488233540090381,0.8651758333962507,Premium Buyers
C0482,Individual,Deborah,Brown,1980-10-08,F,USA,New York,Investment,3,Yes,Agency,44.3,Domestic,USA,3,1006132.77,335377.59,421206.38,1155.4633333333334,1369.96,3,0.3333333333333333,2024-01-09,2025-01-10,367,2,True,1,-1.059430474225323,-0.5245714067876315,Financed Value Seekers
C0483,Individual,Kevin,Jackson,1985-11-08,M,USA,Arizona,Investment,1,No,Website,39.2,Domestic,USA,3,881113.79,293704.5966666667,415468.55,934.8733333333333,1360.96,3,0.0,2024-01-03,2025-01-01,364,11,True,1,-2.0382896909814843,-0.023229505033614404,Financed Value Seekers
C0484,Individual,Janet,Wright,1989-04-19,F,USA,Texas,Investment,3,No,Website,35.7,Domestic,USA,4,1313240.67,328310.1675,412809.69,1114.105,1512.9,4,0.25,2024-01-04,2025-01-07,369,5,True,1,-0.0892315106857691,1.0115720119584553,Financed Value Seekers
C0485,Individual,Julia,Morales,1991-10-07,F,USA,Arizona,Personal Use,2,No,Website,33.3,Domestic,USA,3,1000841.1799999999,333613.7266666666,603778.82,1144.8033333333333,1948.32,3,0.0,2024-01-02,2024-01-10,8,368,False,0,-0.7777029865553636,-2.4403874023160035,Core Growth Buyers
C0486,Individual,Billy,Carter,1999-09-16,M,USA,California,Investment,2,Yes,Website,25.3,Domestic,USA,3,1090587.66,363529.22,599081.0,1175.45,1901.65,3,0.0,2024-01-04,2025-01-05,367,7,True,2,0.05051115986003044,-1.0686907454272285,Premium Buyers
C0487,Individual,Jessica,Williams,1991-10-23,F,USA,Washington,Personal Use,5,No,Website,33.2,Domestic,USA,4,1576272.71,394068.1775,542265.03,1295.0975,1797.81,4,0.25,2024-01-08,2025-01-07,365,5,False,2,1.7272262059742354,0.2774921555949204,Premium Buyers
C0488,Individual,Megan,Jackson,1979-05-11,F,USA,California,Investment,4,No,Agency,45.7,Domestic,USA,4,1218265.3599999999,304566.33999999997,559367.69,990.9875000000001,1703.94,4,0.25,2024-01-03,2024-01-12,9,366,True,0,-0.4008602650521466,-0.5107848206291782,Core Growth Buyers
C0489,Individual,Austin,Jordan,1950-06-08,M,Germany,Berlin,Investment,2,No,Website,74.6,International,Germany,3,1025274.77,341758.25666666665,439792.36,1102.8633333333335,1432.77,3,0.0,2024-01-07,2024-01-08,1,370,True,0,-1.532671160251374,-1.9560974737510404,Core Growth Buyers
C0490,Individual,Emily,Wright,1954-01-23,F,USA,Nevada,Investment,5,Yes,Website,71.0,Domestic,USA,3,1292367.93,430789.31,517225.72,1240.6066666666666,1499.0,3,0.0,2024-01-01,2025-01-11,376,1,True,2,0.6608857729422014,-0.9402850995766979,Premium Buyers
C0491,Individual,Noah,White,1941-08-05,M,USA,Washington,Personal Use,2,No,Website,83.4,Domestic,USA,3,1106379.8,368793.26666666666,527792.52,1168.3833333333334,1588.14,3,0.0,2024-01-04,2024-01-12,8,366,False,0,-0.6245382408550981,-2.2509328024463278,Core Growth Buyers
C0492,Individual,Raymond,Price,2000-05-07,M,USA,Utah,Personal Use,3,Yes,Website,24.7,Domestic,USA,4,1300917.1,325229.275,551610.52,1008.6625,1431.42,4,0.0,2025-01-04,2025-01-08,4,4,False,2,0.040734678832854206,0.12991167022253797,Premium Buyers
C0493,Individual,Tyler,Hughes,1954-07-06,M,USA,Colorado,Personal Use,3,No,Website,70.5,Domestic,USA,4,1312198.98,328049.745,432134.46,1141.225,1680.5,4,0.25,2024-01-01,2025-01-04,369,8,False,1,0.1258629349269531,1.0654450573401304,Financed Value Seekers
C0494,Individual,Grace,Carter,1990-08-03,F,USA,California,Personal Use,3,Yes,Website,34.4,Domestic,USA,4,1052676.65,263169.1625,379142.42,911.0425,1296.39,4,0.0,2024-01-04,2025-01-12,374,0,False,1,-1.4557755643202182,1.6978790893336453,Financed Value Seekers
C0495,Individual,Jerry,Hall,1954-02-18,M,USA,California,Investment,5,No,Client,70.9,Domestic,USA,4,1246742.44,311685.61,420300.71,984.9525,1401.0,4,0.0,2024-01-01,2025-01-12,377,0,True,1,-0.4466075332314812,1.5453487078776962,Financed Value Seekers
C0496,Individual,Billy,Reyes,1990-01-04,M,USA,California,Personal Use,4,No,Agency,35.0,Domestic,USA,4,1120376.44,280094.11,352076.14,947.7475000000001,1232.2,4,0.0,2024-01-06,2025-01-05,365,7,False,1,-1.319791904887278,1.6167434976803547,Financed Value Seekers
C0497,Individual,Emma,Stewart,1985-02-02,F,USA,Arizona,Investment,4,Yes,Website,39.9,Domestic,USA,3,1330684.99,443561.66333333333,526810.49,1438.2933333333333,1678.17,3,0.3333333333333333,2024-01-03,2025-01-04,367,8,True,2,1.1826573736240629,-1.594791054078517,Premium Buyers
C0498,Individual,Nancy,Collins,1948-11-21,F,Canada,Alberta,Personal Use,2,Yes,Website,76.1,International,Canada,3,1007455.29,335818.43,419982.23,1258.3999999999999,1606.58,3,0.3333333333333333,2024-01-03,2024-01-12,9,366,False,0,-1.3246296539205382,-2.182214379386755,Core Growth Buyers
C0499,Individual,Lisa,Patterson,1946-02-10,F,USA,Colorado,Personal Use,3,Yes,Agency,78.9,Domestic,USA,3,897769.81,299256.60333333333,383627.2,863.7633333333333,1033.2,3,0.3333333333333333,2024-01-02,2025-01-02,366,10,False,1,-2.1187102827694777,0.2921182059460162,Financed Value Seekers
C0500,Individual,Dennis,Howard,1977-03-15,M,USA,California,Personal Use,4,Yes,Website,47.8,Domestic,USA,3,1294944.52,431648.17333333334,476123.08,1438.2933333333333,1678.17,3,0.3333333333333333,2024-01-08,2024-01-12,4,366,False,0,0.3410410231905583,-2.9800368975011446,Core Growth Buyers
C0501,Individual,Kenneth,Jackson,1995-11-12,M,USA,Nevada,Investment,5,Yes,Agency,29.2,Domestic,USA,4,1741166.27,435291.5675,545614.44,1454.35,1957.16,4,0.25,2024-01-01,2025-01-05,370,7,True,2,2.512429855326699,-0.16873349807507826,Premium Buyers
C0502,Individual,Madison,Gray,1966-11-28,F,USA,Arizona,Personal Use,4,No,Website,58.1,Domestic,USA,4,1537989.75,384497.4375,483760.31,1324.385,1599.78,4,0.5,2024-01-01,2025-01-08,373,4,False,2,1.45297926022163,0.42113763879101296,Premium Buyers
C0503,Individual,Keith,Peterson,1943-09-26,M,USA,Utah,Investment,2,Yes,Client,81.3,Domestic,USA,4,1432167.34,358041.835,609798.92,1135.53,1832.17,4,0.25,2024-01-03,2025-01-09,372,3,True,2,1.3031194179478016,0.6209849908052203,Premium Buyers
C0504,Individual,Jeffrey,Green,1992-01-14,M,USA,Utah,Personal Use,2,No,Website,33.0,Domestic,USA,4,1367188.58,341797.145,463948.75,1108.6075,1522.89,4,0.0,2024-01-04,2025-01-12,374,0,False,2,0.2702452469431782,0.8879653709934536,Premium Buyers
C0505,Individual,Katherine,Wilson,1995-07-18,F,USA,Arizona,Personal Use,3,No,Agency,29.5,Domestic,USA,3,1043535.21,347845.07,462127.71,1125.17,1562.55,3,0.0,2024-01-02,2024-01-09,7,369,False,0,-1.3502807405407067,-2.1848026396440656,Core Growth Buyers
C0506,Individual,Albert,Stone,1967-07-04,M,USA,California,Personal Use,5,No,Agency,57.5,Domestic,USA,3,1122203.03,374067.6766666667,461159.55,1267.4066666666668,1646.02,3,0.3333333333333333,2024-01-09,2025-01-11,368,1,False,2,-0.15901823990126346,-0.8059157186672732,Premium Buyers
C0507,Individual,Mark,Morales,1951-02-26,M,USA,New York,Personal Use,3,No,Website,73.9,Domestic,USA,3,1062656.6099999999,354218.86999999994,474018.4,1221.3833333333334,1723.2,3,0.0,2024-01-04,2025-01-06,368,6,False,1,-0.43560744717032096,-0.6109408277438819,Financed Value Seekers
C0508,Individual,Grace,Weaver,1970-01-06,F,USA,Nevada,Personal Use,5,No,Agency,55.0,Domestic,USA,3,833710.06,277903.35333333333,463860.46,900.6166666666667,1351.57,3,0.3333333333333333,2024-01-06,2025-01-01,361,11,False,1,-1.9017569790275983,0.11763136772078181,Financed Value Seekers
C0509,Individual,Aaron,Cook,1956-04-02,M,Belgium,Wallonia,Personal Use,3,No,Website,68.8,International,Belgium,4,1687930.25,421982.5625,636508.92,1333.2775000000001,1817.64,4,0.25,2024-01-10,2025-01-01,357,11,False,2,2.5749978483026124,-0.0607629180321507,Premium Buyers
C0510,Individual,Samantha,Evans,1947-08-28,F,France,Brittany,Investment,1,Yes,Website,77.4,International,France,3,1094232.67,364744.2233333333,504493.45,1243.8233333333333,1803.36,3,0.0,2024-01-05,2025-01-07,368,5,True,2,-0.21252285841733642,-0.8440489520163156,Premium Buyers
C0511,Individual,Christine,Parker,1954-07-20,F,UK,England,Personal Use,2,No,Website,70.5,International,UK,3,1090537.6,363512.5333333334,505829.95,1179.5233333333333,1739.03,3,0.6666666666666666,2024-01-10,2025-01-05,361,7,False,2,-0.23402960240346068,-0.8666294647222247,Premium Buyers
C0512,Individual,Hannah,Flores,1945-06-27,F,USA,Arizona,Personal Use,1,No,Client,79.5,Domestic,USA,3,1448158.1400000001,482719.38000000006,558618.92,1654.4733333333334,1908.91,3,0.0,2024-01-04,2025-01-11,373,1,False,2,2.141180187172754,-2.0366560039371446,Premium Buyers
C0513,Individual,Christian,Morales,1999-03-07,M,USA,Florida,Personal Use,2,Yes,Agency,25.9,Domestic,USA,3,974596.63,324865.54333333333,491938.8,1049.5133333333333,1523.22,3,0.0,2024-01-05,2024-01-12,7,366,False,0,-1.6253913464605803,-2.0789695208147774,Core Growth Buyers
C0514,Individual,Rebecca,Evans,1977-08-17,F,USA,Oregon,Personal Use,1,Yes,Website,47.4,Domestic,USA,4,1528027.54,382006.885,598032.14,1316.0375,1848.51,4,0.5,2024-01-07,2025-01-07,366,5,False,2,1.8671410698750845,0.037887733307071514,Premium Buyers
C0515,Individual,Melissa,Patterson,1963-09-12,F,USA,California,Personal Use,1,Yes,Website,61.3,Domestic,USA,4,1561824.93,390456.2325,486501.61,1342.7925,1651.02,4,0.0,2024-01-06,2025-01-08,368,4,False,2,1.4480571012200427,0.34565096691925773,Premium Buyers
C0516,Individual,Lawrence,Nelson,1946-04-21,M,USA,Utah,Personal Use,3,No,Website,78.7,Domestic,USA,4,1437837.49,359459.3725,501892.72,1196.8899999999999,1899.92,4,0.25,2024-01-04,2024-01-11,7,367,False,0,0.4668053136389356,-0.8079015070844313,Core Growth Buyers
C0517,Individual,Harold,Thompson,1959-03-20,M,USA,California,Personal Use,5,No,Client,65.8,Domestic,USA,4,1115807.0,278951.75,413330.24,939.4875,1346.3,4,0.0,2024-01-03,2025-01-08,371,4,False,1,-0.971499710769696,1.7039823085007473,Financed Value Seekers
C0518,Corporate,Lumina,Co,1962-05-22,F,USA,New York,Personal Use,3,No,Website,62.6,Domestic,USA,4,1633111.65,408277.9125,657039.24,1196.9724999999999,1777.51,4,0.0,2024-01-07,2025-01-07,366,5,False,2,2.239209912563908,0.25195265506666353,Premium Buyers
C0519,Individual,Madison,Freeman,1975-10-04,F,USA,Arizona,Investment,3,No,Agency,49.3,Domestic,USA,3,981719.26,327239.75333333336,436603.35,1108.9966666666667,1451.17,3,0.0,2024-01-12,2025-01-07,361,5,True,1,-1.2051171033918884,-0.38302117590456725,Financed Value Seekers
C0520,Individual,Helen,White,1970-02-11,F,USA,Oregon,Personal Use,3,Yes,Agency,54.9,Domestic,USA,3,1033523.16,344507.72000000003,454823.84,1108.9966666666667,1451.17,3,0.0,2024-01-01,2025-01-10,375,2,False,1,-0.8983458679848106,-0.43145555516634776,Financed Value Seekers
C0521,Individual,Stephanie,Allen,1967-04-02,F,Canada,British Columbia,Personal Use,3,No,Website,57.8,International,Canada,4,1074306.5,268576.625,428385.38,872.6800000000001,1430.46,4,0.0,2024-01-07,2025-01-08,367,4,False,1,-1.2291049849733242,1.6786814309694256,Financed Value Seekers
C0522,Individual,Nicole,Campbell,1942-07-13,F,USA,Virginia,Personal Use,5,No,Agency,82.5,Domestic,USA,3,993023.13,331007.71,365717.82,1240.6066666666666,1499.0,3,0.3333333333333333,2024-01-08,2025-01-12,370,0,False,1,-1.0818977249003656,-0.29048797942399823,Financed Value Seekers
C0523,Individual,Cynthia,Hansen,1960-08-22,F,USA,Colorado,Personal Use,2,No,Agency,64.4,Domestic,USA,3,928962.95,309654.31666666665,458362.92,1058.6633333333332,1394.03,3,0.6666666666666666,2024-01-11,2025-01-12,367,0,False,1,-1.2673091721689664,-0.3500022507948132,Financed Value Seekers
C0524,Individual,Harold,Thompson,1953-05-24,M,USA,Washington,Personal Use,3,No,Website,71.6,Domestic,USA,3,801104.6900000001,267034.89666666667,372739.71,897.3100000000001,1224.71,3,0.0,2024-01-02,2024-01-12,10,366,False,0,-2.9805747925305766,-1.1038151413178525,Core Growth Buyers
C0525,Individual,Frank,Gray,1950-06-12,M,USA,Arizona,Personal Use,4,Yes,Agency,74.6,Domestic,USA,4,1629457.52,407364.38,528447.33,1299.3274999999999,1899.92,4,0.25,2024-01-04,2025-01-12,374,0,False,2,1.8734875396130999,0.3910952279182003,Premium Buyers
C0526,Individual,Harold,Green,1968-02-28,M,Germany,Bavaria,Personal Use,5,No,Website,56.9,International,Germany,3,1301139.77,433713.25666666665,578194.07,1592.1233333333332,1833.96,3,0.3333333333333333,2024-01-04,2025-01-09,371,3,False,2,1.6532390921251983,-1.820643473761551,Premium Buyers
C0527,Individual,Andrew,Baker,1979-07-19,M,USA,California,Personal Use,2,No,Website,45.5,Domestic,USA,3,1138099.7,379366.56666666665,544170.95,1299.5366666666666,1830.46,3,0.0,2024-01-04,2024-01-10,6,368,False,0,-0.2520222709004259,-2.7058743388866437,Core Growth Buyers
C0528,Individual,Benjamin,Davis,2000-08-09,M,USA,Washington,Investment,2,No,Client,24.4,Domestic,USA,3,1118472.87,372824.29000000004,518036.13,1206.2733333333333,1713.09,3,0.3333333333333333,2024-01-03,2024-01-07,4,371,True,0,-0.6543883312399239,-2.647557802402285,Core Growth Buyers
C0529,Individual,Paul,Jordan,1973-11-14,M,USA,Nevada,Personal Use,4,Yes,Website,51.2,Domestic,USA,4,1268138.95,317034.7375,420874.11,1098.1675,1582.79,4,0.0,2024-01-01,2025-01-06,371,6,False,1,-0.19310234560877723,1.206163989897719,Financed Value Seekers
C0530,Individual,Patricia,Reed,1952-09-07,F,USA,Utah,Personal Use,2,Yes,Agency,72.3,Domestic,USA,4,1559124.69,389781.1725,579567.49,1246.7075,1904.38,4,0.0,2024-01-02,2025-01-07,371,5,False,2,1.7174101825549304,0.3804178940316066,Premium Buyers
C0531,Individual,Emily,White,1976-09-19,F,USA,California,Personal Use,1,No,Website,48.3,Domestic,USA,4,1911300.7799999998,477825.19499999995,580528.21,1510.65,1811.84,4,0.0,2024-01-06,2025-01-09,369,3,False,2,3.26815293029628,-0.4717421727315277,Premium Buyers
C0532,Individual,Lauren,Moore,1979-08-12,F,Belgium,Flanders,Personal Use,2,No,Website,45.4,International,Belgium,4,1075202.77,268800.6925,411253.4,990.9875000000001,1703.94,4,0.25,2024-01-01,2024-01-12,11,366,False,0,-1.5816405935587925,-0.16659583351828738,Core Growth Buyers
C0533,Individual,Jeffrey,Williams,1963-09-06,M,USA,Nevada,Investment,1,No,Agency,61.4,Domestic,USA,4,990028.19,247507.0475,438895.96,787.46,1401.81,4,0.25,2024-01-01,2025-01-08,373,4,True,1,-1.5947890521235633,1.7957284205681585,Financed Value Seekers
C0534,Individual,Bryan,Miller,1958-02-21,M,USA,California,Investment,1,No,Agency,66.9,Domestic,USA,3,1133195.2,377731.73333333334,406001.38,1371.6133333333335,1422.93,3,0.3333333333333333,2024-01-01,2024-01-09,8,369,True,0,-0.761065738493838,-2.56764204180241,Core Growth Buyers
C0535,Individual,Judith,Allen,1987-12-22,F,UK,Wales,Personal Use,3,No,Agency,37.1,International,UK,3,1299053.94,433017.98,494969.3,1386.32,1575.06,3,0.0,2024-01-01,2025-01-04,369,8,False,2,0.7083398805817571,-1.4431460970493593,Premium Buyers
C0536,Individual,Brittany,Weaver,1956-03-14,F,USA,Arizona,Investment,5,Yes,Website,68.8,Domestic,USA,3,983106.8400000001,327702.28,512156.34,1104.51,1787.13,3,0.3333333333333333,2024-01-05,2025-01-05,366,7,True,1,-0.7028070094339265,-0.4087022699949306,Financed Value Seekers
C0537,Individual,Carl,Baker,1962-04-25,M,USA,Florida,Personal Use,2,No,Client,62.7,Domestic,USA,4,1490327.5,372581.875,595842.66,1239.145,1926.19,4,0.5,2024-01-06,2025-01-11,371,1,False,2,1.6286144404825122,0.3088766599060611,Premium Buyers
C0538,Individual,Richard,Pierce,1969-04-23,M,USA,California,Personal Use,1,Yes,Agency,55.7,Domestic,USA,4,1206897.7000000002,301724.42500000005,464389.02,1103.3225,1940.69,4,0.25,2024-01-07,2025-01-09,368,3,False,1,-0.20274441377042296,1.0019038985942008,Financed Value Seekers
C0539,Individual,Lawrence,Bryant,1991-02-25,M,USA,California,Investment,1,Yes,Agency,33.9,Domestic,USA,4,1645321.2,411330.3,493737.03,1338.8999999999999,1657.84,4,0.25,2024-01-07,2025-01-12,371,0,True,2,1.684376923434112,0.09786085728808622,Premium Buyers
C0540,Individual,Anna,Long,1997-02-27,F,USA,New York,Personal Use,3,No,Agency,27.9,Domestic,USA,3,494173.31,164724.43666666668,193265.77,577.2433333333333,630.83,3,0.3333333333333333,2024-01-05,2025-01-11,372,1,False,1,-5.10669956120737,1.4951903919633351,Financed Value Seekers
C0541,Individual,Anthony,Garcia,2000-03-22,M,UK,Northern Ireland,Personal Use,3,No,Agency,24.8,International,UK,4,1721673.54,430418.385,566466.92,1296.5625,1577.36,4,0.0,2024-01-12,2025-01-12,366,0,False,2,2.1526300270117873,-0.007415556398942525,Premium Buyers
C0542,Corporate,Lumina,Co,1985-09-26,M,Mexico,Mexico City,Personal Use,3,No,Website,39.3,International,Other,4,1195819.4,298954.85,385011.74,1024.3375,1260.31,4,0.5,2024-01-04,2025-01-12,374,0,False,1,-0.7313945145437079,1.265479237644913,Financed Value Seekers
C0543,Individual,Joan,Parker,1947-07-23,F,USA,Texas,Personal Use,2,Yes,Website,77.5,Domestic,USA,3,753145.67,251048.55666666667,350655.95,862.8699999999999,1198.57,3,0.3333333333333333,2024-01-10,2025-01-06,362,6,False,1,-2.795499339594173,0.5300356551853168,Financed Value Seekers
C0544,Individual,Kevin,White,1974-10-16,M,USA,Utah,Personal Use,2,No,Website,50.2,Domestic,USA,4,1636756.28,409189.07,504689.77,1326.2525,1577.36,4,0.0,2024-01-07,2025-01-07,366,5,False,2,1.7307416312823092,0.257169595761872,Premium Buyers
C0545,Individual,Paul,Griffin,1942-08-04,M,USA,Colorado,Personal Use,1,Yes,Agency,82.4,Domestic,USA,3,1260126.39,420042.12999999995,532459.61,1452.2633333333333,1827.25,3,0.0,2024-01-10,2025-01-09,365,3,False,2,0.9473355450892074,-1.4287609191624537,Premium Buyers
C0546,Individual,Samuel,Flores,1967-12-23,M,Canada,Manitoba,Personal Use,4,No,Client,57.1,International,Canada,3,795528.06,265176.02,306339.37,932.37,1010.7,3,0.0,2024-01-02,2025-01-06,370,6,False,1,-2.8143695188592797,0.46669272139042545,Financed Value Seekers
C0547,Individual,Diane,Allen,1947-09-20,F,USA,California,Investment,2,No,Agency,77.3,Domestic,USA,4,1178457.95,294614.4875,388928.18,1028.3225,1283.8,4,0.0,2024-01-05,2025-01-10,371,2,True,1,-0.7791658024914065,1.4867954097028693,Financed Value Seekers
C0548,Individual,Christopher,Foster,1980-04-11,M,USA,California,Personal Use,2,No,Agency,44.8,Domestic,USA,3,1047476.9299999999,349158.9766666666,515231.68,1186.4366666666667,1678.17,3,0.3333333333333333,2024-01-01,2024-01-07,6,371,False,0,-0.9130656778087062,-2.438486790080563,Core Growth Buyers
C0549,Individual,Daniel,Sanders,1972-10-15,M,USA,Florida,Personal Use,4,No,Website,52.2,Domestic,USA,3,941219.76,313739.92,386941.83,1082.75,1369.96,3,0.0,2024-01-09,2025-01-11,368,1,False,1,-1.5693051177422292,-0.0920235470544715,Financed Value Seekers
C0550,Corporate,Vertex,Co,1967-04-09,F,USA,Nevada,Personal Use,1,No,Agency,57.8,Domestic,USA,4,1414568.09,353642.0225,445954.78,1123.6174999999998,1495.57,4,0.0,2024-01-05,2024-01-08,3,370,False,0,-0.15361194538213155,-0.7090400800256578,Core Growth Buyers
C0551,Individual,Billy,Freeman,1960-05-17,M,USA,California,Investment,4,No,Website,64.7,Domestic,USA,3,1007397.56,335799.1866666667,543106.45,1110.6233333333332,1689.08,3,0.0,2024-01-04,2025-01-03,365,9,True,1,-0.5306979019177143,-0.509922493902034,Financed Value Seekers
C0552,Individual,Kyle,Cook,1965-10-20,M,USA,Virginia,Investment,3,No,Agency,59.2,Domestic,USA,3,1141476.56,380492.1866666667,546573.79,1196.1733333333334,1608.56,3,0.3333333333333333,2024-01-01,2025-01-09,374,3,True,2,0.13437636179148166,-0.943924642005529,Premium Buyers
C0553,Individual,James,Bell,1978-11-26,M,USA,Arizona,Personal Use,3,No,Website,46.1,Domestic,USA,3,821534.9400000001,273844.98000000004,375810.64,897.3100000000001,1224.71,3,0.3333333333333333,2024-01-11,2025-01-08,363,4,False,1,-2.398482624662178,0.2491853704405888,Financed Value Seekers
C0554,Individual,Carl,Moore,1948-12-24,M,Australia,Victoria,Personal Use,1,Yes,Agency,76.1,International,Other,4,1643592.85,410898.2125,533306.66,1295.2649999999999,1777.51,4,0.25,2024-01-03,2025-01-03,366,9,False,2,1.8272556702302725,0.19353151097991414,Premium Buyers
C0555,Individual,Aaron,Nelson,1971-04-23,M,USA,California,Investment,4,Yes,Agency,53.7,Domestic,USA,3,1064533.27,354844.42333333334,507714.49,1162.6166666666666,1496.62,3,0.3333333333333333,2024-01-11,2025-01-08,363,4,True,2,-0.3906189943523506,-0.7241792022374309,Premium Buyers
C0556,Individual,Zachary,Sanders,1958-10-17,M,USA,Colorado,Personal Use,5,No,Website,66.2,Domestic,USA,3,1335478.18,445159.3933333333,508776.17,1526.9566666666667,1621.39,3,0.3333333333333333,2024-01-04,2025-01-11,373,1,False,2,1.3741495169231848,-1.534393053657583,Premium Buyers
C0557,Individual,Judy,Griffin,1941-09-25,F,USA,Utah,Investment,2,No,Website,83.3,Domestic,USA,3,733161.98,244387.32666666666,384719.5,791.0400000000001,1241.14,3,0.0,2024-01-02,2025-01-12,376,0,True,1,-2.8763306906316544,0.7371198393212585,Financed Value Seekers
C0558,Individual,Cheryl,Wood,1974-10-23,F,Denmark,North Denmark,Personal Use,3,No,Website,50.2,International,Other,3,1033995.96,344665.32,492997.29,1092.54,1532.89,3,0.0,2024-01-12,2025-01-11,365,1,False,1,-0.7735585162571887,-0.5354145935551917,Financed Value Seekers
C0559,Corporate,Corvus,Co,1969-08-18,M,USA,California,Personal Use,5,No,Client,55.4,Domestic,USA,4,1004028.87,251007.2175,438095.92,786.87,1370.17,4,0.25,2024-01-03,2025-01-09,372,3,False,1,-1.4734569980575718,1.9160579548930137,Financed Value Seekers
C0560,Individual,Janice,Nelson,1988-04-20,F,Australia,South Australia,Personal Use,3,No,Website,36.7,International,Other,3,1433718.12,477906.04000000004,575175.8,1500.72,1790.69,3,0.3333333333333333,2024-01-01,2025-01-11,376,1,False,2,1.8653723010906966,-1.984167933436486,Premium Buyers
C0561,Corporate,Bravada,Co,1962-11-20,F,USA,Arizona,Investment,3,No,Website,62.1,Domestic,USA,4,1589252.43,397313.1075,503687.91,1298.145,1599.44,4,0.0,2024-01-06,2025-01-01,361,11,True,2,1.5458793212537065,0.4100790628944187,Premium Buyers
C0562,Individual,Judy,Peterson,1940-11-23,F,USA,Utah,Investment,5,Yes,Website,84.1,Domestic,USA,4,1423675.7200000002,355918.93000000005,604532.8,1154.105,1848.51,4,0.0,2024-01-01,2025-01-07,372,5,True,2,1.3354895335200148,0.7871435379748764,Premium Buyers
C0563,Individual,William,Howard,1991-01-22,M,USA,California,Personal Use,2,Yes,Agency,34.0,Domestic,USA,4,1012807.9299999999,253201.98249999998,301398.29,842.75,917.53,4,0.25,2024-01-11,2025-01-07,362,5,False,1,-2.1012149089870613,1.856559331882956,Financed Value Seekers
C0564,Individual,Scott,Adams,1952-09-02,M,USA,Texas,Personal Use,1,No,Agency,72.4,Domestic,USA,3,1135017.6,378339.2,600992.42,1250.3066666666666,1721.96,3,0.0,2024-01-11,2025-01-10,365,2,False,2,0.42100959619048817,-1.1105309537076924,Premium Buyers
C0565,Individual,Austin,Wood,1985-09-26,M,France,Brittany,Personal Use,1,No,Website,39.3,International,France,3,1043494.3200000001,347831.44,545741.02,1167.2766666666666,1723.12,3,0.0,2024-01-07,2025-01-07,366,5,False,2,-0.40161561503667287,-0.8975299880697611,Premium Buyers
C0566,Individual,Janice,Miller,2000-12-09,F,USA,Oregon,Investment,4,Yes,Agency,24.1,Domestic,USA,4,1167701.9,291925.475,575087.19,965.295,1862.29,4,0.0,2024-01-04,2025-01-09,371,3,True,1,-0.10278755133488837,1.0719138482139456,Financed Value Seekers
C0567,Individual,Megan,Chavez,1953-10-07,F,Russia,Saint Petersburg,Investment,2,Yes,Agency,71.3,International,Other,4,1869286.1,467321.525,650710.38,1546.3875,1957.16,4,0.25,2024-01-04,2025-01-10,372,2,True,2,3.568767455820209,-0.6048356853293098,Premium Buyers
C0568,Individual,Timothy,Wright,1953-09-04,M,USA,California,Personal Use,3,No,Website,71.4,Domestic,USA,3,944335.88,314778.62666666665,449151.55,1015.9399999999999,1499.0,3,0.6666666666666666,2024-01-01,2024-01-09,8,369,False,0,-1.7863307568522833,-1.7730424679858945,Core Growth Buyers
C0569,Individual,Mary,Cook,1971-12-05,F,USA,California,Personal Use,5,Yes,Client,53.1,Domestic,USA,3,1384749.3,461583.10000000003,522654.07,1460.493333333333,1559.34,3,0.0,2024-01-02,2025-01-11,375,1,False,2,1.4011532545023377,-1.5238777083087218,Premium Buyers
C0570,Individual,Hannah,Peterson,1965-06-03,F,France,Occitanie,Personal Use,5,Yes,Website,59.6,International,France,4,1527210.47,381802.6175,526682.25,1310.8225,1874.7,4,0.0,2024-01-01,2024-01-06,5,372,False,0,1.010039013063571,-1.135239011368682,Core Growth Buyers
C0571,Individual,Adam,Chavez,1966-07-03,M,USA,California,Personal Use,3,No,Website,58.5,Domestic,USA,4,1549969.49,387492.3725,419927.79,1458.93,1859.83,4,0.25,2024-01-02,2024-01-06,4,372,False,0,0.8803489285484696,-1.2702754750835827,Core Growth Buyers
C0572,Individual,Ann,Johnson,1993-11-12,F,USA,California,Investment,5,No,Website,31.2,Domestic,USA,4,1519677.44,379919.36,450012.44,1228.8325,1746.48,4,0.0,2024-01-03,2025-01-04,367,8,True,2,0.9345190486880162,0.6584210929336345,Premium Buyers
C0573,Corporate,Altira,Co,1977-04-24,M,USA,Georgia,Personal Use,4,Yes,Agency,47.7,Domestic,USA,3,785842.76,261947.58666666667,427006.84,849.7466666666668,1272.95,3,0.0,2024-01-03,2024-01-11,8,367,False,0,-2.9185131552932275,-1.2110572013461571,Core Growth Buyers
C0574,Individual,Gerald,Cox,1968-09-15,M,USA,California,Personal Use,2,No,Agency,56.3,Domestic,USA,4,1261906.32,315476.58,523216.37,1052.2475,1623.8,4,0.25,2024-01-05,2025-01-06,367,6,False,1,0.16709648721557213,0.9515833795949117,Financed Value Seekers
C0575,Individual,Brian,Hansen,1966-01-21,M,USA,California,Investment,2,No,Website,59.0,Domestic,USA,3,1018391.27,339463.75666666665,506852.64,1107.81,1575.06,3,0.3333333333333333,2024-01-01,2024-01-12,11,366,True,0,-1.16557616576728,-2.149192047888706,Core Growth Buyers
C0576,Individual,Terry,Reyes,1959-02-24,M,Germany,Hamburg,Personal Use,1,No,Client,65.9,International,Germany,3,1047406.79,349135.5966666667,516482.69,1082.8966666666668,1519.64,3,0.0,2024-01-06,2024-01-12,6,366,False,0,-1.1612592355696782,-2.1767819819718404,Core Growth Buyers
C0577,Individual,Christopher,Miller,1989-05-18,M,USA,Arizona,Personal Use,3,No,Website,35.7,Domestic,USA,3,693899.0099999999,231299.66999999995,279379.41,879.3433333333332,1006.65,3,0.0,2024-01-02,2025-01-05,369,7,False,1,-3.413682746732904,0.6641380897854354,Financed Value Seekers
C0578,Individual,Lauren,Rogers,1999-07-22,F,USA,Arizona,Personal Use,5,Yes,Client,25.5,Domestic,USA,3,707276.53,235758.84333333335,266964.5,899.7566666666667,954.54,3,0.0,2024-01-07,2025-01-02,361,10,False,1,-3.392189742452307,0.629317457334373,Financed Value Seekers
C0579,Individual,Christopher,Ward,1941-09-04,M,USA,Texas,Investment,3,No,Website,83.4,Domestic,USA,3,1198428.6400000001,399476.2133333334,592851.63,1299.5366666666666,1830.46,3,0.0,2024-01-06,2025-01-11,371,1,True,2,0.7786445939134082,-1.0975375981269453,Premium Buyers
C0580,Individual,Heather,Watson,1948-11-01,F,USA,California,Personal Use,2,Yes,Client,76.2,Domestic,USA,4,2158954.7800000003,539738.6950000001,620192.42,1726.0575,1934.75,4,0.0,2024-01-01,2025-01-10,375,2,False,2,4.685207537169284,-0.9698074703861465,Premium Buyers
C0581,Individual,Kimberly,Stewart,1957-12-21,F,USA,California,Investment,5,Yes,Website,67.1,Domestic,USA,4,1029755.56,257438.89,371216.71,801.065,1125.84,4,0.25,2024-01-03,2024-01-09,6,369,True,0,-2.164578197744976,0.47869098049312725,Core Growth Buyers
C0582,Individual,Teresa,Pierce,1940-02-10,F,USA,Washington,Investment,3,Yes,Website,84.9,Domestic,USA,3,708559.1499999999,236186.3833333333,387349.97,791.0400000000001,1241.14,3,0.3333333333333333,2024-01-06,2025-01-12,372,0,True,1,-2.8868440163675295,0.7354457160064203,Financed Value Seekers
C0583,Individual,Kevin,Scott,1986-10-27,M,USA,California,Personal Use,2,No,Agency,38.2,Domestic,USA,4,1237228.18,309307.045,390024.91,996.7025,1231.75,4,0.0,2024-01-02,2025-01-12,376,0,False,1,-0.7080128897865546,1.3361597597604251,Financed Value Seekers
C0584,Individual,Janice,Taylor,1982-11-03,F,USA,California,Personal Use,5,No,Website,42.2,Domestic,USA,3,1135691.62,378563.87333333335,501136.87,1350.9733333333334,1720.95,3,0.0,2024-01-11,2025-01-06,361,6,False,2,0.18202624393881361,-1.0456193996389842,Premium Buyers
C0585,Individual,Anthony,Edwards,1961-02-07,M,USA,Colorado,Personal Use,3,No,Agency,63.9,Domestic,USA,4,1003690.1799999999,250922.54499999998,298657.8,886.4275,1044.69,4,0.25,2024-01-01,2025-01-10,375,2,False,1,-1.9725767886813745,1.9965697358757781,Financed Value Seekers
C0586,Individual,Noah,Morales,1977-06-14,M,USA,California,Personal Use,2,Yes,Client,47.6,Domestic,USA,3,1226524.31,408841.4366666667,553899.49,1286.4266666666667,1712.06,3,0.0,2024-01-06,2025-01-07,367,5,False,2,0.5709322203894709,-1.255456056462335,Premium Buyers
C0587,Individual,Pamela,Richardson,1992-11-24,F,USA,New York,Personal Use,4,No,Website,32.1,Domestic,USA,4,1093439.8399999999,273359.95999999996,386382.22,911.785,1355.85,4,0.0,2025-01-01,2025-01-10,9,2,False,1,-1.5309521202752698,0.8886700556053538,Financed Value Seekers
C0588,Individual,Janice,White,1989-11-20,F,USA,Florida,Personal Use,2,No,Website,35.1,Domestic,USA,4,1495976.1400000001,373994.03500000003,529783.19,1271.345,1914.21,4,0.0,2024-01-01,2025-01-07,372,5,False,2,1.2906807778083174,0.3696686907987216,Premium Buyers
C0589,Individual,Christopher,Williams,1946-09-21,M,USA,Texas,Investment,5,No,Client,78.3,Domestic,USA,4,1982246.22,495561.555,539246.07,1699.3675,1806.7,4,0.25,2024-01-02,2025-01-09,373,3,True,2,3.789610519080425,-0.536936548527205,Premium Buyers
C0590,Individual,Arthur,Campbell,1966-09-16,M,UK,Scotland,Investment,2,No,Website,58.3,International,UK,4,1105388.8900000001,276347.22250000003,364484.54,935.765,1232.31,4,0.0,2024-01-02,2025-01-07,371,5,True,1,-1.3410609036424685,1.6566842163870914,Financed Value Seekers
C0591,Individual,Dorothy,Long,1968-09-03,F,USA,Nevada,Personal Use,1,No,Website,56.4,Domestic,USA,3,1336217.65,445405.8833333333,473238.41,1460.493333333333,1559.34,3,0.0,2024-01-03,2025-01-02,365,10,False,2,0.9249033803003675,-1.5192504114782164,Premium Buyers
C0592,Individual,Roger,Moore,1972-03-06,M,USA,Arizona,Investment,2,No,Client,52.9,Domestic,USA,3,787516.58,262505.5266666667,353140.87,851.4266666666667,1033.2,3,0.0,2024-01-06,2025-01-04,364,8,True,1,-2.8043364296736395,0.4471673970217322,Financed Value Seekers
C0593,Individual,Elizabeth,Carter,1952-08-08,F,USA,California,Personal Use,2,Yes,Agency,72.4,Domestic,USA,4,2012063.38,503015.845,578707.72,1575.1075,1875.83,4,0.0,2024-01-04,2024-01-08,4,370,False,0,3.2253225974838156,-2.1402456802303553,Core Growth Buyers
C0594,Individual,Diane,Patterson,1942-08-02,F,USA,Utah,Personal Use,1,No,Agency,82.4,Domestic,USA,3,1137572.87,379190.9566666667,501939.76,1221.6766666666665,1724.08,3,0.0,2024-01-01,2025-01-08,373,4,False,2,-0.07553490291603446,-0.8127669987131474,Premium Buyers
C0595,Individual,Anna,Murray,1966-10-06,F,USA,Utah,Personal Use,3,No,Agency,58.3,Domestic,USA,3,914304.97,304768.3233333333,491381.22,934.4333333333334,1481.82,3,0.3333333333333333,2024-01-06,2025-01-04,364,8,False,1,-1.4458200116623923,-0.14563921371622943,Financed Value Seekers
C0596,Individual,Gerald,Phillips,1976-04-17,M,USA,Nevada,Personal Use,4,No,Agency,48.7,Domestic,USA,4,1094771.49,273692.8725,349555.66,1023.9675,1445.84,4,0.25,2025-01-03,2025-01-12,9,0,False,1,-1.4442337832521241,0.7822178062289136,Financed Value Seekers
C0597,Individual,Peter,King,1986-02-17,M,UK,Northern Ireland,Personal Use,2,Yes,Website,38.9,International,UK,3,976844.1699999999,325614.7233333333,336562.17,1033.6200000000001,1095.85,3,0.0,2024-01-06,2025-01-08,368,4,False,1,-1.8730385581603484,-0.12750274505709608,Financed Value Seekers
C0598,Individual,Jacob,Gray,1949-06-24,M,USA,Colorado,Investment,4,No,Website,75.6,Domestic,USA,4,1398930.7000000002,349732.67500000005,578866.18,1135.53,1832.17,4,0.0,2025-01-02,2025-01-12,10,0,True,2,0.8216521385906247,0.055450547894491886,Premium Buyers
C0599,Individual,Jennifer,Turner,1998-03-19,F,Canada,Alberta,Personal Use,2,No,Agency,26.8,International,Canada,3,1162815.78,387605.26,519841.25,1354.0866666666668,1721.96,3,0.0,2024-01-04,2025-01-06,368,6,False,2,0.23262506481420364,-1.3465847318480426,Premium Buyers
C0600,Individual,Thomas,King,1984-03-17,M,USA,Oregon,Investment,1,No,Client,40.8,Domestic,USA,3,917709.61,305903.2033333333,331613.25,1042.71,1294.85,3,0.0,2024-01-06,2024-01-12,6,366,True,0,-2.6096164604314587,-1.6340759326037162,Core Growth Buyers
C0601,Individual,Lisa,Nelson,1972-10-16,F,USA,California,Personal Use,4,No,Website,52.2,Domestic,USA,4,1700411.72,425102.93,608461.19,1307.3,1811.36,4,0.0,2024-01-03,2025-01-07,370,5,False,2,2.4305626255867425,0.11373086382680525,Premium Buyers
C0602,Individual,Albert,Hayes,1984-03-24,M,Germany,Bavaria,Personal Use,4,No,Agency,40.8,International,Germany,4,905508.82,226377.205,319887.69,748.33,911.94,4,0.25,2024-01-04,2025-01-11,373,1,False,1,-2.4949879948656943,2.167358148562423,Financed Value Seekers
C0603,Individual,Diane,Thompson,1994-01-07,F,USA,New York,Personal Use,4,Yes,Agency,31.0,Domestic,USA,4,1218095.3,304523.825,402393.19,1027.81,1239.87,4,0.0,2024-01-04,2024-01-09,5,369,False,0,-1.1337525982894152,-0.2881193503429992,Core Growth Buyers
C0604,Individual,Danielle,Montgomery,1998-09-17,F,Belgium,Wallonia,Personal Use,1,No,Agency,26.3,International,Belgium,3,791133.03,263711.01,427718.82,919.0466666666666,1505.53,3,0.3333333333333333,2024-01-01,2025-01-07,372,5,False,1,-2.3437320864228255,-0.04545535683535114,Financed Value Seekers
C0605,Individual,Nathan,Flores,1974-06-28,M,USA,Utah,Personal Use,4,Yes,Agency,50.5,Domestic,USA,4,1407314.33,351828.5825,470883.03,1267.07,1733.36,4,0.25,2024-01-01,2024-01-12,11,366,False,0,0.3085209391959596,-0.9286692547151327,Core Growth Buyers
C0606,Individual,Carolyn,Stone,1949-12-25,F,France,Ile-de-France,Investment,1,No,Website,75.0,International,France,3,1070969.53,356989.8433333333,442981.99,1146.2633333333333,1440.71,3,0.0,2024-01-03,2025-01-12,375,0,True,1,-0.7725494017986533,-0.511537038343951,Financed Value Seekers
C0607,Individual,Daniel,Edwards,1962-09-14,M,USA,California,Personal Use,1,No,Agency,62.3,Domestic,USA,3,1125230.1199999999,375076.7066666666,381636.61,1371.6133333333335,1422.93,3,0.0,2024-01-02,2024-01-12,10,366,False,0,-0.9438407075646253,-2.4566505712701208,Core Growth Buyers
C0608,Individual,Jerry,Adams,1956-06-14,M,USA,California,Personal Use,4,No,Agency,68.6,Domestic,USA,4,1201411.56,300352.89,564420.33,1018.5225,1919.31,4,0.25,2024-01-04,2024-01-06,2,372,False,0,-0.3300075411154719,-0.4859412776455316,Core Growth Buyers
C0609,Individual,Julia,Richardson,1961-05-22,F,USA,Washington,Personal Use,4,No,Agency,63.6,Domestic,USA,4,1307567.64,326891.91,539078.45,1255.1325000000002,1806.7,4,0.0,2024-01-08,2025-01-08,366,4,False,2,0.791726140201642,0.7001644397361951,Premium Buyers
C0610,Individual,Ann,Owens,1970-05-10,F,USA,California,Investment,4,No,Website,54.7,Domestic,USA,3,1178597.68,392865.8933333333,477431.41,1339.73,1721.96,3,0.0,2024-01-02,2025-01-09,373,3,True,2,0.20144470411137722,-0.9865890177399365,Premium Buyers
C0611,Individual,Jacob,Price,1950-12-06,M,USA,California,Personal Use,4,No,Agency,74.1,Domestic,USA,4,1142671.94,285667.985,433951.65,997.415,1487.05,4,0.0,2024-01-03,2025-01-07,370,5,False,1,-0.6893925410444417,1.5281133821044546,Financed Value Seekers
C0612,Individual,Kevin,Wood,1960-01-26,M,USA,Florida,Personal Use,4,No,Agency,65.0,Domestic,USA,4,1671846.3,417961.575,633040.56,1389.15,1949.35,4,0.0,2024-01-01,2024-01-11,10,367,False,0,2.1185323263314424,-1.5831372995323445,Core Growth Buyers
C0613,Individual,Cynthia,Cox,1995-10-02,F,Australia,Victoria,Personal Use,4,No,Agency,29.3,International,Other,3,1186019.52,395339.84,447068.49,1366.5633333333335,1617.43,3,0.0,2024-01-01,2025-01-10,375,2,False,2,0.04386435673778672,-1.1433963755650296,Premium Buyers
C0614,Individual,George,Bryant,1972-01-07,M,UK,Wales,Personal Use,3,Yes,Website,53.0,International,UK,4,1025958.38,256489.595,323890.25,858.9825,1157.23,4,0.25,2024-01-03,2025-01-06,369,6,False,1,-1.871003542729024,1.8924421613059375,Financed Value Seekers
C0615,Individual,Jordan,King,1957-01-12,M,USA,Utah,Personal Use,2,Yes,Website,68.0,Domestic,USA,4,919002.01,229750.5025,284149.74,748.33,911.94,4,0.0,2024-01-01,2025-01-10,375,2,False,1,-2.5909065353352765,2.3729817440926584,Financed Value Seekers
C0616,Individual,Julie,Brooks,1963-04-17,F,USA,Virginia,Investment,1,Yes,Agency,61.7,Domestic,USA,3,1013364.3,337788.10000000003,519571.55,1074.6233333333332,1519.64,3,0.3333333333333333,2024-01-11,2025-01-02,357,10,True,1,-0.73968355839213,-0.641173911691487,Financed Value Seekers
C0617,Individual,Carolyn,Evans,1986-10-07,F,USA,Ohio,Personal Use,5,Yes,Website,38.3,Domestic,USA,3,766861.21,255620.40333333332,408314.89,849.6366666666667,1297.3,3,0.0,2024-01-02,2024-01-10,8,368,False,0,-3.0494251235318366,-1.1283433967777299,Core Growth Buyers
C0618,Individual,Austin,Taylor,1968-05-11,M,USA,Texas,Personal Use,3,No,Agency,56.7,Domestic,USA,3,982803.0,327601.0,498882.11,1113.29,1672.99,3,0.3333333333333333,2024-01-04,2024-01-09,5,369,False,0,-1.3215343215390316,-2.1128342303268175,Core Growth Buyers
C0619,Individual,Heather,Morales,1970-04-25,F,USA,Washington,Personal Use,4,No,Website,54.7,Domestic,USA,3,1411977.41,470659.13666666666,545321.51,1471.8999999999999,1620.07,3,0.6666666666666666,2024-01-04,2024-01-07,3,371,False,0,1.2104472983348058,-3.370748922436353,Core Growth Buyers
C0620,Individual,Sarah,Howard,1960-04-22,F,France,Brittany,Personal Use,3,No,Website,64.7,International,France,3,1532429.29,510809.76333333337,619177.19,1504.28,1765.37,3,0.3333333333333333,2024-01-09,2025-01-08,365,4,False,2,2.481118288294702,-2.116859427234408,Premium Buyers
C0621,Individual,Jonathan,Turner,1982-02-13,M,Germany,Bavaria,Investment,3,Yes,Agency,42.9,International,Germany,3,791609.11,263869.7033333333,372530.49,869.7866666666667,1283.67,3,0.0,2024-01-10,2025-01-04,360,8,True,1,-2.702310691592633,0.31095180885519375,Financed Value Seekers
C0622,Individual,Katherine,Ward,1987-10-09,F,USA,Washington,Investment,2,No,Client,37.3,Domestic,USA,3,869334.73,289778.24333333335,353174.47,980.8699999999999,1198.57,3,0.0,2024-01-02,2025-01-12,376,0,True,1,-2.27651031807261,0.10720229000508621,Financed Value Seekers
C0623,Individual,Jonathan,Adams,1986-04-27,M,USA,Florida,Investment,3,Yes,Client,38.7,Domestic,USA,4,1410333.45,352583.3625,490155.8,1146.02,1677.84,4,0.25,2024-01-03,2025-01-11,374,1,True,2,0.6304703840328645,0.7333436176775469,Premium Buyers
C0624,Individual,Carl,Jordan,2000-09-02,M,USA,Nevada,Investment,3,No,Agency,24.4,Domestic,USA,3,1215611.54,405203.8466666667,497030.07,1413.8666666666668,1720.95,3,0.0,2024-01-09,2025-01-11,368,1,True,2,0.47036575380583406,-1.3884257425401945,Premium Buyers
C0625,Individual,Deborah,Hayes,1983-07-08,F,Belgium,Flanders,Investment,2,Yes,Agency,41.5,International,Belgium,4,1000166.88,250041.72,308545.24,851.0225,1089.77,4,0.25,2024-01-06,2025-01-11,371,1,True,1,-2.1130009242989027,1.8690999807528343,Financed Value Seekers
C0626,Individual,Sara,Jones,1968-06-13,F,Germany,Hamburg,Investment,2,No,Website,56.6,International,Germany,3,1061694.1300000001,353898.0433333334,448491.59,1244.5566666666666,1606.58,3,0.0,2024-01-04,2025-01-09,371,3,True,1,-0.6111022707058344,-0.7273061592224818,Financed Value Seekers
C0627,Individual,Katherine,Johnson,2000-11-07,F,USA,Arizona,Personal Use,3,No,Agency,24.2,Domestic,USA,4,1870806.42,467701.605,562008.09,1726.0575,1934.75,4,0.5,2024-01-03,2024-01-11,8,367,False,0,3.0098773730293034,-2.467021516189373,Core Growth Buyers
C0628,Individual,Arthur,Campbell,1985-05-16,M,Canada,British Columbia,Personal Use,3,Yes,Agency,39.7,International,Canada,4,1623109.63,405777.4075,601135.7,1250.39,1795.66,4,0.25,2024-01-01,2025-01-07,372,5,False,2,1.9826719403453343,0.09354090944541754,Premium Buyers
C0629,Individual,Maria,Richardson,1946-07-09,F,USA,California,Investment,2,No,Agency,78.5,Domestic,USA,3,961721.77,320573.92333333334,404054.56,1129.1766666666665,1458.08,3,0.0,2024-01-02,2025-01-10,374,2,True,1,-1.349191086992036,-0.20546691059299127,Financed Value Seekers
C0630,Individual,Stephen,Roberts,1965-07-28,M,USA,California,Personal Use,2,No,Website,59.5,Domestic,USA,4,1308077.6099999999,327019.40249999997,521382.1,1075.5049999999999,1618.34,4,0.25,2024-01-07,2025-01-12,371,0,False,2,0.380234922975365,0.9355590844245383,Premium Buyers
C0631,Individual,Dorothy,Flores,1966-12-11,F,USA,California,Personal Use,5,No,Website,58.1,Domestic,USA,4,1534891.22,383722.805,458349.81,1227.645,1733.36,4,0.25,2024-01-06,2025-01-05,365,7,False,2,1.113988925723291,0.6924022067886001,Premium Buyers
C0632,Individual,Thomas,Nelson,1948-05-16,M,UK,Northern Ireland,Personal Use,4,No,Website,76.7,International,UK,4,1146845.98,286711.495,386036.16,947.7475,1232.2,4,0.0,2024-01-10,2025-01-05,361,7,False,1,-1.0107028787739025,1.6802181583351663,Financed Value Seekers
C0633,Individual,Ann,Owens,1941-05-12,F,USA,Nevada,Personal Use,3,No,Agency,83.7,Domestic,USA,4,1207516.26,301879.065,526337.84,928.745,1634.67,4,0.0,2024-01-02,2025-01-10,374,2,False,1,-0.17928268048945772,1.4151764627757455,Financed Value Seekers
C0634,Individual,Justin,Ward,1980-11-17,M,USA,Washington,Investment,4,Yes,Website,44.2,Domestic,USA,3,1181693.63,393897.87666666665,498320.91,1393.1066666666666,1738.5,3,0.3333333333333333,2024-01-03,2025-01-01,364,11,True,2,0.42929458608125354,-1.2640644317315588,Premium Buyers
C0635,Individual,Kimberly,King,1960-06-14,F,UK,Scotland,Investment,5,No,Website,64.6,International,UK,3,1375700.03,458566.6766666667,503560.15,1460.493333333333,1559.34,3,0.6666666666666666,2024-01-09,2025-01-03,360,9,True,2,1.35121028668118,-1.612356822887858,Premium Buyers
C0636,Individual,Kathleen,Rogers,1980-11-10,F,France,Brittany,Personal Use,5,No,Website,44.2,International,France,4,981810.0800000001,245452.52000000002,368940.08,827.3575000000001,1314.38,4,0.0,2024-01-04,2025-01-12,374,0,False,1,-1.8571394219008428,1.9986758162936358,Financed Value Seekers
C0637,Individual,Catherine,Stone,1967-08-14,F,USA,California,Personal Use,2,No,Website,57.4,Domestic,USA,4,1602478.07,400619.5175,487674.6,1296.5625,1577.36,4,0.0,2024-01-02,2025-01-05,369,7,False,2,1.5012058367231842,0.40199740497312536,Premium Buyers
C0638,Individual,Jason,King,1975-02-04,M,USA,Ohio,Personal Use,5,Yes,Website,49.9,Domestic,USA,4,1347045.42,336761.355,527612.39,1204.4975,1891.72,4,0.25,2024-01-03,2025-01-02,365,10,False,2,0.8074032617699527,0.7117737526734591,Premium Buyers
C0639,Individual,Mark,Campbell,1961-03-03,M,UK,Scotland,Personal Use,3,Yes,Website,63.9,International,UK,3,861670.72,287223.5733333333,446713.63,1008.1300000000001,1606.58,3,0.0,2025-01-08,2025-01-11,3,1,False,1,-1.9926617102466453,-0.7936622562138018,Financed Value Seekers
C0640,Individual,Emily,Thompson,1967-03-01,F,USA,Utah,Personal Use,3,No,Agency,57.9,Domestic,USA,3,772950.1699999999,257650.05666666664,339275.85,915.6366666666667,1188.51,3,0.0,2024-01-04,2025-01-07,369,5,False,1,-2.755977470914232,0.4535440425058103,Financed Value Seekers
C0641,Corporate,Zynex,Co,1994-02-26,M,USA,Arizona,Personal Use,2,No,Agency,30.9,Domestic,USA,3,1217213.26,405737.75333333336,463667.58,1240.6066666666666,1499.0,3,0.0,2024-01-10,2025-01-03,359,9,False,2,-0.024600905611955638,-1.0888449257275212,Premium Buyers
C0642,Individual,Julia,Reyes,1967-11-21,F,USA,California,Personal Use,4,No,Website,57.1,Domestic,USA,3,1027140.61,342380.2033333333,512135.16,1161.5433333333333,1734.79,3,0.0,2024-01-01,2024-01-06,5,372,False,0,-1.0109256099353188,-2.1595597664703545,Core Growth Buyers
C0643,Individual,Samantha,Richardson,1974-05-05,F,USA,California,Personal Use,5,No,Website,50.7,Domestic,USA,3,928645.01,309548.33666666667,376815.49,1016.5033333333334,1394.03,3,0.0,2024-01-10,2025-01-11,367,1,False,1,-1.7737225976064042,0.08175474641836175,Financed Value Seekers
C0644,Individual,Teresa,Johnson,1956-08-25,F,USA,California,Personal Use,4,Yes,Agency,68.4,Domestic,USA,3,1549624.23,516541.41,599850.78,1630.1366666666665,1766.89,3,0.3333333333333333,2024-01-01,2024-01-12,11,366,False,0,2.232656629063974,-3.7991562991837573,Core Growth Buyers
C0645,Individual,Arthur,Cox,1988-07-18,M,USA,Nevada,Personal Use,2,No,Client,36.5,Domestic,USA,3,731453.53,243817.84333333335,268604.55,862.11,961.01,3,0.0,2025-01-01,2025-01-08,7,4,False,1,-3.6478419660248966,-0.15316090720090275,Financed Value Seekers
C0646,Individual,Cynthia,Campbell,1995-07-21,F,USA,Arizona,Investment,5,No,Agency,29.5,Domestic,USA,3,1325311.83,441770.61000000004,479212.8,1464.0166666666667,1581.88,3,0.0,2024-01-06,2025-01-12,372,0,True,2,0.9272024714226336,-1.4717851051867201,Premium Buyers
C0647,Individual,Victoria,Green,1946-02-06,F,USA,California,Personal Use,4,No,Agency,78.9,Domestic,USA,4,2115520.42,528880.105,647138.13,1676.3825,1874.35,4,0.25,2025-01-09,2025-01-12,3,0,False,2,4.406734266628784,-1.6661979042307233,Premium Buyers
C0648,Individual,Stephanie,Reed,1999-03-02,F,USA,California,Personal Use,1,Yes,Website,25.9,Domestic,USA,4,1142985.38,285746.345,404330.66,984.6475,1268.45,4,0.0,2024-01-04,2025-01-04,366,8,False,1,-0.9835275430878794,1.3036888018709218,Financed Value Seekers
C0649,Individual,Patricia,Mitchell,1995-03-01,F,USA,California,Personal Use,4,No,Agency,29.9,Domestic,USA,4,1401448.51,350362.1275,511233.23,1136.6925,1848.51,4,1.0,2024-01-04,2025-01-04,366,8,False,2,0.7922292736920943,0.5358422171179976,Premium Buyers
C0650,Corporate,Polaris,Co,1976-02-19,M,France,Occitanie,Personal Use,3,Yes,Client,48.9,International,France,3,799742.26,266580.75333333336,290736.09,932.37,1010.7,3,0.0,2024-01-02,2025-01-12,376,0,False,1,-2.8985758532709105,0.4484130471039945,Financed Value Seekers
C0651,Corporate,Horizon,Co,1993-01-14,M,USA,Washington,Personal Use,1,No,Agency,32.0,Domestic,USA,4,1077094.73,269273.6825,398037.98,948.7574999999999,1552.34,4,0.0,2024-01-03,2025-01-10,373,2,False,1,-1.288177516738581,1.4643617461508804,Financed Value Seekers
C0652,Individual,Heather,Johnson,1993-12-08,F,USA,Washington,Personal Use,2,No,Website,31.1,Domestic,USA,3,904157.22,301385.74,439896.91,985.5433333333334,1519.64,3,0.0,2024-01-08,2025-01-09,367,3,False,1,-1.7160922307972604,-0.15966172086607036,Financed Value Seekers
C0653,Individual,Gerald,Adams,1970-07-22,M,USA,Ohio,Personal Use,2,No,Client,54.5,Domestic,USA,4,1215543.15,303885.7875,421423.2,1053.27,1699.02,4,0.25,2024-01-08,2025-01-09,367,3,False,1,-0.4562039614805562,1.2042892789435329,Financed Value Seekers
C0654,Individual,Eric,Griffin,1960-05-07,M,USA,New York,Personal Use,2,Yes,Website,64.7,Domestic,USA,3,865293.89,288431.2966666667,388799.01,1015.9399999999999,1499.0,3,0.3333333333333333,2024-01-06,2025-01-09,369,3,False,1,-1.9334118344170976,0.024800370176970506,Financed Value Seekers
C0655,Individual,Patricia,King,1950-05-19,F,USA,Nevada,Personal Use,1,Yes,Agency,74.7,Domestic,USA,3,1071763.22,357254.4066666667,438371.45,1138.4233333333334,1365.73,3,0.0,2024-01-06,2025-01-05,365,7,False,1,-0.7972056639468731,-0.5204504299964419,Financed Value Seekers
C0656,Individual,Amber,Allen,1977-02-08,F,USA,Colorado,Personal Use,5,No,Client,47.9,Domestic,USA,4,1288383.38,322095.845,505553.38,1190.4075,1817.64,4,0.25,2024-01-02,2025-01-09,373,3,False,2,0.48356008953559804,0.8427897750990982,Premium Buyers
C0657,Individual,Alexander,Allen,1956-09-26,M,USA,California,Personal Use,2,No,Agency,68.3,Domestic,USA,3,1258111.3199999998,419370.43999999994,593053.61,1338.1466666666668,1692.5,3,0.0,2024-01-02,2025-01-11,375,1,False,2,1.0131472018839736,-1.3552271199562507,Premium Buyers
C0658,Individual,Kelly,Green,1999-12-13,F,USA,Virginia,Personal Use,3,Yes,Agency,25.1,Domestic,USA,3,1122021.28,374007.0933333333,491470.69,1271.67,1642.26,3,0.3333333333333333,2024-01-03,2025-01-11,374,1,False,2,-0.10158944418390362,-1.07175607101943,Premium Buyers
C0659,Individual,Sara,Foster,1988-10-06,F,USA,California,Personal Use,4,Yes,Agency,36.3,Domestic,USA,4,1000550.86,250137.715,315923.54,832.615,1044.69,4,0.25,2025-01-02,2025-01-11,9,1,False,1,-2.284979874105101,1.1894400720035656,Financed Value Seekers
C0660,Individual,Charles,Kim,1991-08-10,M,USA,Arizona,Personal Use,4,Yes,Client,33.4,Domestic,USA,3,1148308.35,382769.45,425964.32,1337.0533333333333,1505.53,3,0.0,2024-01-03,2025-01-06,369,6,False,2,-0.20850777115629482,-0.9607374331092222,Premium Buyers
C0661,Individual,Deborah,Williams,1961-06-25,F,Canada,Manitoba,Personal Use,3,No,Website,63.6,International,Canada,4,1627713.0499999998,406928.26249999995,621646.32,1299.3274999999999,1899.92,4,0.0,2024-01-01,2025-01-12,377,0,False,2,2.228378797979042,0.16086483819382946,Premium Buyers
C0662,Individual,Stephanie,Kim,1957-08-25,F,USA,California,Investment,3,No,Website,67.4,Domestic,USA,4,1520239.97,380059.9925,524135.1,1175.235,1610.37,4,0.0,2024-01-03,2025-01-03,366,9,True,2,1.2118493592961415,0.6678965945657162,Premium Buyers
C0663,Individual,Anthony,Flores,1958-02-02,M,USA,California,Personal Use,2,Yes,Agency,66.9,Domestic,USA,4,1544313.34,386078.335,601666.05,1234.8075,1795.66,4,0.0,2024-01-05,2025-01-10,371,2,False,2,1.7469840224599662,0.35239404221867743,Premium Buyers
C0664,Individual,Lawrence,Wood,1958-08-17,M,Canada,Alberta,Investment,5,Yes,Website,66.4,International,Canada,4,1063024.57,265756.1425,369441.6,897.47,1260.31,4,0.25,2024-01-04,2025-01-04,366,8,True,1,-1.4248619942939218,1.8190300773497676,Financed Value Seekers
C0665,Individual,Robert,Adams,1959-08-27,M,USA,Colorado,Investment,1,No,Agency,65.4,Domestic,USA,3,704886.02,234962.00666666668,259327.23,765.68,853.37,3,0.0,2024-01-05,2025-01-02,363,10,True,1,-3.7163347281104313,0.8839105052966607,Financed Value Seekers
C0666,Individual,Maria,Davis,1948-10-09,F,USA,California,Investment,1,No,Website,76.3,Domestic,USA,4,1532074.27,383018.5675,533934.58,1271.345,1914.21,4,0.5,2024-01-03,2025-01-12,375,0,True,2,1.5374838974050271,0.3910013920604147,Premium Buyers
C0667,Individual,Anthony,Mitchell,1966-07-07,M,USA,Arizona,Investment,2,No,Agency,58.5,Domestic,USA,4,1486560.06,371640.015,528551.13,1295.2649999999999,1777.51,4,0.0,2024-01-04,2024-01-12,8,366,True,0,0.8070139554096136,-1.1579694748146925,Core Growth Buyers
C0668,Individual,Margaret,Peterson,1978-11-15,F,France,Ile-de-France,Investment,4,Yes,Website,46.2,International,France,4,987175.01,246793.7525,407789.69,824.2025,1424.54,4,0.0,2024-01-11,2025-01-09,364,3,True,1,-1.6998972694079637,1.863148581718643,Financed Value Seekers
C0669,Individual,Cheryl,Bell,1958-03-18,F,Canada,British Columbia,Personal Use,3,No,Agency,66.8,International,Canada,3,1366533.49,455511.16333333333,540922.9,1599.3433333333332,1925.28,3,0.3333333333333333,2024-01-08,2025-01-07,365,5,False,2,1.6718809877361351,-1.918506697385952,Premium Buyers
C0670,Corporate,Altira,Co,1976-06-18,M,USA,Nevada,Investment,4,No,Website,48.6,Domestic,USA,3,1631973.5499999998,543991.1833333332,625384.45,1800.45,1870.54,3,0.0,2024-01-02,2025-01-01,365,11,True,2,3.3952021010853692,-2.6912135767268746,Premium Buyers
C0671,Individual,Jerry,Pierce,1941-12-09,M,USA,Colorado,Personal Use,4,Yes,Client,83.1,Domestic,USA,3,759678.12,253226.04,361032.68,849.6366666666667,1297.3,3,0.0,2025-01-02,2025-01-09,7,3,False,1,-3.005247792531488,-0.0890585439237424,Financed Value Seekers
C0672,Individual,Amber,Williams,1967-03-10,F,USA,California,Personal Use,2,No,Website,57.8,Domestic,USA,3,1301968.05,433989.35000000003,535756.29,1452.2633333333333,1827.25,3,0.3333333333333333,2024-01-09,2025-01-08,365,4,False,2,1.157126766093761,-1.5924955434325254,Premium Buyers
C0673,Individual,Janice,Hayes,1965-10-19,F,USA,California,Personal Use,4,No,Website,59.2,Domestic,USA,3,870503.9000000001,290167.96666666673,319736.59,1012.96,1163.06,3,0.0,2024-01-10,2025-01-11,367,1,False,1,-2.2658304946907,0.27701982335152686,Financed Value Seekers
C0674,Individual,Judy,Turner,1986-05-26,F,USA,California,Investment,4,No,Website,38.6,Domestic,USA,4,1733438.52,433359.63,584942.34,1365.9450000000002,1795.66,4,0.0,2024-01-01,2025-01-10,375,2,True,2,2.5001374098117837,-0.0011803544892236596,Premium Buyers
C0675,Individual,Andrea,Wright,1969-12-23,F,USA,Texas,Personal Use,5,No,Website,55.1,Domestic,USA,3,1117159.17,372386.38999999996,528517.95,1113.29,1672.99,3,0.3333333333333333,2024-01-08,2024-01-09,1,369,False,0,-0.6414127267130931,-2.2657080768457964,Core Growth Buyers
C0676,Individual,Lisa,Davis,1942-06-12,F,USA,Nevada,Personal Use,2,No,Agency,82.6,Domestic,USA,3,1022396.03,340798.6766666667,478630.37,989.0566666666667,1310.16,3,0.3333333333333333,2024-01-03,2024-01-03,0,375,False,0,-1.4954973023080207,-1.8738476005925564,Core Growth Buyers
C0677,Individual,Jerry,Miller,1981-09-02,M,USA,Arizona,Investment,2,No,Agency,43.4,Domestic,USA,4,1217015.1099999999,304253.77749999997,362582.49,1024.3375,1260.31,4,0.25,2024-01-03,2025-01-08,371,4,True,1,-0.8230405248530566,1.3218130691502323,Financed Value Seekers
C0678,Individual,Joseph,Watson,1972-10-19,M,USA,California,Personal Use,4,Yes,Website,52.2,Domestic,USA,3,904050.87,301350.29,449002.59,897.3100000000001,1224.71,3,0.6666666666666666,2024-01-02,2025-01-08,372,4,False,1,-1.6709953980254952,0.011771465633383865,Financed Value Seekers
C0679,Individual,Lisa,Patterson,1964-12-02,F,USA,Nevada,Personal Use,1,No,Agency,60.1,Domestic,USA,4,1945371.6800000002,486342.92000000004,542183.91,1726.0575,1934.75,4,0.25,2024-01-04,2025-01-10,372,2,False,2,3.638958446112025,-0.7882563923562064,Premium Buyers
C0680,Individual,Andrew,Griffin,1965-04-16,M,USA,Utah,Investment,2,No,Agency,59.7,Domestic,USA,4,1533727.71,383431.9275,527252.15,1333.2775,1817.64,4,0.0,2024-01-04,2025-01-11,373,1,True,2,1.5253972764180386,0.33139051792498525,Premium Buyers
C0681,Corporate,Helios,Co,1977-04-25,F,USA,California,Personal Use,3,No,Agency,47.7,Domestic,USA,4,736696.97,184174.2425,258314.7,658.8625,854.74,4,0.0,2024-01-02,2025-01-11,375,1,False,1,-3.484710503424254,2.66396533818234,Financed Value Seekers
C0682,Individual,Donald,Bennett,1973-06-12,M,USA,California,Personal Use,5,No,Website,51.6,Domestic,USA,4,1436006.22,359001.555,454375.43,1214.5625,1565.26,4,0.0,2024-01-06,2025-01-02,362,10,False,2,0.7167548918089807,0.8141881978467018,Premium Buyers
C0683,Individual,Patrick,Jordan,1948-08-20,M,USA,Colorado,Personal Use,2,Yes,Agency,76.4,Domestic,USA,3,1216565.53,405521.8433333333,484751.08,1463.22,1833.96,3,0.0,2024-01-04,2025-01-04,366,8,False,2,0.5905434899093215,-1.2902660597633062,Premium Buyers
C0684,Individual,Donald,Miller,1985-10-05,M,USA,California,Personal Use,1,No,Agency,39.3,Domestic,USA,4,1402625.45,350656.3625,472614.44,1120.62,1355.85,4,0.25,2024-01-04,2025-01-12,374,0,False,2,0.4461859400841139,0.7395006710342698,Premium Buyers
C0685,Individual,Sharon,Hansen,1987-04-18,F,USA,Washington,Personal Use,5,No,Agency,37.7,Domestic,USA,3,1129835.06,376611.6866666667,632201.17,1228.5033333333333,1766.89,3,0.3333333333333333,2025-01-01,2025-01-10,9,2,False,2,0.32684966935556303,-1.9522343638867228,Premium Buyers
C0686,Individual,Michael,Howard,1963-11-17,M,USA,California,Personal Use,1,Yes,Website,61.2,Domestic,USA,3,1250166.33,416722.11000000004,528510.9,1369.7300000000002,1631.48,3,0.0,2024-01-01,2025-01-09,374,3,False,2,0.7249377781177977,-1.3178605543554927,Premium Buyers
C0687,Individual,Susan,Long,1959-01-03,F,USA,Utah,Personal Use,3,Yes,Website,66.0,Domestic,USA,4,1532604.0,383151.0,720425.67,1210.7375000000002,1899.92,4,0.25,2024-01-06,2025-01-07,367,5,False,2,2.3026435934440617,0.15805568351898608,Premium Buyers
C0688,Individual,Kathleen,Howard,1968-12-04,F,USA,Colorado,Investment,5,Yes,Website,56.1,Domestic,USA,4,1093762.42,273440.605,415205.7,868.5725,1146.24,4,0.25,2024-01-02,2025-01-10,374,2,True,1,-1.1403913133649057,1.7738320500009586,Financed Value Seekers
C0689,Individual,Ann,Williams,1998-04-17,F,USA,California,Personal Use,4,No,Website,26.7,Domestic,USA,3,1051259.37,350419.79000000004,433353.3,1186.05,1421.82,3,0.3333333333333333,2025-01-05,2025-01-11,6,1,False,0,-1.0038201291427786,-1.4419335509007682,Core Growth Buyers
C0690,Individual,Janet,Stewart,1985-09-09,F,USA,Oregon,Personal Use,4,Yes,Agency,39.3,Domestic,USA,4,1402023.24,350505.81,527730.49,1150.3275,1717.49,4,0.25,2024-01-01,2025-01-12,377,0,False,2,0.8252970031439999,0.6951132890168545,Premium Buyers
C0691,Individual,Kenneth,Bell,1943-07-22,M,USA,California,Investment,4,No,Agency,81.5,Domestic,USA,4,948552.89,237138.2225,307826.14,816.16,1070.46,4,0.0,2024-01-03,2025-01-08,371,4,True,1,-2.2324022591784276,2.2856203172186538,Financed Value Seekers
C0692,Individual,Adam,Roberts,1964-03-14,M,USA,Georgia,Investment,3,No,Agency,60.8,Domestic,USA,4,1206585.87,301646.4675,395284.05,1011.5875,1388.61,4,0.0,2024-01-05,2025-01-05,366,7,True,1,-0.7119482637784655,1.4234720589521648,Financed Value Seekers
C0693,Individual,Jesse,Chavez,1957-04-28,M,USA,California,Investment,5,Yes,Agency,67.7,Domestic,USA,4,1831502.92,457875.73,572810.16,1498.6825,1724.77,4,0.25,2024-01-01,2024-01-12,11,366,True,0,2.577312648669687,-1.774511005700143,Core Growth Buyers
C0694,Corporate,Sterling,Co,1989-07-13,M,UK,Scotland,Investment,2,No,Website,35.5,International,UK,4,1287767.07,321941.7675,382289.82,1063.04,1388.61,4,0.25,2024-01-01,2025-01-10,375,2,True,1,-0.45657937362025813,1.1270987778543087,Financed Value Seekers
C0695,Individual,Timothy,Rogers,1947-03-24,M,USA,Washington,Personal Use,4,No,Website,77.8,Domestic,USA,3,870451.65,290150.55,381213.39,934.8733333333333,1360.96,3,0.3333333333333333,2024-01-07,2025-01-01,360,11,False,1,-2.0547819385018733,0.2597197285345237,Financed Value Seekers
C0696,Individual,Carol,Green,1994-03-06,F,USA,Washington,Investment,5,Yes,Agency,30.9,Domestic,USA,4,1417025.49,354256.3725,610973.17,1246.6175,1914.21,4,0.25,2024-01-01,2025-01-10,375,2,True,2,1.4426741348299688,0.3513836707809677,Premium Buyers
C0697,Individual,Bryan,Mitchell,1986-11-01,M,USA,California,Investment,4,Yes,Agency,38.2,Domestic,USA,4,1203571.2,300892.8,529206.1,1036.6525,1809.87,4,0.0,2024-01-10,2025-01-10,366,2,True,1,-0.0520054112502632,1.0664827060281081,Financed Value Seekers
C0698,Individual,Maria,Scott,1946-07-16,F,USA,California,Personal Use,2,Yes,Website,78.5,Domestic,USA,4,1560635.51,390158.8775,575207.87,1286.9575,1859.83,4,0.25,2024-01-03,2025-01-06,369,6,False,2,1.8452558182196541,0.31913302802720805,Premium Buyers
C0699,Individual,Stephen,Bennett,1986-12-22,M,USA,Washington,Personal Use,1,Yes,Agency,38.1,Domestic,USA,3,1292445.15,430815.05,497579.57,1357.1933333333334,1630.82,3,0.0,2024-01-01,2025-01-11,376,1,False,2,0.642506604897974,-1.4009463450734359,Premium Buyers
C0700,Individual,Christine,Sanders,1944-04-14,F,USA,Washington,Personal Use,5,No,Website,80.7,Domestic,USA,3,724453.7,241484.56666666665,302845.83,851.4266666666667,1033.2,3,0.0,2024-01-11,2025-01-12,367,0,False,1,-3.1211173467322406,0.8943184747457904,Financed Value Seekers
C0701,Individual,Danielle,Peterson,1962-09-17,F,UK,England,Investment,1,No,Website,62.3,International,UK,4,1318537.76,329634.44,610952.85,1050.5725,1755.26,4,0.0,2024-01-10,2025-01-12,368,0,True,2,0.697908031862171,0.7689630137695828,Premium Buyers
C0702,Individual,Nicholas,Flores,1966-07-24,M,USA,Arizona,Personal Use,5,No,Agency,58.5,Domestic,USA,3,1215022.0,405007.3333333333,437978.56,1303.7766666666666,1476.63,3,0.0,2024-01-06,2025-01-01,361,11,False,2,0.07715426876855641,-0.9114551500840931,Premium Buyers
C0703,Corporate,Elara,Co,1984-05-15,M,USA,Colorado,Personal Use,3,No,Website,40.7,Domestic,USA,3,938073.5700000001,312691.19,394037.08,1023.8800000000001,1318.98,3,0.0,2024-01-07,2025-01-08,367,4,False,1,-1.7047613585132255,-0.10002450590959108,Financed Value Seekers
C0704,Individual,Nicole,Jordan,1942-01-23,F,USA,Georgia,Personal Use,4,No,Agency,83.0,Domestic,USA,3,1130778.86,376926.2866666667,431012.78,1194.9266666666665,1397.58,3,0.3333333333333333,2024-01-04,2024-01-11,7,367,False,0,-0.8879083083250348,-2.147637737403101,Core Growth Buyers
C0705,Individual,Timothy,Murray,1940-12-18,M,USA,Nevada,Personal Use,3,No,Website,84.1,Domestic,USA,3,1643383.67,547794.5566666666,670575.87,1680.5266666666666,1916.26,3,0.0,2024-01-02,2024-01-07,5,371,False,0,2.9823021567426173,-4.055254655548852,Core Growth Buyers
C0706,Individual,Kyle,Thomas,1984-06-23,M,UK,England,Investment,2,No,Client,40.6,International,UK,3,1034954.84,344984.94666666666,437082.22,1162.6166666666666,1496.62,3,0.0,2024-01-06,2025-01-01,361,11,True,1,-0.974838463768197,-0.6512248793760678,Financed Value Seekers
C0707,Individual,Zachary,Richardson,1995-09-23,M,USA,Virginia,Personal Use,5,Yes,Website,29.3,Domestic,USA,4,1171255.22,292813.805,399196.41,956.935,1334.77,4,0.25,2024-01-04,2025-01-09,371,3,False,1,-0.8482126421891882,1.4724569987821075,Financed Value Seekers
C0708,Individual,Brian,Cook,1964-11-28,M,USA,California,Personal Use,2,No,Client,60.1,Domestic,USA,3,1539340.8699999999,513113.6233333333,658501.84,1523.6933333333334,1897.17,3,0.6666666666666666,2024-01-07,2024-01-12,5,366,False,0,2.2628685230610674,-3.9009714292576096,Core Growth Buyers
C0709,Individual,Samantha,Price,1982-11-06,F,USA,Georgia,Personal Use,2,Yes,Agency,42.2,Domestic,USA,4,1233960.52,308490.13,558878.17,1009.23,1898.39,4,0.0,2024-01-07,2025-01-09,368,3,False,1,0.11124747118809722,0.9680662088757217,Financed Value Seekers
C0710,Individual,Kyle,Bryant,1946-08-18,M,USA,Oregon,Personal Use,2,Yes,Agency,78.4,Domestic,USA,4,1158001.3599999999,289500.33999999997,510596.18,939.3575,1603.33,4,0.0,2024-01-02,2025-01-12,376,0,False,1,-0.4129119899650926,1.420294721167634,Financed Value Seekers
C0711,Individual,Victoria,Hughes,1995-10-20,F,USA,California,Investment,3,No,Agency,29.2,Domestic,USA,4,1045658.54,261414.635,383676.59,905.7525,1237.23,4,0.25,2024-01-06,2024-01-12,6,366,True,0,-1.9837778067048937,0.0224978123198814,Core Growth Buyers
C0712,Individual,Joseph,Scott,1991-01-21,M,USA,California,Personal Use,1,No,Agency,34.0,Domestic,USA,3,701688.31,233896.10333333336,311645.47,842.68,1051.39,3,0.3333333333333333,2024-01-03,2024-01-06,3,372,False,0,-3.8276274452159615,-1.1043291868320793,Core Growth Buyers
C0713,Individual,Debra,Thomas,1997-02-14,F,USA,California,Investment,3,No,Agency,27.9,Domestic,USA,3,946537.74,315512.58,467446.4,1125.17,1562.55,3,0.0,2024-01-05,2025-01-03,364,9,True,1,-1.1924362664108232,-0.5170013555583388,Financed Value Seekers
C0714,Individual,Kyle,Murray,1977-01-03,M,Russia,Saint Petersburg,Personal Use,3,No,Website,48.0,International,Other,3,1520218.18,506739.3933333333,606614.22,1680.5266666666666,1916.26,3,0.6666666666666666,2024-01-03,2025-01-10,373,2,False,2,2.7348203914696634,-2.4774479259929496,Premium Buyers
C0715,Individual,Janice,Wilson,1982-08-05,F,USA,Utah,Personal Use,3,No,Website,42.4,Domestic,USA,3,1151372.75,383790.9166666667,523101.86,1340.7666666666667,1938.82,3,0.3333333333333333,2024-01-01,2025-01-01,366,11,False,2,0.33014261804084655,-1.2282369912493363,Premium Buyers
C0716,Individual,Jordan,Davis,1994-10-24,M,UK,Northern Ireland,Personal Use,1,No,Client,30.2,International,UK,3,1173245.74,391081.91333333333,512554.33,1334.1000000000001,1768.9,3,0.3333333333333333,2024-01-03,2025-01-11,374,1,False,2,0.2468871738990117,-1.357474506501333,Premium Buyers
C0717,Individual,Virginia,Weaver,1946-06-09,F,USA,Arizona,Investment,3,Yes,Agency,78.6,Domestic,USA,3,1000529.6699999999,333509.88999999996,419346.92,1156.5633333333333,1379.64,3,0.3333333333333333,2024-01-03,2025-01-06,369,6,True,1,-1.0254728551719599,-0.37742803928093943,Financed Value Seekers
C0718,Individual,Martha,Scott,1944-10-08,F,France,Ile-de-France,Personal Use,2,Yes,Website,80.3,International,France,3,900157.9099999999,300052.63666666666,406298.92,1123.8033333333333,1734.79,3,0.3333333333333333,2024-01-08,2025-01-02,360,10,False,1,-1.5330479273177122,-0.23798708211991038,Financed Value Seekers
C0719,Individual,Jason,Jordan,1974-07-02,M,USA,California,Investment,2,Yes,Agency,50.5,Domestic,USA,3,912916.77,304305.59,359309.3,1023.8800000000001,1318.98,3,0.0,2024-01-04,2025-01-12,374,0,True,1,-1.9902513680665104,0.006579838194153278,Financed Value Seekers
C0720,Individual,Shirley,Wilson,1981-05-17,F,USA,California,Investment,1,Yes,Agency,43.7,Domestic,USA,4,844316.69,211079.1725,257796.8,678.3725,856.15,4,0.5,2024-01-12,2025-01-12,366,0,True,1,-3.1156612711819007,2.3393726039746574,Financed Value Seekers
C0721,Individual,Julia,Jordan,1999-03-07,F,USA,Florida,Personal Use,4,No,Website,25.9,Domestic,USA,4,1167212.02,291803.005,468906.08,939.4875,1346.3,4,0.25,2024-01-04,2025-01-10,372,2,False,1,-0.5852080296066604,1.3194027324845259,Financed Value Seekers
C0722,Individual,Carol,Sanders,1943-09-11,F,USA,Texas,Personal Use,1,No,Website,81.3,Domestic,USA,3,936104.05,312034.68333333335,428259.32,1033.4833333333333,1300.91,3,0.0,2024-01-09,2025-01-09,366,3,False,1,-1.49436282698418,-0.08699430422171386,Financed Value Seekers
C0723,Individual,Ann,Hansen,1999-04-19,F,Germany,North Rhine-Westphalia,Personal Use,3,Yes,Website,25.7,International,Germany,3,1554043.79,518014.5966666667,641498.15,1671.7666666666667,1938.82,3,0.0,2024-01-09,2025-01-03,360,9,False,2,2.8608519641936914,-2.590283716471125,Premium Buyers
C0724,Individual,Samuel,Howard,1960-09-27,M,USA,Arizona,Investment,4,Yes,Agency,64.3,Domestic,USA,4,1564795.28,391198.82,595879.26,1255.1325000000002,1806.7,4,0.25,2024-01-05,2025-01-11,372,1,True,2,1.878883923162232,0.33607078064754514,Premium Buyers
C0725,Individual,Katherine,Jones,1983-07-03,F,USA,New York,Personal Use,3,No,Website,41.5,Domestic,USA,3,1557779.53,519259.8433333333,566513.0,1733.68,1938.82,3,0.0,2024-01-09,2025-01-06,363,6,False,2,2.7035887748463616,-2.4269554571636975,Premium Buyers
C0726,Individual,Melissa,Harris,1977-01-25,F,USA,Georgia,Personal Use,4,No,Website,48.0,Domestic,USA,4,1055406.17,263851.5425,377502.89,901.245,1370.17,4,0.25,2024-01-01,2025-01-08,373,4,False,1,-1.3980659317065225,1.7538150641353818,Financed Value Seekers
C0727,Individual,Ronald,Bell,1941-08-24,M,USA,California,Investment,3,Yes,Client,83.4,Domestic,USA,4,1924218.25,481054.5625,675285.62,1425.7675,1931.82,4,0.0,2024-01-02,2025-01-05,369,7,True,2,3.6646289068710853,-0.34010172195706706,Premium Buyers
C0728,Individual,Jason,Jones,1971-07-23,M,USA,California,Personal Use,3,Yes,Agency,53.5,Domestic,USA,3,896046.43,298682.14333333337,421724.13,934.8733333333333,1360.96,3,0.3333333333333333,2024-01-01,2024-01-10,9,368,False,0,-2.3469221062703025,-1.5569080755831475,Core Growth Buyers
C0729,Individual,Raymond,Long,1944-01-04,M,USA,Washington,Investment,3,Yes,Agency,81.0,Domestic,USA,3,1100578.42,366859.4733333333,489878.14,1280.28,1750.89,3,0.3333333333333333,2024-01-12,2025-01-09,363,3,True,2,-0.08991731114170734,-0.8490671910837568,Premium Buyers
C0730,Individual,Gregory,Baker,1988-05-09,M,USA,California,Investment,4,No,Website,36.7,Domestic,USA,3,1395460.54,465153.51333333337,629261.99,1435.6633333333332,1841.5,3,0.0,2024-01-02,2024-01-05,3,373,True,0,1.3437186834784338,-3.4147427525690977,Core Growth Buyers
C0731,Individual,Larry,Harris,2000-10-18,M,USA,California,Personal Use,5,No,Agency,24.2,Domestic,USA,4,2163873.35,540968.3375,579753.4,1699.3675,1806.7,4,0.0,2024-01-04,2025-01-08,370,4,False,2,4.412819828289714,-0.9756739425618828,Premium Buyers
C0732,Individual,Justin,Peterson,1985-03-03,M,USA,Oregon,Personal Use,5,No,Website,39.9,Domestic,USA,4,1763602.47,440900.6175,561731.1,1454.35,1957.16,4,0.0,2024-01-01,2024-01-10,9,368,False,0,2.180294218519341,-1.6739663087396046,Core Growth Buyers
C0733,Individual,Susan,White,1976-01-03,F,USA,Nevada,Personal Use,5,No,Agency,49.0,Domestic,USA,3,1610480.1,536826.7000000001,622128.29,1609.0333333333335,1841.5,3,0.3333333333333333,2024-01-05,2025-01-11,372,1,False,2,3.0040116272390125,-2.353663690404256,Premium Buyers
C0734,Individual,Danielle,Ward,1981-06-27,F,USA,Virginia,Investment,5,Yes,Client,43.5,Domestic,USA,3,894573.22,298191.0733333333,455010.72,1077.3333333333333,1697.13,3,0.6666666666666666,2024-01-07,2025-01-06,365,6,True,1,-1.3645151690633823,-0.3139079024427306,Financed Value Seekers
C0735,Individual,Matthew,Long,1994-08-10,M,Germany,Hesse,Investment,4,No,Website,30.4,International,Germany,3,1082670.51,360890.17,470123.96,1129.1766666666665,1458.08,3,0.6666666666666666,2024-01-07,2025-01-12,371,0,True,1,-0.5685990340224847,-0.7602014044282677,Financed Value Seekers
C0736,Individual,Jordan,Campbell,1942-06-13,M,USA,Utah,Investment,3,No,Agency,82.6,Domestic,USA,3,961660.45,320553.48333333334,476537.31,1049.5133333333333,1523.22,3,0.0,2024-01-07,2025-01-11,370,1,True,1,-1.131340841586634,-0.1738831988359795,Financed Value Seekers
C0737,Individual,Harold,Harris,1978-08-15,M,USA,California,Investment,3,No,Agency,46.4,Domestic,USA,3,1271295.42,423765.13999999996,517724.81,1435.6633333333332,1841.5,3,0.0,2024-01-02,2025-01-08,372,4,True,2,0.8512623137445159,-1.4452367626156681,Premium Buyers
C0738,Individual,Jose,White,1980-09-21,M,USA,Texas,Personal Use,5,No,Website,44.3,Domestic,USA,4,1217179.49,304294.8725,464608.3,955.7625,1495.57,4,0.0,2024-01-01,2024-01-10,9,368,False,0,-0.9069412066744367,-0.16616343593886707,Core Growth Buyers
C0739,Individual,Albert,Turner,1965-03-16,M,USA,California,Personal Use,2,No,Agency,59.8,Domestic,USA,4,1239915.48,309978.87,442471.98,1096.12,1557.0,4,0.25,2024-01-08,2025-01-12,370,0,False,1,-0.18881561888938841,1.0962740357874297,Financed Value Seekers
C0740,Individual,Julia,Bell,1966-12-08,F,USA,Utah,Investment,1,No,Client,58.1,Domestic,USA,3,1150084.72,383361.5733333333,580909.55,1176.2366666666667,1672.19,3,0.3333333333333333,2024-01-05,2025-01-02,363,10,True,2,0.24075183795168542,-1.1002162293785194,Premium Buyers
C0741,Individual,Sandra,Stone,1962-08-11,F,USA,California,Personal Use,2,No,Website,62.4,Domestic,USA,3,808100.3,269366.76666666666,318066.48,952.0733333333334,1224.71,3,0.3333333333333333,2025-01-01,2025-01-09,8,3,False,1,-2.8505290815279096,-0.43497329375961685,Financed Value Seekers
C0742,Individual,Bryan,Howard,1980-08-21,M,UK,Wales,Personal Use,1,Yes,Website,44.4,International,UK,3,943082.4199999999,314360.80666666664,424586.91,1078.7866666666666,1479.84,3,0.3333333333333333,2024-01-05,2025-01-09,370,3,False,1,-1.4488406399970228,-0.4038033639145668,Financed Value Seekers
C0743,Individual,Joshua,Allen,1972-09-10,M,USA,Oregon,Investment,4,Yes,Website,52.3,Domestic,USA,3,973707.31,324569.10333333333,437490.2,1145.4666666666665,1630.82,3,0.0,2024-01-04,2025-01-12,374,0,True,1,-1.099443425601158,-0.32440862698935957,Financed Value Seekers
C0744,Individual,Helen,Morales,1950-11-10,F,USA,Virginia,Personal Use,1,No,Website,74.2,Domestic,USA,3,947393.7,315797.89999999997,425904.8,939.3299999999999,1263.44,3,0.3333333333333333,2024-01-03,2025-01-04,367,8,False,1,-1.6159330524186546,-0.042463807504419415,Financed Value Seekers
C0745,Individual,Emily,Collins,1997-06-18,F,USA,California,Investment,5,No,Website,27.6,Domestic,USA,4,1137226.12,284306.53,457379.31,940.485,1468.68,4,0.0,2024-01-05,2025-01-07,368,5,True,1,-0.7593727919930213,1.4435047134524552,Financed Value Seekers
C0746,Individual,Gary,Reyes,1956-10-13,M,UK,Scotland,Personal Use,4,No,Website,68.2,International,UK,4,1485041.45,371260.3625,474858.86,1120.62,1355.85,4,0.25,2024-01-02,2025-01-01,365,11,False,2,0.8001368572114471,0.8409139751346574,Premium Buyers
C0747,Individual,George,Patterson,1992-04-18,M,USA,Florida,Personal Use,4,Yes,Website,32.7,Domestic,USA,3,1321142.35,440380.7833333334,565444.67,1435.6633333333332,1841.5,3,0.3333333333333333,2024-01-06,2025-01-02,362,10,False,2,1.3228073729559768,-1.7025783024197196,Premium Buyers
C0748,Corporate,Vantage,Co,1974-03-05,F,USA,California,Personal Use,1,Yes,Client,50.9,Domestic,USA,3,1188736.23,396245.41,484844.4,1332.34,1582.61,3,0.3333333333333333,2025-01-05,2025-01-11,6,1,False,2,-0.020673058847488483,-1.9924994238879514,Premium Buyers
C0749,Individual,Dorothy,Anderson,1992-11-26,F,USA,New York,Personal Use,5,No,Agency,32.1,Domestic,USA,3,1170883.93,390294.6433333333,526465.62,1258.6899999999998,1606.58,3,0.0,2024-01-12,2025-01-05,359,7,False,2,0.2082415016584439,-1.0638669995293162,Premium Buyers
C0750,Individual,Janice,Price,1976-06-08,F,USA,Nevada,Investment,1,No,Agency,48.6,Domestic,USA,3,887696.78,295898.9266666667,533052.17,964.2666666666665,1638.1,3,0.3333333333333333,2024-01-04,2024-01-11,7,367,True,0,-1.8501246873134776,-1.9113281105245767,Core Growth Buyers
C0751,Individual,Keith,Parker,1974-09-19,M,USA,California,Personal Use,5,No,Client,50.3,Domestic,USA,4,1055948.97,263987.2425,335648.24,967.0,1231.75,4,0.0,2024-01-01,2024-01-09,8,369,False,0,-2.0044279952087463,0.22299308611173746,Core Growth Buyers
C0752,Individual,Lisa,Young,1954-12-17,F,Belgium,Brussels,Investment,3,No,Agency,70.1,International,Belgium,4,836214.24,209053.56,237539.69,725.4225,785.12,4,0.25,2024-01-06,2025-01-02,362,10,True,1,-3.1356042792057854,2.4802732202292637,Financed Value Seekers
C0753,Individual,Nicholas,Patterson,1960-12-22,M,Germany,Hamburg,Personal Use,5,No,Website,64.1,International,Germany,4,1053102.32,263275.58,360664.73,868.5725,1146.24,4,0.0,2024-01-02,2025-01-05,369,7,False,1,-1.5734539881945886,1.9406636621725701,Financed Value Seekers
C0754,Individual,Teresa,Johnson,1970-08-17,F,USA,Arizona,Investment,3,No,Website,54.4,Domestic,USA,4,1300009.56,325002.39,370723.42,1037.4175,1258.99,4,0.25,2024-01-09,2025-01-07,364,5,True,1,-0.447612360467911,1.300422434234075,Financed Value Seekers
C0755,Corporate,Celera,Co,1967-12-23,F,USA,California,Personal Use,5,No,Website,57.1,Domestic,USA,3,1040997.25,346999.0833333333,348797.92,1286.4833333333333,1379.64,3,0.3333333333333333,2025-01-04,2025-01-08,4,4,False,0,-1.1812816666367705,-1.2703821353983273,Core Growth Buyers
C0756,Individual,Jessica,Patterson,1963-03-19,F,USA,Utah,Personal Use,5,Yes,Website,61.8,Domestic,USA,3,785768.09,261922.69666666666,349788.42,934.8733333333333,1360.96,3,0.0,2025-01-05,2025-01-10,5,2,False,1,-2.801876772109084,-0.2788272533658996,Financed Value Seekers
C0757,Individual,Keith,Taylor,1946-05-09,M,USA,Oregon,Personal Use,3,Yes,Website,78.7,Domestic,USA,4,1392690.1199999999,348172.52999999997,566678.96,1053.27,1699.02,4,0.25,2024-01-06,2025-01-11,371,1,False,2,0.8660704587541184,0.918508407017518,Premium Buyers
C0758,Individual,Joe,Allen,1958-08-12,M,USA,California,Investment,2,No,Website,66.4,Domestic,USA,4,1135189.16,283797.29,453645.31,928.1775,1478.43,4,0.25,2024-01-06,2025-01-03,363,9,True,1,-0.7678339090839517,1.4577520178228935,Financed Value Seekers
C0759,Individual,Samuel,Anderson,1991-10-27,M,USA,Florida,Personal Use,4,No,Website,33.2,Domestic,USA,3,1327801.32,442600.44,605700.56,1451.5366666666666,1901.65,3,0.0,2024-01-09,2025-01-05,362,7,False,2,1.5271751621838527,-1.746344068567466,Premium Buyers
C0760,Individual,Amanda,Adams,1964-12-27,F,USA,California,Investment,3,No,Website,60.0,Domestic,USA,4,1288008.21,322002.0525,520039.4,1133.69,1919.31,4,0.0,2024-01-01,2025-01-01,366,11,True,2,0.3865555819413484,0.9122004537723876,Premium Buyers
C0761,Individual,Joyce,Patterson,1981-08-24,F,Belgium,Flanders,Personal Use,2,No,Agency,43.4,International,Belgium,4,1387948.07,346987.0175,575218.75,1134.4225000000001,1844.16,4,0.0,2024-01-04,2025-01-09,371,3,False,2,0.8734753313144581,0.5780768720521576,Premium Buyers
C0762,Individual,Anna,Young,1967-07-01,F,USA,Ohio,Personal Use,4,No,Website,57.5,Domestic,USA,4,1456185.33,364046.3325,485326.73,1313.38,1898.39,4,0.0,2024-01-03,2025-01-01,364,11,False,2,1.1078879298831583,0.562069279162193,Premium Buyers
C0763,Corporate,Summit,Co,1971-07-18,F,USA,Georgia,Personal Use,3,No,Agency,53.5,Domestic,USA,3,1036781.97,345593.99,394871.49,1152.5966666666666,1195.81,3,0.0,2025-01-02,2025-01-09,7,3,False,0,-1.3460476929293133,-1.1817322779584376,Core Growth Buyers
C0764,Individual,Debra,Parker,1983-02-09,F,UK,Northern Ireland,Investment,4,No,Client,41.9,International,UK,4,1670624.74,417656.185,596267.69,1441.655,1949.35,4,0.0,2024-01-12,2025-01-11,365,1,True,2,2.4579356742478047,-0.14590531379498323,Premium Buyers
C0765,Individual,Joe,Green,1967-06-22,M,France,Brittany,Personal Use,3,No,Website,57.6,International,France,4,1516418.29,379104.5725,556439.7,1260.0625,1795.66,4,0.25,2024-01-02,2025-01-08,372,4,False,2,1.5217620180015112,0.3674843748324558,Premium Buyers
C0766,Individual,Robert,Bennett,1994-09-04,M,Germany,North Rhine-Westphalia,Personal Use,3,Yes,Client,30.4,International,Germany,4,1601876.1400000001,400469.03500000003,587630.43,1286.2725,1941.78,4,0.25,2024-01-01,2025-01-08,373,4,False,2,1.9120870931366558,0.05780180211212413,Premium Buyers
C0767,Individual,David,Brown,1961-02-02,M,Canada,British Columbia,Investment,2,No,Agency,63.9,International,Canada,4,1403932.48,350983.12,485150.67,1242.0825,1599.81,4,0.25,2024-01-01,2025-01-10,375,2,True,2,0.757942210135568,0.613519254168941,Premium Buyers
C0768,Individual,Matthew,Weaver,1992-07-22,M,Denmark,Southern Denmark,Investment,5,Yes,Website,32.5,International,Other,3,1048127.47,349375.8233333333,527746.08,1163.8866666666665,1519.64,3,0.6666666666666666,2024-01-05,2025-01-03,364,9,True,2,-0.34045269613903495,-0.8830713563556982,Premium Buyers
C0769,Individual,Nicole,Long,1958-02-21,F,USA,Ohio,Personal Use,4,No,Agency,66.9,Domestic,USA,3,675607.7899999999,225202.59666666665,324271.22,753.3133333333334,1098.83,3,0.3333333333333333,2024-01-01,2025-01-09,374,3,False,1,-3.4018403413728433,0.9046499574366939,Financed Value Seekers
C0770,Individual,Shirley,Hall,1951-02-09,F,Russia,Krasnodar Krai,Personal Use,4,No,Website,73.9,International,Other,3,984598.73,328199.57666666666,535533.08,1104.51,1787.13,3,0.0,2024-01-10,2025-01-03,359,9,False,1,-0.6714914629373255,-0.47151137538440335,Financed Value Seekers
C0771,Corporate,Quasar,Co,1984-06-09,M,USA,California,Personal Use,1,No,Website,40.6,Domestic,USA,4,1856997.08,464249.27,728976.07,1408.3274999999999,1868.01,4,0.25,2024-01-02,2025-01-10,374,2,False,2,3.6370081846799427,-0.6221510344983955,Premium Buyers
C0772,Individual,Ethan,White,1991-09-25,M,USA,California,Investment,1,No,Client,33.3,Domestic,USA,3,911164.52,303721.50666666665,332253.48,1038.2,1224.71,3,0.6666666666666666,2024-01-01,2025-01-12,377,0,True,1,-2.0508363658704996,-0.17258981285064606,Financed Value Seekers
C0773,Individual,Christopher,Taylor,1964-12-09,M,Russia,Saint Petersburg,Personal Use,1,No,Website,60.1,International,Other,4,1451465.46,362866.365,514489.27,1153.0825,1426.22,4,0.25,2025-01-05,2025-01-10,5,2,False,2,0.6273314848235139,-0.1673779736711135,Premium Buyers
C0774,Individual,David,Wood,1983-03-23,M,USA,Georgia,Personal Use,5,Yes,Agency,41.8,Domestic,USA,3,999792.6799999999,333264.2266666666,564194.97,1144.8033333333333,1948.32,3,0.0,2024-01-10,2024-01-12,2,366,False,0,-0.9222080918546712,-2.2474240803652283,Core Growth Buyers
C0775,Individual,Andrea,Reyes,1975-12-25,F,USA,Arizona,Personal Use,1,No,Agency,49.1,Domestic,USA,4,1043608.37,260902.0925,368476.78,900.39,1253.18,4,0.25,2025-01-03,2025-01-11,8,1,False,1,-1.808060462520939,0.8772894570856753,Financed Value Seekers
C0776,Individual,Ashley,Morales,1966-06-11,F,Germany,Bavaria,Personal Use,4,Yes,Agency,58.6,International,Germany,3,914465.3300000001,304821.7766666667,382528.88,980.8699999999999,1198.57,3,0.3333333333333333,2025-01-03,2025-01-08,5,4,False,1,-2.1348213507343368,-0.7646349032158171,Financed Value Seekers
C0777,Corporate,Meridian,Co,1982-05-15,M,USA,Arizona,Personal Use,1,No,Client,42.7,Domestic,USA,3,1130759.4100000001,376919.8033333334,459850.51,1313.16,1675.74,3,0.0,2024-01-03,2024-01-11,8,367,False,0,-0.6982045703377056,-2.6055244169482132,Core Growth Buyers
C0778,Individual,George,Pierce,1998-07-22,M,USA,California,Investment,4,Yes,Agency,26.5,Domestic,USA,4,1646921.92,411730.48,601818.29,1334.8775,1839.34,4,0.25,2024-01-01,2025-01-09,374,3,True,2,2.243410638210746,-0.035188267311001914,Premium Buyers
C0779,Individual,Lisa,Hughes,1953-04-05,F,USA,California,Personal Use,5,Yes,Agency,71.8,Domestic,USA,3,1221957.12,407319.04000000004,499912.08,1325.0800000000002,1721.96,3,0.0,2024-01-07,2025-01-11,370,1,False,2,0.47527950582926076,-0.9862759715937875,Premium Buyers
C0780,Individual,Martha,Hansen,1947-08-01,F,USA,California,Personal Use,3,No,Website,77.5,Domestic,USA,3,708761.6900000001,236253.8966666667,337660.44,849.6366666666667,1297.3,3,0.0,2024-01-01,2025-01-10,375,2,False,1,-3.0558251166566226,0.7729956142119156,Financed Value Seekers
C0781,Individual,Gerald,Sanders,1940-11-28,M,USA,California,Investment,5,Yes,Website,84.1,Domestic,USA,4,1181206.69,295301.6725,356949.82,1030.635,1258.99,4,0.5,2024-01-04,2025-01-11,373,1,True,1,-0.7540513597637133,1.620365323882486,Financed Value Seekers
C0782,Individual,Ethan,Williams,1970-10-02,M,USA,Utah,Investment,2,Yes,Website,54.3,Domestic,USA,4,1166638.1600000001,291659.54000000004,500885.96,905.0375,1555.67,4,0.25,2024-01-01,2025-01-02,367,10,True,1,-0.5110291112852575,1.326476687981625,Financed Value Seekers
C0783,Individual,Betty,Sanders,1961-03-27,F,Canada,Alberta,Personal Use,1,Yes,Agency,63.8,International,Canada,3,1031472.36,343824.12,437818.55,1156.5633333333333,1379.64,3,0.0,2024-01-04,2024-01-12,8,366,False,0,-1.4608492231467456,-2.135740355540735,Core Growth Buyers
C0784,Individual,Charles,Baker,1973-06-26,M,Mexico,Baja California,Investment,4,No,Website,51.5,International,Other,3,1172514.65,390838.2166666666,509668.52,1356.7466666666667,1946.06,3,0.0,2024-01-03,2025-01-09,372,3,True,2,0.32320272128529703,-1.1274221945217775,Premium Buyers
C0785,Corporate,Rexon,Co,1971-03-27,F,USA,California,Personal Use,2,No,Website,53.8,Domestic,USA,4,1047112.48,261778.12,431877.48,860.9325,1448.68,4,0.0,2024-01-03,2025-01-05,368,7,False,1,-1.3117653294828724,1.69526834856737,Financed Value Seekers
C0786,Individual,Sarah,Martin,1983-03-25,F,USA,California,Investment,3,No,Website,41.8,Domestic,USA,3,663797.37,221265.79,316398.13,724.0866666666667,1008.52,3,0.3333333333333333,2024-01-04,2025-01-12,374,0,True,1,-3.590922070098446,0.8743832367102053,Financed Value Seekers
C0787,Individual,Andrew,Jackson,1950-11-20,M,USA,Washington,Personal Use,1,No,Website,74.1,Domestic,USA,3,1405947.6600000001,468649.22000000003,528186.67,1527.8633333333335,1741.96,3,0.0,2024-01-04,2025-01-11,373,1,False,2,1.6106027435378016,-1.7209797567441858,Premium Buyers
C0788,Individual,Matthew,Stone,1944-05-14,M,France,Brittany,Investment,4,No,Website,80.7,International,France,4,1799447.01,449861.7525,599896.96,1482.5875,1891.72,4,0.25,2024-01-05,2025-01-03,364,9,True,2,3.0634400432728754,-0.2255772314738188,Premium Buyers
C0789,Individual,Madison,Price,1974-04-06,F,Canada,Ontario,Investment,1,No,Website,50.8,International,Canada,3,1125271.6,375090.5333333334,491362.13,1228.9099999999999,1562.55,3,0.6666666666666666,2024-01-03,2025-01-01,364,11,True,2,-0.15906618013149237,-1.0893778780970922,Premium Buyers
C0790,Individual,Brandon,Cooper,1974-01-18,M,USA,California,Personal Use,5,Yes,Agency,51.0,Domestic,USA,4,1521440.8599999999,380360.21499999997,629276.73,1227.17,1809.87,4,0.25,2024-01-05,2024-01-12,7,366,False,0,1.3554126474157953,-1.2526628491991896,Core Growth Buyers
C0791,Individual,Walter,Adams,1983-01-07,M,USA,Texas,Personal Use,4,No,Website,42.0,Domestic,USA,4,1424465.81,356116.4525,386702.48,1159.9675,1333.63,4,0.25,2024-01-01,2025-01-08,373,4,False,1,0.2623298548749755,0.9643318077414844,Financed Value Seekers
C0792,Individual,Joseph,Richardson,1982-04-14,M,USA,California,Investment,4,Yes,Website,42.7,Domestic,USA,4,1559979.82,389994.955,542607.18,1219.85,1659.02,4,0.0,2024-01-07,2025-01-12,371,0,True,2,1.4914926930838057,0.48544471759580593,Premium Buyers
C0793,Individual,Kevin,Brown,1969-09-04,M,USA,New York,Personal Use,4,No,Agency,55.4,Domestic,USA,4,1245234.35,311308.5875,545577.55,1048.44,1809.87,4,0.0,2024-01-03,2025-01-07,370,5,False,1,0.22174832840134373,1.0519168363960727,Financed Value Seekers
C0794,Individual,Gregory,Mitchell,1951-02-11,M,USA,California,Personal Use,4,Yes,Website,73.9,Domestic,USA,3,1120488.77,373496.25666666665,453748.83,1308.5133333333333,1616.99,3,0.0,2024-01-04,2025-01-04,366,8,False,2,-0.1412184410743199,-0.7620721746858206,Premium Buyers
C0795,Individual,Harold,Murray,1969-01-14,M,USA,California,Investment,4,Yes,Website,56.0,Domestic,USA,3,1170869.0899999999,390289.6966666666,601201.34,1169.0466666666669,1833.96,3,0.0,2024-01-11,2025-01-10,365,2,True,2,0.43345558186464095,-0.9592511924405126,Premium Buyers
C0796,Individual,Stephanie,Ward,1983-04-11,F,USA,California,Investment,5,Yes,Website,41.8,Domestic,USA,3,559596.54,186532.18000000002,201976.86,607.4466666666667,693.85,3,0.0,2025-01-06,2025-01-11,5,1,True,1,-4.996254508560515,0.7709923280635842,Financed Value Seekers
C0797,Individual,Joan,Gray,1990-06-08,F,USA,Oregon,Personal Use,5,Yes,Agency,34.6,Domestic,USA,3,881179.3,293726.43333333335,475185.8,851.8699999999999,1288.42,3,0.3333333333333333,2024-01-01,2025-01-11,376,1,False,1,-1.7916049416819226,0.07962251857341199,Financed Value Seekers
C0798,Corporate,Novex,Co,1965-10-21,M,USA,Nevada,Personal Use,4,Yes,Agency,59.2,Domestic,USA,4,987267.48,246816.87,353070.7,840.8725,1174.48,4,0.0,2024-01-04,2025-01-05,367,7,False,1,-1.8849194598839885,2.0077339147053683,Financed Value Seekers
C0799,Individual,Pamela,Johnson,1954-07-24,F,USA,California,Personal Use,4,No,Website,70.5,Domestic,USA,4,1108935.8599999999,277233.96499999997,350745.37,972.245,1181.69,4,0.0,2024-01-05,2025-01-04,365,8,False,1,-1.227297142647015,1.758193465860844,Financed Value Seekers
C0800,Individual,Lawrence,Smith,1974-01-02,M,USA,Virginia,Investment,5,Yes,Website,51.0,Domestic,USA,3,983573.1799999999,327857.7266666666,543292.36,1151.5466666666666,1919.77,3,0.0,2024-01-06,2024-01-07,1,371,True,0,-1.0444313057552603,-2.1448362194916784,Core Growth Buyers
C0801,Individual,Betty,Price,1969-04-03,F,USA,Washington,Personal Use,4,Yes,Website,55.8,Domestic,USA,3,1361712.2999999998,453904.0999999999,571066.07,1435.6633333333332,1841.5,3,0.0,2024-01-09,2025-01-04,361,8,False,2,1.491831489426966,-1.6076222918614298,Premium Buyers
C0802,Individual,Matthew,Williams,1970-11-10,M,USA,Virginia,Personal Use,5,No,Agency,54.2,Domestic,USA,3,1074480.81,358160.27,494631.27,1217.58,1617.43,3,0.0,2024-01-10,2025-01-11,367,1,False,2,-0.31861414933206034,-0.6844389344093633,Premium Buyers
C0803,Individual,Evelyn,Moore,1945-12-13,F,USA,Texas,Personal Use,4,No,Agency,79.1,Domestic,USA,4,1542819.53,385704.8825,595397.77,1329.5925,1874.35,4,0.0,2024-01-04,2025-01-05,367,7,False,2,1.9507746157892178,0.3187246078966173,Premium Buyers
C0804,Individual,Tyler,Cook,1967-01-10,M,USA,Washington,Personal Use,5,No,Agency,58.0,Domestic,USA,3,1223755.92,407918.63999999996,563216.05,1464.8466666666666,1902.88,3,0.6666666666666666,2024-01-04,2024-01-11,7,367,False,0,0.6157521387524482,-3.105269456990299,Core Growth Buyers
C0805,Individual,Albert,Cook,1953-01-17,M,Germany,Berlin,Personal Use,1,Yes,Website,72.0,International,Germany,3,940964.73,313654.91,378804.75,995.5099999999999,1095.85,3,0.0,2024-01-05,2024-01-12,7,366,False,0,-2.3378415896714673,-1.5773328386216594,Core Growth Buyers
C0806,Individual,Jack,Richardson,1989-11-18,M,France,Ile-de-France,Personal Use,5,No,Client,35.2,International,France,4,1485168.27,371292.0675,543193.6,1220.42,1891.72,4,0.0,2024-01-01,2025-01-11,376,1,False,2,1.2367481327857452,0.5138603213813826,Premium Buyers
C0807,Individual,Amy,Chavez,1993-11-16,F,Mexico,Mexico City,Investment,5,No,Website,31.2,International,Other,4,1635419.92,408854.98,548576.41,1412.375,1875.83,4,0.5,2024-01-01,2025-01-12,377,0,True,2,2.156984889936814,-0.035098885961660414,Premium Buyers
C0808,Individual,Gregory,Ward,1943-05-17,M,Germany,Berlin,Personal Use,3,Yes,Website,81.7,International,Germany,3,885158.15,295052.7166666667,385179.19,1003.3133333333334,1262.78,3,0.0,2025-01-02,2025-01-04,2,8,False,1,-2.189575252805746,-0.6399449856523878,Financed Value Seekers
C0809,Individual,Hannah,Alexander,1967-02-16,F,France,Occitanie,Personal Use,5,Yes,Agency,57.9,International,France,3,1386118.19,462039.39666666667,619032.93,1464.8466666666666,1902.88,3,0.0,2024-01-04,2025-01-02,364,10,False,2,1.8328322514321875,-1.7956149440501277,Premium Buyers
C0810,Individual,Ronald,Sanders,1995-02-13,M,USA,California,Personal Use,1,Yes,Website,29.9,Domestic,USA,3,922597.5800000001,307532.5266666667,415564.76,915.6366666666667,1188.51,3,0.0,2024-01-04,2025-01-10,372,2,False,1,-1.9190009824397256,-0.051674298952033515,Financed Value Seekers
C0811,Individual,Carl,Allen,1945-04-17,M,UK,Wales,Personal Use,3,No,Agency,79.7,International,UK,3,1515201.05,505067.01666666666,531362.61,1471.8999999999999,1620.07,3,0.0,2024-01-06,2025-01-11,371,1,False,2,1.9050088635771676,-1.7422304599889071,Premium Buyers
C0812,Individual,Harold,Cooper,1974-08-24,M,UK,Northern Ireland,Personal Use,3,Yes,Website,50.4,International,UK,4,1443224.01,360806.0025,529272.37,1248.58,1941.62,4,0.0,2024-01-03,2025-01-09,372,3,False,2,1.101143518672433,0.5236299255013357,Premium Buyers
C0813,Individual,Gerald,Cook,1974-10-11,M,UK,Scotland,Investment,3,No,Agency,50.3,International,UK,4,1314024.52,328506.13,453762.41,1099.4925,1625.38,4,0.75,2024-01-01,2025-01-12,377,0,True,1,0.13169734046317225,0.8925347497441959,Financed Value Seekers
C0814,Individual,Joan,Stewart,1964-03-26,F,USA,California,Personal Use,2,No,Website,60.8,Domestic,USA,3,674363.74,224787.91333333333,245279.18,706.7266666666666,776.79,3,0.0,2024-01-05,2025-01-06,367,6,False,1,-3.9532617928869063,1.1058879005328637,Financed Value Seekers
C0815,Corporate,Horizon,Co,1965-11-06,F,USA,Nevada,Personal Use,4,Yes,Agency,59.2,Domestic,USA,3,962374.6499999999,320791.55,376063.41,1205.9633333333334,1285.87,3,0.0,2024-01-11,2025-01-08,363,4,False,1,-1.326599771090554,-0.31404912383989925,Financed Value Seekers
C0816,Individual,Deborah,Wright,1947-12-23,F,Germany,Hamburg,Personal Use,2,Yes,Website,77.1,International,Germany,3,1003090.8500000001,334363.6166666667,530119.92,1151.5466666666666,1919.77,3,0.3333333333333333,2024-01-11,2024-01-12,1,366,False,0,-1.0219781515367208,-2.2349943075965646,Core Growth Buyers
C0817,Individual,Grace,Thompson,1972-05-12,F,USA,California,Investment,1,No,Website,52.7,Domestic,USA,3,1338281.0,446093.6666666667,487710.82,1448.82,1631.48,3,0.3333333333333333,2024-01-02,2025-01-05,369,7,True,2,1.0100955182304956,-1.591868676325797,Premium Buyers
C0818,Corporate,Sterling,Co,1991-09-08,F,USA,Colorado,Personal Use,2,No,Website,33.3,Domestic,USA,4,760443.3500000001,190110.83750000002,285509.27,677.79,1052.27,4,0.25,2024-01-02,2025-01-12,376,0,False,1,-3.2327982265527653,2.4427397371513364,Financed Value Seekers
C0819,Individual,Jose,Bryant,1951-03-15,M,USA,California,Personal Use,5,No,Website,73.8,Domestic,USA,3,1239378.27,413126.09,540445.52,1313.16,1675.74,3,0.0,2025-01-04,2025-01-09,5,3,False,2,0.4834829077605962,-1.8245363229080083,Premium Buyers
C0820,Individual,Judith,Collins,1940-10-22,F,USA,Texas,Investment,4,No,Agency,84.2,Domestic,USA,3,920197.78,306732.5933333333,497575.53,976.2833333333333,1638.1,3,0.0,2024-01-06,2025-01-03,363,9,True,1,-1.3080228400304967,-0.031488692687504594,Financed Value Seekers
C0821,Individual,Elizabeth,Moore,1957-09-04,F,USA,California,Personal Use,5,Yes,Agency,67.4,Domestic,USA,3,1371213.26,457071.08666666667,555202.09,1467.89,1902.88,3,0.3333333333333333,2024-01-04,2025-01-04,366,8,False,2,1.5791204559073893,-1.629639273723936,Premium Buyers
C0822,Individual,Jessica,Weaver,1959-04-19,F,USA,California,Investment,3,Yes,Website,65.7,Domestic,USA,3,1407630.29,469210.0966666667,508753.3,1563.9733333333334,1741.96,3,0.3333333333333333,2024-01-01,2024-01-07,6,371,True,0,1.1401498506638028,-3.3663668926922954,Core Growth Buyers
C0823,Individual,Nancy,Hayes,1975-04-16,F,USA,Oregon,Investment,5,Yes,Agency,49.7,Domestic,USA,4,1722388.8900000001,430597.22250000003,589758.81,1338.9,1657.84,4,0.0,2024-01-02,2024-01-10,8,368,True,0,1.9464842198128998,-1.4916746156403282,Core Growth Buyers
C0824,Individual,Douglas,Cox,1976-06-01,M,USA,California,Personal Use,3,No,Agency,48.6,Domestic,USA,3,1234378.85,411459.6166666667,519209.27,1435.6633333333332,1841.5,3,0.3333333333333333,2024-01-07,2025-01-08,367,4,False,2,0.785273378246182,-1.4642989780796372,Premium Buyers
C0825,Individual,Ruth,Hughes,1982-03-26,F,Mexico,Nuevo Leon,Personal Use,4,Yes,Agency,42.8,International,Other,4,1246198.0,311549.5,507522.85,1075.0475000000001,1488.67,4,0.0,2024-01-04,2025-01-04,366,8,False,1,0.029247658251564522,0.974137183972582,Financed Value Seekers
C0826,Individual,Jason,Stewart,1970-09-11,M,USA,Ohio,Investment,4,Yes,Website,54.3,Domestic,USA,4,1255265.82,313816.455,623819.92,996.1925,1926.19,4,0.25,2024-01-07,2025-01-11,370,1,True,2,0.5703543746331348,0.9517760843008196,Premium Buyers
C0827,Individual,Ruth,Wright,1965-08-23,F,USA,Washington,Personal Use,2,Yes,Website,59.4,Domestic,USA,4,1176467.77,294116.9425,557463.33,1025.3225,1926.19,4,0.25,2024-01-03,2025-01-11,374,1,False,1,0.053592675843522376,1.061382693065305,Financed Value Seekers
C0828,Individual,Elizabeth,Stewart,1947-10-10,F,USA,Arizona,Investment,4,Yes,Website,77.3,Domestic,USA,4,1313574.2,328393.55,500403.51,1122.0925,1869.81,4,0.25,2025-01-02,2025-01-10,8,2,True,2,0.19392260627720947,0.26069918986372576,Premium Buyers
C0829,Individual,Jonathan,Stewart,1960-11-16,M,USA,Utah,Investment,3,No,Website,64.2,Domestic,USA,4,1296844.19,324211.0475,444270.56,1102.08,1599.81,4,0.0,2024-01-05,2025-01-06,367,6,True,1,0.002883499851316286,1.1397162587921432,Financed Value Seekers
C0830,Individual,William,Martin,1952-05-16,M,USA,Oregon,Investment,3,No,Agency,72.7,Domestic,USA,4,1518798.69,379699.6725,480172.84,1169.615,1469.09,4,0.0,2024-01-09,2025-01-12,369,0,True,2,0.9815940592410506,0.7916749571873418,Premium Buyers
C0831,Individual,Judith,Martin,1977-09-24,F,USA,California,Personal Use,2,No,Website,47.3,Domestic,USA,3,909532.47,303177.49,393983.06,979.0866666666667,1318.01,3,0.6666666666666666,2024-01-02,2024-01-11,9,367,False,0,-2.3067398914355044,-1.6864066331403156,Core Growth Buyers
C0832,Individual,Dorothy,Ward,1990-01-09,F,USA,Nevada,Investment,3,Yes,Website,35.0,Domestic,USA,3,1290741.99,430247.33,561351.99,1336.61,1849.4,3,0.3333333333333333,2024-01-03,2025-01-01,364,11,True,2,0.9761052623238211,-1.5164524160160227,Premium Buyers
C0833,Individual,Roger,Green,1951-11-06,M,Denmark,Southern Denmark,Personal Use,5,No,Website,73.2,International,Other,3,1422486.6099999999,474162.2033333333,504262.01,1623.3,1803.36,3,0.3333333333333333,2024-01-04,2025-01-04,366,8,False,2,1.8161710167276803,-1.8381709778076618,Premium Buyers
C0834,Individual,Helen,Parker,1957-12-23,F,USA,California,Personal Use,5,No,Website,67.1,Domestic,USA,4,1384660.54,346165.135,428653.51,1073.905,1415.9,4,0.0,2024-01-06,2025-01-07,367,5,False,1,0.20137917838842057,1.2271107136593786,Financed Value Seekers
C0835,Individual,Maria,Foster,1974-06-06,F,USA,California,Personal Use,5,Yes,Website,50.6,Domestic,USA,4,1159317.69,289829.4225,498858.03,941.61,1478.43,4,0.25,2024-01-02,2025-01-12,376,0,False,1,-0.3942409740161529,1.4124573387505817,Financed Value Seekers
C0836,Individual,Adam,Sanders,1942-02-04,M,USA,Ohio,Personal Use,4,No,Website,82.9,Domestic,USA,3,1280715.29,426905.0966666667,499955.33,1493.243333333333,1833.96,3,0.3333333333333333,2024-01-03,2025-01-03,366,9,False,2,1.0710524812329132,-1.3902083185566176,Premium Buyers
C0837,Individual,Peter,Montgomery,1967-06-06,M,France,Brittany,Personal Use,1,No,Website,57.6,International,France,4,1415445.71,353861.4275,484359.77,1253.3075,1717.49,4,0.0,2024-01-04,2025-01-05,367,7,False,2,0.7760246625297176,0.5670358408871667,Premium Buyers
C0838,Individual,Jacob,Morris,1992-04-05,M,USA,Nevada,Investment,1,Yes,Website,32.8,Domestic,USA,3,837604.3,279201.43333333335,345031.43,853.8133333333334,1006.89,3,0.0,2024-01-02,2025-01-12,376,0,True,1,-2.68274492748455,0.32933015210738864,Financed Value Seekers
C0839,Individual,Elizabeth,Baker,1994-01-26,F,UK,England,Personal Use,5,Yes,Agency,31.0,International,UK,3,1123967.69,374655.89666666667,531903.04,1308.5133333333333,1616.99,3,0.3333333333333333,2024-01-02,2025-01-10,374,2,False,2,0.18871429495115283,-1.1529220635122719,Premium Buyers
C0840,Individual,Elizabeth,Wilson,1981-11-01,F,Belgium,Brussels,Personal Use,1,No,Website,43.2,International,Belgium,4,1508352.25,377088.0625,565118.87,1329.5925,1874.35,4,0.0,2024-01-04,2025-01-10,372,2,False,2,1.5734380705386108,0.16417674155652384,Premium Buyers
C0841,Individual,Timothy,Cooper,1999-02-05,M,Belgium,Wallonia,Personal Use,5,No,Website,25.9,International,Belgium,4,1344816.1,336204.025,443394.23,1167.105,1445.84,4,0.0,2024-01-03,2025-01-05,368,7,False,2,0.22065153056356995,0.8752290990670463,Premium Buyers
C0842,Individual,Keith,Morales,1996-02-27,M,USA,Washington,Personal Use,5,Yes,Client,28.9,Domestic,USA,4,1082477.8199999998,270619.45499999996,507216.3,928.745,1634.67,4,0.5,2024-01-09,2025-01-11,368,1,False,1,-0.6447188404304252,1.3140633125898957,Financed Value Seekers
C0843,Individual,Amanda,Hansen,2000-12-04,F,USA,Georgia,Personal Use,4,No,Agency,24.1,Domestic,USA,3,1377127.37,459042.4566666667,508725.94,1500.72,1790.69,3,0.0,2024-01-04,2025-01-10,372,2,False,2,1.3063199938405,-1.724331869352974,Premium Buyers
C0844,Individual,Margaret,Scott,1947-06-13,F,USA,California,Personal Use,2,No,Website,77.6,Domestic,USA,4,1363201.96,340800.49,510261.37,1187.8925000000002,1817.64,4,0.25,2024-01-10,2025-01-11,367,1,False,2,0.7413556693447039,0.7903523203785624,Premium Buyers
C0845,Individual,Ashley,Long,1993-09-05,F,USA,Washington,Personal Use,3,No,Client,31.4,Domestic,USA,3,1355270.16,451756.72,541412.0,1471.4466666666667,1691.02,3,0.0,2024-01-05,2025-01-01,362,11,False,2,1.3119507195344648,-1.7526775269437787,Premium Buyers
C0846,Individual,Martha,Harris,1976-05-15,F,Canada,Quebec,Investment,3,No,Agency,48.7,International,Canada,3,1069033.77,356344.59,579072.02,1135.5233333333333,1695.03,3,0.0,2024-01-07,2024-01-12,5,366,True,0,-0.6943613063390135,-2.4268850944232376,Core Growth Buyers
C0847,Individual,Nicole,James,1988-02-27,F,USA,Utah,Personal Use,2,Yes,Agency,36.9,Domestic,USA,4,1258765.46,314691.365,480678.5,1011.5875,1388.61,4,0.25,2024-01-05,2025-01-12,373,0,False,1,-0.15131723540819655,1.049877532265588,Financed Value Seekers
C0848,Individual,Aaron,Hughes,1967-11-22,M,USA,California,Personal Use,4,No,Agency,57.1,Domestic,USA,4,1366788.33,341697.0825,546910.59,1184.9475000000002,1926.19,4,0.0,2024-01-01,2025-01-01,366,11,False,2,0.8588636262361267,0.7049335763365363,Premium Buyers
C0849,Individual,Brian,Wilson,1977-04-11,M,USA,Oregon,Personal Use,1,Yes,Website,47.8,Domestic,USA,4,1262931.66,315732.915,539249.94,995.0275,1631.24,4,0.0,2024-01-08,2025-01-11,369,1,False,1,0.09449861978504306,1.022051047793461,Financed Value Seekers
C0850,Individual,Judy,Stone,1983-11-13,F,USA,Colorado,Investment,5,No,Agency,41.2,Domestic,USA,3,528432.48,176144.16,229915.53,610.62,792.27,3,0.0,2024-01-09,2024-01-09,0,369,True,0,-5.251614153206538,-0.09312233785038138,Core Growth Buyers
C0851,Individual,Kyle,White,1993-05-16,M,USA,California,Investment,2,Yes,Website,31.7,Domestic,USA,4,1482957.8800000001,370739.47000000003,492001.45,1259.95,1590.69,4,0.0,2024-01-01,2025-01-08,373,4,True,2,1.0302437037520238,0.4653724774149944,Premium Buyers
C0852,Individual,Carl,Brown,1989-07-20,M,Germany,North Rhine-Westphalia,Personal Use,2,No,Agency,35.5,International,Germany,4,1368458.37,342114.5925,430669.69,1222.37,1577.36,4,0.0,2024-01-02,2024-01-10,8,368,False,0,-0.22717848814439934,-0.8762340565237067,Core Growth Buyers
C0853,Individual,Gerald,Bryant,1950-08-07,M,USA,Utah,Personal Use,4,No,Website,74.4,Domestic,USA,4,1293562.22,323390.555,431452.51,1092.085,1383.05,4,0.5,2024-01-06,2025-01-08,368,4,False,1,0.034415093718966956,1.1774276610918997,Financed Value Seekers
C0854,Individual,David,Reyes,1944-02-13,M,USA,California,Personal Use,4,No,Website,80.9,Domestic,USA,3,1419031.6099999999,473010.5366666666,622276.58,1454.4099999999999,1833.96,3,0.3333333333333333,2024-01-05,2024-01-12,7,366,False,0,1.5774177807181333,-3.3172917490155305,Core Growth Buyers
C0855,Individual,Amanda,Foster,1973-03-10,F,Australia,Queensland,Personal Use,4,No,Website,51.8,International,Other,4,1198702.15,299675.5375,439175.81,1114.2125,1629.83,4,0.0,2024-01-03,2025-01-11,374,1,False,1,-0.31676734089995684,1.1855856123790705,Financed Value Seekers
C0856,Individual,Janice,Chavez,1964-08-16,F,USA,Florida,Personal Use,5,Yes,Website,60.4,Domestic,USA,4,1565508.99,391377.2475,557814.29,1226.185,1869.93,4,0.0,2024-01-04,2025-01-02,364,10,False,2,1.6461550665080298,0.5114518176404348,Premium Buyers
C0857,Individual,Danielle,Ward,1951-05-11,F,USA,California,Investment,1,Yes,Website,73.7,Domestic,USA,4,1431064.56,357766.14,532766.89,1146.2825,1631.24,4,0.5,2024-01-05,2025-01-11,372,1,True,2,0.9740933078961123,0.6644560681221957,Premium Buyers
C0858,Individual,Samuel,Howard,1994-07-12,M,USA,Nevada,Personal Use,1,No,Website,30.5,Domestic,USA,3,972150.6,324050.2,377504.51,1156.5633333333333,1379.64,3,0.3333333333333333,2024-01-01,2024-01-12,11,366,False,0,-1.9137948912242735,-2.064157282013727,Core Growth Buyers
C0859,Individual,Megan,Anderson,1942-12-03,F,USA,California,Personal Use,2,Yes,Agency,82.1,Domestic,USA,4,1440623.8900000001,360155.97250000003,641122.99,1154.105,1848.51,4,0.0,2024-01-01,2025-01-10,375,2,False,2,1.4930677088119255,0.567093083291764,Premium Buyers
C0860,Individual,Virginia,Morales,1968-07-09,F,USA,Utah,Personal Use,5,Yes,Website,56.5,Domestic,USA,4,1362579.84,340644.96,491343.75,1148.025,1664.76,4,0.0,2024-01-04,2025-01-05,367,7,False,2,0.554286511765969,0.9478869009748624,Premium Buyers
C0861,Individual,Christine,Peterson,1994-08-04,F,France,Brittany,Investment,2,No,Agency,30.4,International,France,3,1527460.57,509153.5233333334,530773.97,1635.6233333333332,1897.17,3,0.3333333333333333,2024-01-01,2025-01-01,366,11,True,2,2.1716139995201478,-2.361341278515731,Premium Buyers
C0862,Individual,Amanda,Jordan,1981-06-14,F,USA,Colorado,Investment,1,No,Website,43.6,Domestic,USA,3,1354421.9100000001,451473.97000000003,605272.25,1527.8633333333335,1741.96,3,0.0,2024-01-11,2025-01-10,365,2,True,2,1.7195500154086583,-1.9538039154463422,Premium Buyers
C0863,Individual,Brandon,Peterson,1975-04-20,M,Belgium,Wallonia,Personal Use,5,Yes,Agency,49.7,International,Belgium,4,1107744.96,276936.24,331782.88,984.6475,1268.45,4,0.0,2024-01-01,2024-01-11,10,367,False,0,-1.8660366095887846,0.11998099080817864,Core Growth Buyers
C0864,Individual,Noah,Kim,1970-07-07,M,USA,Texas,Personal Use,3,No,Website,54.5,Domestic,USA,3,1085548.02,361849.34,436782.69,1156.5633333333333,1379.64,3,0.3333333333333333,2024-01-02,2025-01-10,374,2,False,1,-0.6383434338430859,-0.5796388178917005,Financed Value Seekers
C0865,Individual,Rebecca,Gray,1975-05-20,F,USA,Colorado,Investment,5,Yes,Website,49.7,Domestic,USA,4,1268059.13,317014.7825,590633.76,1008.395,1869.81,4,0.25,2024-01-01,2024-01-11,10,367,True,0,-0.016214486972643237,-0.5711526608464887,Core Growth Buyers
C0866,Individual,Lawrence,Bryant,1987-11-27,M,Belgium,Brussels,Personal Use,3,No,Agency,37.1,International,Belgium,4,1331713.08,332928.27,467860.91,1148.025,1664.76,4,0.0,2024-01-01,2025-01-10,375,2,False,2,0.22665655078453403,0.8434089745709838,Premium Buyers
C0867,Individual,Julia,Davis,1967-04-12,F,USA,California,Personal Use,2,No,Agency,57.8,Domestic,USA,3,1028747.3,342915.76666666666,434559.42,1146.2633333333333,1440.71,3,0.0,2024-01-01,2024-01-08,7,370,False,0,-1.463494900708089,-2.0660157869954636,Core Growth Buyers
C0868,Individual,Victoria,Rogers,1945-02-21,F,USA,Florida,Personal Use,3,Yes,Agency,79.9,Domestic,USA,3,987211.1699999999,329070.38999999996,390539.15,1049.3799999999999,1307.35,3,0.3333333333333333,2024-01-03,2025-01-04,367,8,False,1,-1.4043570139460275,-0.13142357087389217,Financed Value Seekers
C0869,Individual,Jose,Roberts,1993-03-07,M,USA,California,Personal Use,4,No,Agency,31.9,Domestic,USA,3,858807.13,286269.04333333333,338104.13,1012.96,1163.06,3,0.0,2024-01-01,2025-01-09,374,3,False,1,-2.2892589806142767,0.12885277684334023,Financed Value Seekers
C0870,Corporate,Harmon,Co,1966-09-01,F,UK,Northern Ireland,Personal Use,2,Yes,Website,58.4,International,UK,4,1097902.26,274475.565,384011.41,909.9825,1417.31,4,0.25,2024-01-03,2025-01-09,372,3,False,1,-1.2729469905267157,1.6225668953077301,Financed Value Seekers
C0871,Individual,Pamela,Pierce,1989-11-28,F,USA,Virginia,Personal Use,1,Yes,Website,35.1,Domestic,USA,4,1939848.53,484962.1325,612113.6,1524.2725,1874.7,4,0.25,2024-01-04,2024-01-09,5,369,False,0,3.037425075088405,-2.2710214978577845,Core Growth Buyers
C0872,Individual,Sarah,Bennett,1943-06-22,F,UK,England,Personal Use,4,No,Website,81.6,International,UK,4,1462320.39,365580.0975,455019.48,1326.2525,1577.36,4,0.0,2024-01-02,2025-01-05,369,7,False,2,1.0265820691591192,0.6834472353866096,Premium Buyers
C0873,Individual,Gerald,Murray,1940-09-09,M,USA,New York,Personal Use,2,No,Website,84.3,Domestic,USA,3,1325777.78,441925.9266666667,554502.82,1463.22,1833.96,3,0.0,2024-01-02,2025-01-11,375,1,False,2,1.3642153048477592,-1.4801692569092069,Premium Buyers
C0874,Individual,Debra,Murray,1953-07-26,F,Belgium,Flanders,Investment,2,No,Website,71.5,International,Belgium,4,1490289.1099999999,372572.27749999997,604547.34,1186.5225,1894.96,4,0.0,2024-01-02,2025-01-03,367,9,True,2,1.4812903520128966,0.4641623174342656,Premium Buyers
C0875,Individual,Jeffrey,Evans,1972-07-09,M,Canada,Manitoba,Personal Use,4,No,Website,52.5,International,Canada,3,1308981.48,436327.16,551578.92,1370.5533333333333,1719.85,3,0.0,2024-01-03,2024-01-08,5,370,False,0,0.5461969357175741,-3.0028453221679468,Core Growth Buyers
C0876,Individual,Benjamin,Chavez,1973-08-22,M,USA,California,Personal Use,3,No,Client,51.4,Domestic,USA,3,873771.52,291257.17333333334,349877.5,971.1899999999999,1244.03,3,0.0,2024-01-01,2025-01-05,370,7,False,1,-2.24575759289012,0.18960219261624411,Financed Value Seekers
C0877,Individual,Jennifer,Weaver,1998-12-22,F,USA,Utah,Investment,2,Yes,Agency,26.1,Domestic,USA,3,1407650.4,469216.8,573266.03,1493.243333333333,1833.96,3,0.3333333333333333,2025-01-05,2025-01-09,4,3,True,2,1.4523739437243441,-2.8015905869171025,Premium Buyers
C0878,Individual,Ashley,Hansen,1945-04-28,F,USA,Nevada,Personal Use,4,Yes,Website,79.7,Domestic,USA,3,970670.1499999999,323556.7166666666,532017.08,1008.13,1606.58,3,0.0,2024-01-01,2025-01-07,372,5,False,1,-0.8653335599665422,-0.18981253163423417,Financed Value Seekers
C0879,Individual,Brandon,Adams,1945-03-15,M,UK,Northern Ireland,Personal Use,4,Yes,Website,79.8,International,UK,3,1349121.32,449707.1066666667,610364.02,1463.22,1833.96,3,0.0,2024-01-12,2025-01-10,364,2,False,2,1.7069875346422463,-1.6293091828969484,Premium Buyers
C0880,Individual,Judith,Bennett,1941-06-23,F,USA,New York,Personal Use,2,No,Website,83.6,Domestic,USA,4,1390002.6400000001,347500.66000000003,485278.06,1151.37,1598.85,4,0.25,2024-01-06,2025-01-08,368,4,False,2,0.6434105475963091,0.897526508462333,Premium Buyers
C0881,Individual,Ruth,Weaver,1954-09-24,F,USA,Colorado,Investment,1,No,Website,70.3,Domestic,USA,4,1247321.2,311830.3,542053.98,1136.6925,1848.51,4,0.25,2024-01-02,2025-01-08,372,4,True,2,0.39540205765069664,0.8496775760982982,Premium Buyers
C0882,Individual,Peter,Moore,2000-07-07,M,UK,Wales,Personal Use,3,No,Website,24.5,International,UK,3,1142828.1400000001,380942.7133333334,466293.15,1435.6633333333332,1841.5,3,0.3333333333333333,2024-01-01,2025-01-08,373,4,False,2,0.15784682345950715,-1.3344010223284288,Premium Buyers
C0883,Individual,Gerald,Thompson,1946-10-22,M,USA,Texas,Personal Use,4,No,Client,78.2,Domestic,USA,4,1979258.27,494814.5675,555330.51,1699.3675,1806.7,4,0.0,2024-01-06,2025-01-01,361,11,False,2,3.8019460068372397,-0.6031782011225715,Premium Buyers
C0884,Individual,Joe,Reed,1949-05-07,M,USA,Nevada,Personal Use,2,No,Website,75.7,Domestic,USA,3,1021697.5,340565.8333333333,423868.45,1209.64,1829.38,3,0.3333333333333333,2024-01-07,2025-01-05,364,7,False,1,-0.8185350339912602,-0.5384101964943622,Financed Value Seekers
C0885,Individual,Michael,Williams,1941-09-21,M,Canada,British Columbia,Investment,2,Yes,Agency,83.3,International,Canada,3,1540844.02,513614.67333333334,661095.49,1671.7666666666667,1938.82,3,0.0,2024-01-02,2024-01-07,5,371,True,0,2.458370040844808,-3.9919663125509883,Core Growth Buyers
C0886,Individual,Joseph,Brooks,1961-07-20,M,USA,California,Personal Use,3,Yes,Agency,63.5,Domestic,USA,3,807556.47,269185.49,441789.19,941.2099999999999,1496.62,3,0.0,2024-01-10,2025-01-12,368,0,False,1,-2.081020578460609,0.1892771467738798,Financed Value Seekers
C0887,Individual,Joan,Bryant,1993-04-23,F,USA,California,Personal Use,3,No,Agency,31.7,Domestic,USA,4,1247287.09,311821.7725,460816.43,1012.5575,1625.38,4,0.25,2024-01-03,2025-01-08,371,4,False,1,-0.27259926819448344,1.1031032542130559,Financed Value Seekers
C0888,Individual,Sharon,Montgomery,1987-05-24,F,Germany,Berlin,Personal Use,4,Yes,Website,37.6,International,Germany,4,1104713.19,276178.2975,506626.34,933.355,1714.22,4,0.5,2024-01-06,2025-01-11,371,1,False,1,-0.5881631065988211,1.2712967370072081,Financed Value Seekers
C0889,Individual,Scott,Campbell,1985-10-15,M,USA,Nevada,Investment,4,Yes,Website,39.2,Domestic,USA,3,1339350.5899999999,446450.1966666666,525586.98,1451.2533333333333,1678.17,3,0.0,2024-01-01,2025-01-12,377,0,True,2,1.1981030834037478,-1.5275622758563068,Premium Buyers
C0890,Individual,Julie,Nelson,1955-07-23,F,USA,Virginia,Investment,3,Yes,Website,69.5,Domestic,USA,4,1138394.29,284598.5725,480775.4,922.66,1587.57,4,0.0,2024-01-02,2025-01-04,368,8,True,1,-0.6446282653959454,1.515425711523697,Financed Value Seekers
C0891,Individual,Raymond,Roberts,1970-06-20,M,Germany,North Rhine-Westphalia,Investment,1,Yes,Website,54.6,International,Germany,4,1340373.08,335093.27,544032.25,1154.105,1848.51,4,0.25,2024-01-12,2025-01-06,360,6,True,2,0.6495903154243655,0.6010545053077381,Premium Buyers
C0892,Individual,Helen,Watson,1958-06-05,F,USA,California,Investment,2,Yes,Website,66.6,Domestic,USA,3,984121.3999999999,328040.4666666666,448877.05,1167.24,1632.55,3,0.3333333333333333,2024-01-08,2025-01-10,368,2,True,1,-0.939131968351561,-0.4895662978120864,Financed Value Seekers
C0893,Individual,Evelyn,Thompson,1995-06-23,F,USA,Colorado,Personal Use,3,Yes,Website,29.6,Domestic,USA,4,1695839.47,423959.8675,603155.94,1329.5925,1874.35,4,0.0,2024-01-03,2025-01-05,368,7,False,2,2.369907126028767,-0.04983024569251694,Premium Buyers
C0894,Individual,Carl,Evans,1953-06-14,M,USA,Georgia,Personal Use,5,No,Website,71.6,Domestic,USA,3,882067.47,294022.49,301693.78,932.37,1010.7,3,0.0,2024-01-10,2025-01-07,363,5,False,1,-2.428713944873051,0.5011970525970825,Financed Value Seekers
C0895,Individual,Amanda,Rogers,1953-08-25,F,USA,Arizona,Investment,4,Yes,Website,71.4,Domestic,USA,3,1127680.6,375893.5333333334,502145.17,1280.28,1750.89,3,0.0,2024-01-01,2025-01-12,377,0,True,2,0.057095247997865285,-0.7906853114170395,Premium Buyers
C0896,Individual,Timothy,Jones,1970-05-06,M,France,Brittany,Personal Use,4,Yes,Agency,54.7,International,France,4,1157933.44,289483.36,403361.09,935.765,1232.31,4,0.25,2024-01-04,2025-01-11,373,1,False,1,-0.9365870958869028,1.5281994872081188,Financed Value Seekers
C0897,Individual,Ann,Foster,1971-08-04,F,Australia,Victoria,Personal Use,1,No,Website,53.4,International,Other,3,745691.65,248563.88333333333,364650.23,801.46,1179.42,3,0.0,2024-01-01,2024-01-03,2,375,False,0,-3.5229780667591033,-1.085246601178783,Core Growth Buyers
C0898,Individual,Deborah,King,1953-09-27,F,USA,Arizona,Investment,5,Yes,Agency,71.3,Domestic,USA,4,836494.02,209123.505,318001.46,706.0875,1052.27,4,0.25,2024-01-09,2025-01-10,367,2,True,1,-2.704874699825376,2.4853402016689197,Financed Value Seekers
C0899,Corporate,Apex,Co,1988-06-26,F,USA,Washington,Investment,2,No,Website,36.5,Domestic,USA,3,1050407.63,350135.87666666665,481540.5,1076.6899999999998,1519.64,3,0.0,2024-01-11,2025-01-02,357,10,True,1,-0.834038781499274,-0.5972138749295812,Financed Value Seekers
C0900,Individual,Betty,Cook,1999-05-22,F,Germany,North Rhine-Westphalia,Personal Use,4,No,Agency,25.6,International,Germany,3,606058.22,202019.40666666665,316820.96,753.3133333333334,1098.83,3,0.0,2024-01-02,2024-01-12,10,366,False,0,-4.345228270231579,-0.7155166864698563,Core Growth Buyers
C0901,Individual,Gregory,Allen,1999-02-15,M,France,Brittany,Investment,4,No,Agency,25.9,International,France,3,909138.8400000001,303046.28,535623.53,909.0566666666667,1523.02,3,0.0,2024-01-04,2025-01-09,371,3,True,1,-1.4240838722854854,-0.23121550128898793,Financed Value Seekers
C0902,Corporate,Peerex,Co,1964-02-11,F,UK,Northern Ireland,Personal Use,3,Yes,Agency,60.9,International,UK,4,1281064.76,320266.19,457348.2,1068.57,1603.33,4,0.0,2024-01-03,2025-01-12,375,0,False,1,-0.08617089293449876,1.1374521694981812,Financed Value Seekers
C0903,Individual,Christine,Morales,1992-04-28,F,USA,Texas,Investment,3,No,Website,32.7,Domestic,USA,3,1108147.6099999999,369382.5366666666,427664.89,1240.6066666666666,1499.0,3,0.0,2024-01-01,2024-01-11,10,367,True,0,-1.0417836974815664,-2.3390269181181322,Core Growth Buyers
C0904,Individual,Nancy,Brooks,1984-03-08,F,Russia,Saint Petersburg,Personal Use,1,Yes,Website,40.8,International,Other,4,1050355.29,262588.8225,391528.7,883.805,1208.52,4,0.25,2024-01-07,2025-01-11,370,1,False,1,-1.4896403321333112,1.5750250945317466,Financed Value Seekers
C0905,Individual,Emma,Allen,1993-05-16,F,USA,Virginia,Personal Use,5,Yes,Website,31.7,Domestic,USA,3,877477.72,292492.5733333333,408310.1,927.6066666666666,1138.32,3,0.0,2024-01-07,2024-01-12,5,366,False,0,-2.515648958485897,-1.4296645777021788,Core Growth Buyers
C0906,Individual,Jacqueline,Baker,1969-08-13,F,USA,California,Investment,5,No,Website,55.4,Domestic,USA,4,1757967.56,439491.89,571612.79,1458.93,1859.83,4,0.25,2024-01-02,2025-01-09,373,3,True,2,2.7729149107941224,-0.09342200781622156,Premium Buyers
C0907,Individual,Danielle,Scott,1973-11-14,F,USA,California,Personal Use,3,No,Agency,51.2,Domestic,USA,3,1375380.46,458460.1533333333,574177.29,1459.1899999999998,1713.09,3,0.0,2024-01-01,2025-01-12,377,0,False,2,1.566932851777483,-1.6956531442514398,Premium Buyers
C0908,Individual,Carl,Kim,1960-11-17,M,USA,California,Personal Use,4,Yes,Agency,64.2,Domestic,USA,4,1129941.35,282485.3375,467397.36,825.1325,1448.68,4,0.25,2024-01-05,2025-01-12,373,0,False,1,-0.8785439567470705,1.6815509247112508,Financed Value Seekers
C0909,Individual,Brandon,Turner,1967-07-10,M,USA,California,Investment,1,Yes,Agency,57.5,Domestic,USA,4,1529455.73,382363.9325,595281.62,1183.04,1893.23,4,0.5,2024-01-01,2025-01-06,371,6,True,2,1.5878406204504656,0.2879944267020889,Premium Buyers
C0910,Individual,Victoria,Jackson,1971-11-24,F,USA,Texas,Personal Use,3,Yes,Agency,53.1,Domestic,USA,3,1293598.48,431199.49333333335,705817.01,1238.36,1948.32,3,0.3333333333333333,2024-01-12,2025-01-07,361,5,False,2,1.5119170101125348,-1.5945291926535372,Premium Buyers
C0911,Individual,Donald,Long,1989-03-27,M,USA,California,Personal Use,4,No,Website,35.8,Domestic,USA,4,1310405.32,327601.33,589085.76,972.335,1728.84,4,0.0,2024-01-04,2025-01-07,369,5,False,2,0.4695656929625489,0.9716387912191895,Premium Buyers
C0912,Individual,Christina,Freeman,1949-05-11,F,USA,California,Personal Use,1,No,Agency,75.7,Domestic,USA,3,1322130.05,440710.01666666666,617512.0,1351.4633333333334,1849.4,3,0.3333333333333333,2024-01-01,2025-01-10,375,2,False,2,1.4238499799875015,-1.5795343760873495,Premium Buyers
C0913,Individual,Nathan,Hansen,1999-01-13,M,USA,California,Personal Use,4,No,Agency,26.0,Domestic,USA,4,1935637.92,483909.48,586679.08,1552.15,1732.33,4,0.25,2024-01-05,2025-01-07,368,5,False,2,3.479888032600211,-0.6310427379185175,Premium Buyers
C0914,Individual,Helen,Freeman,1948-10-12,F,France,Provence,Investment,4,No,Website,76.3,International,France,4,1124290.78,281072.695,362803.25,984.6475,1268.45,4,0.25,2024-01-02,2024-01-12,10,366,True,0,-1.5927361263696878,0.09590757053319526,Core Growth Buyers
C0915,Individual,Ronald,Harris,1948-01-23,M,USA,Florida,Personal Use,2,No,Agency,77.0,Domestic,USA,3,1309768.71,436589.57,589191.73,1283.46,1702.66,3,0.0,2024-01-08,2025-01-04,362,8,False,2,1.0767485425998298,-1.3326001148831668,Premium Buyers
C0916,Individual,Nathan,Hansen,1988-02-10,M,Russia,Moscow Oblast,Personal Use,2,No,Website,36.9,International,Other,4,1377591.46,344397.865,478922.56,1114.105,1512.9,4,0.0,2024-01-04,2024-01-11,7,367,False,0,-0.15301789787519937,-0.7784744588591157,Core Growth Buyers
C0917,Individual,Kenneth,Hughes,1969-08-01,M,USA,Arizona,Personal Use,2,Yes,Agency,55.4,Domestic,USA,3,756785.49,252261.83,300300.85,851.4266666666667,1033.2,3,0.0,2024-01-10,2025-01-05,361,7,False,1,-3.1552840721432287,0.5870765591869336,Financed Value Seekers
C0918,Individual,Susan,Cook,2000-02-21,F,Australia,Western Australia,Personal Use,4,No,Client,24.9,International,Other,3,1461361.8699999999,487120.6233333333,591434.36,1583.2166666666665,1925.28,3,0.3333333333333333,2024-01-02,2024-01-12,10,366,False,0,1.6742208803103624,-3.801840646934953,Core Growth Buyers
C0919,Individual,Barbara,Foster,1975-08-17,F,Canada,Quebec,Investment,5,No,Agency,49.4,International,Canada,3,1059524.55,353174.85000000003,486833.55,1179.5233333333333,1739.03,3,0.0,2024-01-01,2025-01-05,370,7,True,1,-0.5427111642821986,-0.6513424587399517,Financed Value Seekers
C0920,Individual,Christian,Williams,1973-10-11,M,USA,California,Personal Use,4,No,Website,51.3,Domestic,USA,3,878368.79,292789.5966666667,447905.13,934.4333333333334,1481.82,3,0.0,2024-01-06,2025-01-09,369,3,False,1,-1.7910127831727336,0.10346670885587472,Financed Value Seekers
C0921,Individual,Christina,Reyes,1999-03-10,F,Australia,New South Wales,Personal Use,4,No,Agency,25.8,International,Other,3,802736.76,267578.92,331896.95,900.46,1075.42,3,0.0,2024-01-11,2025-01-10,365,2,False,1,-2.78928609122915,0.3156816344669607,Financed Value Seekers
C0922,Individual,Joe,Bell,1942-10-28,M,Australia,Victoria,Investment,4,Yes,Website,82.2,International,Other,3,1105753.98,368584.66,442539.26,1200.3500000000001,1499.0,3,0.0,2024-01-07,2025-01-10,369,2,True,1,-0.48360835891827303,-0.5281617354292705,Financed Value Seekers
C0923,Individual,Ruth,Richardson,1950-08-26,F,USA,Oregon,Personal Use,3,No,Client,74.4,Domestic,USA,4,1183422.85,295855.7125,554198.64,1035.1925,1855.14,4,0.0,2024-01-04,2025-01-12,374,0,False,1,0.07297972001292316,1.180878656210678,Financed Value Seekers
C0924,Individual,Emily,Wright,1988-03-20,F,USA,California,Personal Use,4,No,Website,36.8,Domestic,USA,4,1558670.83,389667.7075,535687.32,1313.38,1898.39,4,0.25,2024-01-03,2025-01-08,371,4,False,2,1.668656671686432,0.26933242157435666,Premium Buyers
C0925,Individual,Michael,Ward,1944-05-12,M,Germany,Hamburg,Personal Use,2,No,Website,80.7,International,Germany,3,1308035.02,436011.67333333334,523966.96,1471.8999999999999,1620.07,3,0.3333333333333333,2024-01-05,2025-01-07,368,5,False,2,1.16837266033306,-1.5464857815140247,Premium Buyers
C0926,Individual,Lauren,Harris,1961-04-04,F,USA,California,Personal Use,3,No,Website,63.8,Domestic,USA,3,1078841.73,359613.91,416303.05,1207.6466666666668,1360.96,3,0.6666666666666666,2024-01-03,2025-01-06,369,6,False,1,-0.6054516272003713,-0.6551117902528758,Financed Value Seekers
C0927,Individual,Carol,Hayes,1962-11-04,F,France,Ile-de-France,Personal Use,4,No,Client,62.2,International,France,3,933499.38,311166.46,571089.66,952.2633333333333,1695.03,3,0.3333333333333333,2024-01-11,2025-01-12,367,0,False,1,-0.956601259653852,-0.3101085685642479,Financed Value Seekers
C0928,Individual,Jordan,Jordan,1950-02-27,M,USA,California,Personal Use,1,Yes,Agency,74.9,Domestic,USA,3,758070.13,252690.04333333333,392319.37,883.7466666666666,1487.17,3,0.3333333333333333,2024-01-03,2024-01-11,8,367,False,0,-3.080937280117652,-1.2188621745925654,Core Growth Buyers
C0929,Individual,Jack,Hall,1954-05-23,M,USA,Washington,Personal Use,4,No,Website,70.6,Domestic,USA,3,1167841.72,389280.5733333333,407054.73,1117.9399999999998,1164.55,3,0.0,2024-01-03,2025-01-10,373,2,False,1,-0.557082903068208,-0.40110354648058427,Financed Value Seekers
C0930,Individual,Debra,Moore,1993-04-15,F,USA,Washington,Investment,1,Yes,Agency,31.7,Domestic,USA,3,924305.53,308101.8433333333,410092.17,1110.6233333333332,1689.08,3,0.0,2024-01-02,2025-01-01,365,11,True,1,-1.6079273796544011,-0.4111486546376354,Financed Value Seekers
C0931,Individual,Daniel,Parker,1977-12-25,M,USA,Nevada,Investment,2,Yes,Client,47.0,Domestic,USA,3,997418.61,332472.87,380782.35,1090.9466666666667,1288.42,3,0.0,2024-01-09,2025-01-08,365,4,True,1,-1.4673226788396763,-0.29023410187767873,Financed Value Seekers
C0932,Individual,Kathleen,Moore,1949-07-14,F,USA,New York,Personal Use,5,No,Website,75.5,Domestic,USA,4,1468310.6600000001,367077.66500000004,567793.82,1196.9724999999999,1777.51,4,0.0,2024-01-02,2025-01-01,365,11,False,2,1.368072442858831,0.6891125250571806,Premium Buyers
C0933,Individual,Kimberly,Johnson,1955-09-03,F,USA,California,Personal Use,4,No,Website,69.4,Domestic,USA,3,1077170.94,359056.98,411210.31,1155.4633333333334,1369.96,3,0.3333333333333333,2024-01-07,2025-01-12,371,0,False,1,-0.7464583461631253,-0.4185022041091547,Financed Value Seekers
C0934,Individual,Barbara,Allen,1943-10-02,F,UK,Northern Ireland,Investment,5,Yes,Website,81.3,International,UK,3,912489.5900000001,304163.1966666667,426691.03,1086.9833333333333,1581.88,3,0.0,2024-01-04,2024-01-08,4,370,True,0,-1.9524271293848816,-1.6095784794625283,Core Growth Buyers
C0935,Individual,Katherine,Cooper,2000-05-17,F,Canada,Manitoba,Personal Use,4,No,Agency,24.7,International,Canada,3,1133032.49,377677.49666666664,459433.77,1221.6766666666665,1724.08,3,0.3333333333333333,2024-01-01,2024-01-08,7,370,False,0,-0.8369755396090752,-2.5395496804176423,Core Growth Buyers
C0936,Individual,Carolyn,Brooks,1951-04-10,F,USA,California,Personal Use,3,No,Client,73.8,Domestic,USA,3,782945.97,260981.99,312643.26,879.3433333333332,1006.65,3,0.3333333333333333,2024-01-02,2025-01-06,370,6,False,1,-2.8385018881730066,0.5675782079596027,Financed Value Seekers
C0937,Individual,Gerald,Chavez,1982-04-03,M,USA,Arizona,Personal Use,5,No,Client,42.8,Domestic,USA,4,1370340.9100000001,342585.22750000004,462252.41,1127.3175,1630.81,4,0.0,2024-01-03,2025-01-09,372,3,False,2,0.3621527729508336,0.9842078937646304,Premium Buyers
C0938,Individual,William,Chavez,1963-05-08,M,Russia,Krasnodar Krai,Personal Use,4,No,Website,61.7,International,Other,3,854217.7,284739.23333333334,448751.61,851.87,1288.42,3,0.0,2024-01-01,2025-01-04,369,8,False,1,-2.053447395117364,0.2600454596925443,Financed Value Seekers
C0939,Individual,Anna,Alexander,1978-02-02,F,Belgium,Brussels,Investment,1,No,Website,46.9,International,Belgium,4,1190833.68,297708.42,478857.61,996.3625,1618.34,4,0.0,2024-01-10,2025-01-11,367,1,True,1,-0.46005696469444124,1.169447453107641,Financed Value Seekers
C0940,Individual,Kyle,Bell,1985-12-19,M,USA,Virginia,Investment,5,No,Website,39.1,Domestic,USA,4,1628937.85,407234.4625,627200.92,1332.2825,1874.35,4,0.25,2024-01-04,2024-01-12,8,366,True,0,1.8666945930845844,-1.534116597679503,Core Growth Buyers
C0941,Individual,Grace,Moore,1955-07-17,F,Mexico,Jalisco,Personal Use,1,No,Agency,69.5,International,Other,3,1028314.09,342771.36333333334,410663.51,1089.46,1288.42,3,0.3333333333333333,2024-01-10,2025-01-10,366,2,False,1,-1.1746945022091495,-0.4353646620130826,Financed Value Seekers
C0942,Individual,Joan,Jackson,1991-12-14,F,USA,California,Personal Use,1,No,Website,33.1,Domestic,USA,4,1402631.76,350657.94,500962.79,1008.6625,1431.42,4,0.0,2024-01-01,2025-01-11,376,1,False,2,0.34445409241987224,0.911190189844351,Premium Buyers
C0943,Individual,Karen,Cox,1957-09-13,F,Canada,Manitoba,Investment,5,No,Website,67.3,International,Canada,3,975048.28,325016.0933333333,404116.95,1129.1766666666665,1458.08,3,0.3333333333333333,2024-01-09,2025-01-12,369,0,True,1,-1.2316524865736571,-0.24166204767438434,Financed Value Seekers
C0944,Individual,Virginia,Hughes,1956-08-24,F,USA,Florida,Personal Use,2,No,Website,68.4,Domestic,USA,3,1256722.03,418907.3433333333,673008.78,1283.46,1702.66,3,0.3333333333333333,2024-01-09,2025-01-12,369,0,False,2,1.3504814795341349,-1.4731741937047325,Premium Buyers
C0945,Individual,Emily,Hayes,1945-09-04,F,France,Provence,Personal Use,4,No,Website,79.4,International,France,3,973406.55,324468.85000000003,415439.74,1102.8633333333335,1432.77,3,0.0,2024-01-03,2025-01-05,368,7,False,1,-1.2667916406585857,-0.16037844351490171,Financed Value Seekers
C0946,Individual,Ashley,Weaver,1946-07-04,F,USA,Nevada,Investment,3,Yes,Agency,78.5,Domestic,USA,3,827605.63,275868.54333333333,378567.66,897.3100000000001,1224.71,3,0.0,2024-01-12,2025-01-10,364,2,True,1,-2.3851604856682145,0.41335903216908126,Financed Value Seekers
C0947,Individual,Samantha,Cox,1981-05-16,F,USA,Texas,Personal Use,2,No,Website,43.7,Domestic,USA,3,1096583.29,365527.76333333337,488382.72,1190.3133333333333,1414.25,3,0.0,2024-01-10,2025-01-07,363,5,False,2,-0.38241301271054706,-0.8042721900292477,Premium Buyers
C0948,Individual,Emma,Nelson,1989-12-16,F,USA,California,Investment,3,Yes,Website,35.1,Domestic,USA,4,1532000.51,383000.1275,465555.5,1299.3675,1499.47,4,0.5,2024-01-02,2025-01-08,372,4,True,2,1.223956069217285,0.3686312735274356,Premium Buyers
C0949,Individual,Julia,Price,1943-06-26,F,USA,Colorado,Investment,5,Yes,Client,81.5,Domestic,USA,4,1397057.95,349264.4875,679222.65,1102.2725,1941.78,4,0.25,2024-01-03,2025-01-08,371,4,True,2,1.5214167604794169,0.6732800772245324,Premium Buyers
C0950,Individual,Christina,Price,1991-12-11,F,USA,Texas,Investment,5,No,Website,33.1,Domestic,USA,4,1418212.48,354553.12,518468.37,1146.9925,1678.3,4,0.25,2024-01-01,2025-01-09,374,3,True,2,0.8394934720514956,0.730847322233974,Premium Buyers
C0951,Individual,Rachel,Chavez,1998-11-15,F,Mexico,Nuevo Leon,Personal Use,1,Yes,Client,26.2,International,Other,4,1658301.92,414575.48,601046.95,1290.8,1875.83,4,0.0,2024-01-04,2025-01-04,366,8,False,2,2.066776464838199,-0.09875006195273192,Premium Buyers
C0952,Individual,Ann,Martin,1959-09-03,F,USA,Oregon,Personal Use,5,No,Website,65.4,Domestic,USA,4,1886501.9300000002,471625.48250000004,548316.4,1510.65,1811.84,4,0.25,2024-01-06,2025-01-12,372,0,False,2,3.187057218275373,-0.19899769368203435,Premium Buyers
C0953,Corporate,Helios,Co,1995-10-22,M,USA,Washington,Personal Use,5,Yes,Website,29.2,Domestic,USA,3,639815.0,213271.66666666666,294124.85,839.1433333333334,1241.14,3,0.0,2025-01-08,2025-01-09,1,3,False,1,-3.838960282623888,0.033924491416672364,Financed Value Seekers
C0954,Individual,Michael,Evans,1950-04-08,M,France,Brittany,Investment,4,Yes,Agency,74.8,International,France,4,1493788.0,373447.0,533253.25,1204.4975,1891.72,4,0.25,2024-01-05,2025-01-10,371,2,True,2,1.2500348711424287,0.6110748359144877,Premium Buyers
C0955,Individual,Megan,Garcia,1969-01-11,F,USA,California,Personal Use,1,No,Website,56.0,Domestic,USA,3,1098111.78,366037.26,398094.9,1205.9633333333334,1285.87,3,0.0,2024-01-03,2025-01-09,372,3,False,1,-0.767792845215396,-0.6117514524900829,Financed Value Seekers
C0956,Individual,Donald,Jackson,1966-03-10,M,USA,California,Personal Use,1,Yes,Website,58.8,Domestic,USA,4,1647197.45,411799.3625,512614.55,1294.645,1651.02,4,0.25,2024-01-07,2025-01-05,364,7,False,2,1.7665990701344527,0.22554954038131442,Premium Buyers
C0957,Corporate,Crestwood,Co,1961-05-21,M,USA,Oregon,Personal Use,2,Yes,Client,63.6,Domestic,USA,4,1295242.02,323810.505,438504.35,1072.5575,1445.84,4,0.0,2024-01-03,2025-01-02,365,10,False,1,-0.11982485745765264,1.1294911665266907,Financed Value Seekers
C0958,Individual,Betty,Rogers,1991-07-11,F,USA,Nevada,Personal Use,1,Yes,Website,33.5,Domestic,USA,4,936091.4500000001,234022.86250000002,319340.28,834.6575,1173.4,4,0.0,2024-01-05,2025-01-09,370,3,False,1,-2.2910970152046155,1.9527196901802109,Financed Value Seekers
C0959,Individual,Carl,Hayes,1952-09-13,M,USA,California,Personal Use,3,No,Agency,72.3,Domestic,USA,4,1840159.66,460039.915,590672.73,1572.79,1957.16,4,0.0,2024-01-04,2025-01-11,373,1,False,2,3.2823336990687326,-0.368722634920874,Premium Buyers
C0960,Individual,Linda,Bennett,1960-04-01,F,USA,Arizona,Investment,1,Yes,Client,64.8,Domestic,USA,4,1380084.58,345021.145,499350.81,1148.2475,1629.83,4,0.25,2024-01-03,2025-01-04,367,8,True,2,0.5841650175800497,0.7416159045200515,Premium Buyers
C0961,Individual,Brandon,Morales,1974-08-03,M,UK,Wales,Personal Use,2,Yes,Website,50.4,International,UK,4,1681311.67,420327.9175,693731.35,1271.345,1914.21,4,0.0,2024-01-02,2025-01-03,367,9,False,2,2.6317061388952285,-0.11487906025520966,Premium Buyers
C0962,Individual,Nicholas,Hansen,1940-07-18,M,USA,California,Personal Use,4,No,Website,84.5,Domestic,USA,4,1335726.82,333931.705,523288.27,1114.2125,1629.83,4,0.0,2024-01-01,2025-01-10,375,2,False,2,0.6002394773868087,1.0719508123022072,Premium Buyers
C0963,Individual,James,Davis,1941-08-09,M,Canada,Alberta,Personal Use,4,No,Agency,83.4,International,Canada,3,598874.99,199624.99666666667,222973.92,678.9699999999999,786.13,3,0.3333333333333333,2024-01-06,2025-01-10,370,2,False,1,-4.312010897443724,1.353769166818206,Financed Value Seekers
C0964,Individual,Elizabeth,Hall,1953-09-19,F,USA,California,Personal Use,4,No,Website,71.3,Domestic,USA,3,1015121.6900000001,338373.89666666667,485910.88,1168.3833333333334,1588.14,3,0.0,2024-01-02,2025-01-02,366,10,False,1,-0.6402327876501333,-0.47314870942623555,Financed Value Seekers
C0965,Individual,Lauren,Adams,1961-09-26,F,USA,New York,Investment,3,No,Website,63.3,Domestic,USA,3,840199.6100000001,280066.5366666667,359492.59,862.1066666666666,1119.1,3,0.3333333333333333,2024-01-02,2025-01-04,368,8,True,1,-2.4581502504707204,0.39019210666031484,Financed Value Seekers
C0966,Corporate,Corvus,Co,1995-10-11,M,USA,California,Investment,3,No,Website,29.3,Domestic,USA,4,1606785.0499999998,401696.26249999995,470809.32,1510.34,1891.72,4,0.25,2024-01-07,2025-01-06,365,6,True,2,1.8316245560979123,-0.048282478032656395,Premium Buyers
C0967,Individual,Jennifer,Moore,1959-01-20,F,USA,California,Personal Use,2,No,Agency,66.0,Domestic,USA,3,705599.66,235199.8866666667,283671.4,879.3433333333332,1006.65,3,0.3333333333333333,2024-01-09,2025-01-11,368,1,False,1,-3.2897822860222665,0.655257652107323,Financed Value Seekers
C0968,Individual,Julie,Hansen,1995-11-21,F,USA,Arizona,Personal Use,4,No,Website,29.1,Domestic,USA,3,1089074.71,363024.9033333333,514916.07,1168.3833333333334,1588.14,3,0.3333333333333333,2024-01-05,2025-01-09,370,3,False,2,-0.2596947610317429,-0.8405859285899038,Premium Buyers
C0969,Individual,Amber,Ward,1976-03-27,F,Russia,Tatarstan,Investment,1,Yes,Agency,48.8,International,Other,3,1118760.19,372920.0633333333,635034.32,1186.4366666666667,1678.17,3,0.3333333333333333,2024-01-07,2025-01-12,371,0,True,2,0.3609770150840039,-1.23669700071863,Premium Buyers
C0970,Individual,Peter,Johnson,1986-12-01,M,Denmark,North Denmark,Personal Use,3,Yes,Website,38.1,International,Other,4,1596404.25,399101.0625,594737.23,1313.38,1898.39,4,0.25,2024-01-02,2025-01-12,376,0,False,2,2.017711099301405,0.06223969163317328,Premium Buyers
C0971,Individual,Cynthia,Mitchell,1969-06-02,F,USA,Colorado,Investment,5,Yes,Website,55.6,Domestic,USA,4,1278450.05,319612.5125,539007.54,1011.23,1587.57,4,0.0,2024-01-02,2025-01-12,376,0,True,1,0.25786778558328105,1.1814304327984466,Financed Value Seekers
C0972,Individual,Sandra,Evans,1964-09-16,F,USA,Arizona,Personal Use,5,No,Agency,60.3,Domestic,USA,4,1298009.03,324502.2575,578906.36,1072.985,1869.81,4,0.0,2024-01-04,2024-01-05,1,373,False,0,0.10854514393258649,-0.6447579880944743,Core Growth Buyers
C0973,Individual,Charles,Stone,1992-12-03,M,USA,California,Investment,2,No,Client,32.1,Domestic,USA,4,1595817.1600000001,398954.29000000004,617314.75,1210.7375000000002,1899.92,4,0.25,2024-01-06,2025-01-06,366,6,True,2,1.889845313250426,0.11831241538118811,Premium Buyers
C0974,Individual,Michael,Hansen,1961-05-22,M,USA,New York,Personal Use,1,No,Agency,63.6,Domestic,USA,4,1210990.11,302747.5275,589033.68,1008.395,1869.81,4,0.0,2024-01-01,2025-01-03,368,9,False,1,0.19881353965979637,0.9696885442577895,Financed Value Seekers
C0975,Individual,Gregory,Reyes,1946-07-09,M,USA,Utah,Personal Use,4,No,Website,78.5,Domestic,USA,3,941310.61,313770.2033333333,387772.79,1050.08,1397.58,3,0.0,2024-01-04,2025-01-12,374,0,False,1,-1.5752886310810776,0.08383831903556643,Financed Value Seekers
C0976,Individual,Ryan,Miller,1983-07-18,M,USA,California,Personal Use,4,Yes,Website,41.5,Domestic,USA,4,1206149.98,301537.495,437270.83,947.7475000000001,1232.2,4,0.25,2024-01-08,2025-01-08,366,4,False,1,-0.5790171558516648,1.3808201973738836,Financed Value Seekers
C0977,Individual,Ryan,James,1996-04-07,M,USA,California,Personal Use,1,No,Agency,28.8,Domestic,USA,3,944672.95,314890.98333333334,465826.16,1092.5066666666667,1653.49,3,0.0,2024-01-02,2025-01-12,376,0,False,1,-1.28018189477927,-0.48407437234688616,Financed Value Seekers
C0978,Individual,Lauren,Brown,1963-11-11,F,USA,California,Personal Use,4,Yes,Website,61.2,Domestic,USA,3,1449360.9100000001,483120.3033333334,511639.2,1526.9566666666667,1621.39,3,0.0,2024-01-05,2025-01-04,365,8,False,2,1.7103627663880419,-1.7203299506773482,Premium Buyers
C0979,Individual,Madison,Roberts,1940-02-25,F,Canada,Quebec,Investment,4,No,Website,84.9,International,Canada,3,864661.4500000001,288220.48333333334,387129.95,939.3299999999999,1263.44,3,0.0,2024-01-01,2024-01-02,1,376,True,0,-2.6217722020215724,-1.271397020207361,Core Growth Buyers
C0980,Individual,Daniel,Davis,1942-01-13,M,USA,New York,Investment,1,Yes,Website,83.0,Domestic,USA,3,1156326.6400000001,385442.2133333334,459833.04,1392.5566666666666,1742.3,3,0.3333333333333333,2024-01-03,2025-01-08,371,4,True,2,0.1743107409510944,-1.071768444959639,Premium Buyers
C0981,Individual,Jessica,Stewart,1961-11-14,F,USA,California,Investment,1,No,Website,63.2,Domestic,USA,4,2048324.19,512081.0475,529558.26,1555.2975000000001,1703.94,4,0.25,2024-01-02,2025-01-06,370,6,True,2,3.577350412329984,-0.5486549340315885,Premium Buyers
C0982,Individual,Joyce,Jackson,1961-07-08,F,Canada,Manitoba,Investment,5,Yes,Agency,63.5,International,Canada,3,1443503.73,481167.91,567471.58,1456.36,1768.9,3,0.0,2024-01-10,2025-01-07,363,5,True,2,1.7725123051326859,-1.7225559636114558,Premium Buyers
C0983,Individual,Brittany,Freeman,1994-06-21,F,Germany,North Rhine-Westphalia,Personal Use,4,No,Website,30.6,International,Germany,3,803219.7,267739.89999999997,354787.43,899.62,1241.14,3,0.0,2024-01-09,2025-01-06,363,6,False,1,-2.6505505385345773,0.304070967266367,Financed Value Seekers
C0984,Individual,Mark,Johnson,1962-12-03,M,Canada,British Columbia,Personal Use,5,Yes,Agency,62.1,International,Canada,3,1206529.21,402176.4033333333,508281.75,1337.1733333333334,1738.5,3,0.3333333333333333,2024-01-02,2025-01-05,369,7,False,2,0.4701620120449457,-1.1587948563270998,Premium Buyers
C0985,Individual,Ruth,Griffin,1954-10-15,F,USA,California,Personal Use,1,Yes,Website,70.2,Domestic,USA,3,886990.72,295663.5733333333,460231.54,934.4333333333334,1481.82,3,0.3333333333333333,2024-01-01,2025-01-08,373,4,False,1,-1.6790019681609016,-0.022226651723802202,Financed Value Seekers
C0986,Individual,Jacqueline,Ward,1981-10-18,F,Russia,Saint Petersburg,Personal Use,2,No,Website,43.2,International,Other,3,1445226.07,481742.0233333334,667262.77,1510.3766666666668,1890.0,3,0.3333333333333333,2024-01-06,2024-01-12,6,366,False,0,1.8485222295577823,-3.8068186881933963,Core Growth Buyers
C0987,Individual,Maria,Johnson,1967-10-22,F,Germany,North Rhine-Westphalia,Personal Use,1,Yes,Agency,57.2,International,Germany,4,1086018.36,271504.59,443461.13,984.12,1630.81,4,0.25,2024-01-07,2025-01-10,369,2,False,1,-0.9326888656284285,1.3183664181780268,Financed Value Seekers
C0988,Individual,Douglas,Cooper,1988-04-21,M,USA,Texas,Personal Use,3,Yes,Agency,36.7,Domestic,USA,3,695033.8,231677.93333333335,306320.78,724.0866666666667,1008.52,3,0.0,2024-01-02,2024-01-12,10,366,False,0,-4.0979822929064085,-0.7188669267926708,Core Growth Buyers
C0989,Individual,Amber,Cook,1946-10-19,F,USA,Oregon,Personal Use,4,No,Website,78.2,Domestic,USA,4,1129907.31,282476.8275,498692.85,1035.1925,1855.14,4,0.25,2024-01-03,2024-01-12,9,366,False,0,-0.781217335554754,-0.22620911873930732,Core Growth Buyers
C0990,Individual,Carl,Carter,1942-01-21,M,USA,Utah,Personal Use,4,No,Website,83.0,Domestic,USA,4,1588383.3599999999,397095.83999999997,495705.73,1321.76,1603.33,4,0.0,2024-01-02,2025-01-05,369,7,False,2,1.630797786077026,0.5370942035504911,Premium Buyers
C0991,Individual,Heather,Adams,1975-03-27,F,USA,Nevada,Personal Use,1,No,Website,49.8,Domestic,USA,3,1223116.15,407705.3833333333,500394.39,1464.8466666666666,1902.88,3,0.0,2024-01-12,2025-01-07,361,5,False,2,0.646218725716347,-1.4585504289527107,Premium Buyers
C0992,Individual,Scott,Hughes,1988-11-19,M,Denmark,Capital Region,Personal Use,1,Yes,Website,36.1,International,Other,4,1478482.61,369620.6525,484664.3,1205.465,1499.47,4,0.0,2024-01-05,2025-01-05,366,7,False,2,0.8343750173787305,0.4909356394663332,Premium Buyers
C0993,Individual,Ryan,Campbell,1954-03-11,M,USA,California,Personal Use,2,Yes,Website,70.8,Domestic,USA,3,530494.44,176831.47999999998,217783.6,610.62,792.27,3,0.0,2024-01-01,2024-01-07,6,371,False,0,-5.269731751973101,-0.031097844730772598,Core Growth Buyers
C0994,Individual,Michael,Moore,1976-11-26,M,USA,California,Personal Use,3,No,Website,48.1,Domestic,USA,4,1379902.8699999999,344975.71749999997,578315.7,1187.8925000000002,1817.64,4,0.0,2025-01-03,2025-01-11,8,1,False,2,0.8025529617622043,-0.1715343223327247,Premium Buyers
C0995,Individual,Amanda,Kim,1949-10-14,F,Australia,New South Wales,Personal Use,1,Yes,Website,75.2,International,Other,3,1004120.77,334706.92333333334,570222.0,1037.11,1765.37,3,0.3333333333333333,2024-01-11,2025-01-12,367,0,False,1,-0.5654169297735927,-0.588872415153025,Financed Value Seekers
C0996,Individual,Terry,Howard,1956-06-11,M,Canada,Manitoba,Personal Use,2,Yes,Client,68.6,International,Canada,3,888968.0,296322.6666666667,463182.68,941.2099999999999,1496.62,3,0.3333333333333333,2024-01-05,2025-01-03,364,9,False,1,-1.6932409545279494,-0.09558911738619066,Financed Value Seekers
C0997,Individual,Terry,Collins,1950-03-11,M,USA,California,Investment,3,Yes,Agency,74.8,Domestic,USA,3,1607877.07,535959.0233333333,578538.26,1654.4733333333334,1908.91,3,0.3333333333333333,2024-01-02,2025-01-07,371,5,True,2,2.8642087601537045,-2.3151596003263597,Premium Buyers
C0998,Corporate,Grandis,Co,1969-05-06,F,USA,Virginia,Personal Use,4,No,Agency,55.7,Domestic,USA,4,1230552.15,307638.0375,503618.69,1053.27,1699.02,4,0.25,2024-01-01,2025-01-08,373,4,False,1,0.021966080856126204,1.1050066032674262,Financed Value Seekers
C0999,Individual,Jacqueline,Cox,1969-09-15,F,USA,California,Investment,3,No,Agency,55.3,Domestic,USA,3,661984.35,220661.44999999998,322054.98,753.3133333333334,1098.83,3,0.0,2024-01-01,2025-01-09,374,3,True,1,-3.560781722245604,0.9044580975783363,Financed Value Seekers
C1000,Individual,Judith,Parker,1963-07-21,F,USA,Utah,Personal Use,2,Yes,Website,61.5,Domestic,USA,4,1629372.23,407343.0575,574257.04,1316.6550000000002,1898.39,4,0.0,2024-01-10,2025-01-06,362,6,False,2,2.038221778052495,0.17261282761213326,Premium Buyers
C1001,Individual,Aaron,Nelson,1981-07-13,M,USA,California,Personal Use,3,No,Website,43.5,Domestic,USA,4,1650296.94,412574.235,574884.08,1326.3725,1832.17,4,0.0,2024-01-01,2025-01-07,372,5,False,2,2.1193003969008184,0.12541215970515096,Premium Buyers
C1002,Individual,Scott,Hughes,1967-06-08,M,USA,California,Personal Use,5,No,Website,57.6,Domestic,USA,3,1064050.72,354683.5733333333,570302.17,1052.0866666666668,1519.64,3,0.3333333333333333,2024-01-04,2024-01-12,8,366,False,0,-0.7385305832550342,-2.1486840136343197,Core Growth Buyers
C1003,Individual,Lauren,Bennett,1977-08-11,F,USA,Nevada,Personal Use,2,No,Website,47.4,Domestic,USA,3,1164909.23,388303.07666666666,522271.82,1303.7766666666666,1476.63,3,0.3333333333333333,2024-01-07,2025-01-08,367,4,False,2,0.2984654594979509,-1.1824243738307798,Premium Buyers
C1004,Individual,Alexander,Anderson,1982-09-17,M,USA,Oregon,Personal Use,3,Yes,Website,42.3,Domestic,USA,4,1553467.6600000001,388366.91500000004,554713.49,1254.045,1629.74,4,0.0,2024-01-08,2025-01-10,368,2,False,2,1.5839932696041197,0.3598028427243836,Premium Buyers
C1005,Individual,Barbara,Chavez,1988-06-07,F,Germany,Hamburg,Personal Use,3,No,Client,36.6,International,Germany,3,778101.6000000001,259367.20000000004,325562.57,993.0033333333334,1397.58,3,0.3333333333333333,2024-01-02,2025-01-08,372,4,False,1,-2.6752775577470094,0.17917678321328934,Financed Value Seekers
C1006,Individual,Stephanie,Weaver,1992-12-24,F,USA,Georgia,Personal Use,1,No,Website,32.1,Domestic,USA,3,738938.8,246312.93333333335,317877.17,828.39,1008.52,3,0.0,2024-01-09,2025-01-06,363,6,False,1,-3.215850174423718,0.511387376967751,Financed Value Seekers
C1007,Individual,Joyce,Brooks,1948-10-25,F,UK,England,Personal Use,4,No,Agency,76.2,International,UK,3,813104.68,271034.89333333337,334696.9,847.0366666666667,1006.65,3,0.3333333333333333,2024-01-05,2025-01-03,364,9,False,1,-2.7032288055206313,0.5218651173325554,Financed Value Seekers
C1008,Corporate,Sterling,Co,1987-10-02,M,USA,California,Personal Use,2,No,Website,37.3,Domestic,USA,4,1018262.69,254565.6725,361077.2,849.79,1147.71,4,0.0,2024-01-12,2025-01-08,362,4,False,1,-1.7915101960516664,1.806924617490161,Financed Value Seekers
C1009,Individual,Evelyn,Bell,1950-02-11,F,USA,Nevada,Investment,4,Yes,Agency,74.9,Domestic,USA,3,741160.04,247053.34666666668,306507.89,971.1899999999999,1244.03,3,0.0,2024-01-02,2024-01-10,8,368,True,0,-3.3832756193480122,-0.995158986715579,Core Growth Buyers
C1010,Individual,Dennis,Moore,1964-03-10,M,Mexico,Jalisco,Personal Use,4,No,Website,60.8,International,Other,4,1331479.73,332869.9325,510151.14,1077.195,1410.88,4,0.25,2024-01-04,2025-01-11,373,1,False,2,0.40751745744662704,0.9759804203102902,Premium Buyers
C1011,Individual,Virginia,Brooks,1952-12-18,F,USA,California,Investment,1,No,Website,72.1,Domestic,USA,4,1281389.3900000001,320347.34750000003,476326.35,1075.505,1618.34,4,0.0,2024-01-02,2025-01-02,366,10,True,1,0.028851722007300108,1.079901451488258,Financed Value Seekers
C1012,Individual,Raymond,Morales,1960-10-20,M,USA,New York,Personal Use,4,Yes,Website,64.2,Domestic,USA,3,1690270.5,563423.5,599421.75,1736.0333333333335,1938.15,3,0.3333333333333333,2024-01-01,2024-01-07,6,371,False,0,2.946940737124942,-4.170544225917049,Core Growth Buyers
C1013,Individual,Stephanie,Patterson,1994-06-19,F,USA,Oregon,Personal Use,1,Yes,Website,30.6,Domestic,USA,4,1627907.97,406976.9925,488639.08,1298.145,1599.44,4,0.25,2024-01-03,2025-01-12,375,0,False,2,1.561077187932788,0.2070466857594471,Premium Buyers
C1014,Individual,David,Weaver,1969-01-06,M,USA,California,Personal Use,3,Yes,Website,56.0,Domestic,USA,3,1278106.36,426035.45333333337,495367.08,1523.6933333333334,1897.17,3,0.0,2024-01-02,2025-01-02,366,10,False,2,0.9825555079287267,-1.5193782839137115,Premium Buyers
C1015,Individual,Kyle,Davis,1977-09-01,M,USA,California,Personal Use,4,Yes,Website,47.4,Domestic,USA,3,884426.51,294808.83666666667,471331.07,973.09,1495.13,3,0.0,2024-01-02,2024-01-11,9,367,False,0,-2.0916524628588347,-1.605771189104952,Core Growth Buyers
C1016,Individual,Andrea,Wilson,1976-04-05,F,USA,California,Personal Use,4,Yes,Agency,48.8,Domestic,USA,4,1542774.6099999999,385693.65249999997,536215.12,1214.5625,1565.26,4,0.25,2024-01-03,2024-01-11,8,367,False,0,0.9284230153232187,-1.108949829043007,Core Growth Buyers
C1017,Individual,Megan,Baker,1968-12-22,F,USA,California,Personal Use,1,Yes,Agency,56.1,Domestic,USA,4,1116371.43,279092.8575,457871.48,928.745,1634.67,4,0.25,2024-01-04,2024-01-12,8,366,False,0,-1.3459960678725709,-0.18865782192862013,Core Growth Buyers
C1018,Individual,Tiffany,Turner,1967-06-19,F,USA,Colorado,Personal Use,5,Yes,Client,57.6,Domestic,USA,3,845680.5700000001,281893.5233333334,347722.15,1033.4833333333333,1300.91,3,0.0,2024-01-02,2025-01-04,368,8,False,1,-2.1889530090203504,0.21956435152441178,Financed Value Seekers
C1019,Individual,Carolyn,Stewart,1975-10-27,F,USA,Nevada,Personal Use,2,No,Client,49.2,Domestic,USA,3,1167255.18,389085.06,486688.21,1325.0800000000002,1721.96,3,0.0,2024-01-04,2024-01-10,6,368,False,0,-0.38535147895127647,-2.668782757299725,Core Growth Buyers
C1020,Individual,Deborah,Morales,1994-07-23,F,USA,California,Personal Use,3,No,Agency,30.5,Domestic,USA,4,1248826.8599999999,312206.71499999997,515392.69,994.0725,1410.88,4,0.25,2024-01-02,2025-01-01,365,11,False,1,-0.05402452204840603,0.9885458816986572,Financed Value Seekers
C1021,Individual,Jeffrey,Bryant,1974-09-04,M,USA,California,Investment,1,No,Client,50.4,Domestic,USA,4,1554739.9,388684.975,505490.44,1340.7775000000001,1797.81,4,0.25,2024-01-05,2024-01-12,7,366,True,0,0.9962792698799512,-1.3549183987816666,Core Growth Buyers
C1022,Individual,Christina,King,1984-04-17,F,USA,Colorado,Personal Use,1,No,Agency,40.7,Domestic,USA,4,1389709.13,347427.2825,623455.64,1122.0925,1869.81,4,0.25,2024-01-05,2025-01-12,373,0,False,2,1.131492188527869,0.4474821643224898,Premium Buyers
C1023,Individual,Heather,Bell,1953-07-28,F,USA,Nevada,Personal Use,1,Yes,Website,71.5,Domestic,USA,3,1336237.87,445412.62333333335,549773.4,1599.3433333333332,1925.28,3,0.0,2024-01-05,2025-01-07,368,5,False,2,1.58957548145121,-1.823129333438312,Premium Buyers
C1024,Individual,Gregory,Long,1969-08-03,M,USA,Arizona,Investment,2,No,Agency,55.4,Domestic,USA,3,1351032.92,450344.30666666664,598612.25,1510.3766666666668,1890.0,3,0.0,2024-01-05,2025-01-11,372,1,True,2,1.665577006633125,-1.8278359775049229,Premium Buyers
C1025,Individual,Michelle,King,1947-01-20,F,USA,California,Personal Use,1,No,Client,78.0,Domestic,USA,3,738424.1799999999,246141.3933333333,276688.99,735.3566666666667,808.59,3,0.3333333333333333,2024-01-08,2024-01-12,4,366,False,0,-3.9805925373453444,-0.6990918735550209,Core Growth Buyers
C1026,Individual,Robert,Parker,1991-08-12,M,USA,California,Investment,1,No,Agency,33.4,Domestic,USA,3,1440775.1,480258.3666666667,582011.89,1452.2633333333333,1827.25,3,0.0,2024-01-12,2025-01-07,361,5,True,2,1.7263159455030723,-1.9771068860904384,Premium Buyers
C1027,Individual,Gerald,White,1976-12-10,M,USA,California,Investment,1,Yes,Client,48.1,Domestic,USA,3,1554407.81,518135.9366666667,532123.09,1649.26,1803.36,3,0.3333333333333333,2024-01-03,2025-01-11,374,1,True,2,2.3616486022090535,-2.303490675790134,Premium Buyers
C1028,Individual,Nicholas,Cox,1942-04-07,M,USA,California,Personal Use,1,Yes,Website,82.8,Domestic,USA,4,1143826.71,285956.6775,479050.0,984.12,1630.81,4,0.0,2024-01-02,2025-01-09,373,3,False,1,-0.5137243032511095,1.4151281732328593,Financed Value Seekers
C1029,Individual,Ryan,Jackson,1949-11-06,M,Australia,Victoria,Personal Use,1,No,Agency,75.2,International,Other,3,946560.97,315520.3233333333,409647.06,1049.3799999999999,1307.35,3,0.0,2024-01-01,2025-01-05,370,7,False,1,-1.5859322437504604,-0.1786666898734418,Financed Value Seekers
C1030,Individual,Christine,Owens,1960-04-20,F,USA,Ohio,Personal Use,4,No,Website,64.7,Domestic,USA,4,1353543.06,338385.765,406491.67,1070.475,1315.55,4,0.0,2024-01-05,2024-01-12,7,366,False,0,-0.5291138600282129,-0.30789580043083953,Core Growth Buyers
C1031,Individual,Alexander,Reed,1989-01-13,M,UK,England,Personal Use,1,No,Website,36.0,International,UK,3,1011333.2,337111.06666666665,394120.88,1088.5866666666668,1322.66,3,0.3333333333333333,2024-01-05,2024-01-08,3,370,False,0,-1.8530463554534868,-2.073778928230367,Core Growth Buyers
C1032,Individual,Larry,Freeman,1977-01-03,M,USA,Nevada,Personal Use,5,No,Website,48.0,Domestic,USA,4,1494289.73,373572.4325,566395.41,1086.2275,1599.78,4,0.0,2024-01-03,2025-01-07,370,5,False,2,1.1857823245153127,0.7600595437258687,Premium Buyers
C1033,Individual,Eric,Jackson,1962-06-21,M,France,Ile-de-France,Personal Use,2,No,Website,62.6,International,France,4,1496120.51,374030.1275,507541.5,1313.38,1898.39,4,0.25,2024-01-08,2025-01-12,370,0,False,2,1.319363091514715,0.3850878672974192,Premium Buyers
C1034,Individual,Andrea,Wilson,1979-01-20,F,USA,Colorado,Personal Use,5,No,Client,46.0,Domestic,USA,4,1200049.6,300012.4,429156.03,970.375,1431.42,4,0.25,2024-01-06,2025-01-09,369,3,False,1,-0.580823372936732,1.4176754076826623,Financed Value Seekers
C1035,Individual,Jacob,Williams,1961-02-10,M,USA,Virginia,Personal Use,2,No,Website,63.9,Domestic,USA,4,1528550.1300000001,382137.53250000003,550601.55,1227.17,1809.87,4,0.5,2024-01-02,2025-01-06,370,6,False,2,1.5238593233568076,0.39271867946501776,Premium Buyers
C1036,Individual,Martha,Collins,1988-03-13,F,USA,Oregon,Personal Use,2,No,Agency,36.8,Domestic,USA,3,1176436.08,392145.36000000004,443662.17,1350.4933333333333,1476.63,3,0.0,2024-01-06,2025-01-01,361,11,False,2,-0.04289241364652751,-1.1499090963391505,Premium Buyers
C1037,Corporate,Corvus,Co,1970-01-02,M,Mexico,Baja California,Personal Use,2,Yes,Website,55.0,International,Other,3,1115637.13,371879.0433333333,499833.64,1190.3133333333333,1414.25,3,0.3333333333333333,2024-01-08,2024-01-11,3,367,False,0,-0.731169113637623,-2.477768897409916,Core Growth Buyers
C1038,Individual,Gerald,Gray,1959-05-25,M,USA,California,Investment,3,No,Website,65.6,Domestic,USA,3,907128.2000000001,302376.0666666667,419687.28,939.3299999999999,1263.44,3,0.0,2024-01-02,2024-01-09,7,369,True,0,-2.32344688814286,-1.4421320174941994,Core Growth Buyers
C1039,Individual,Nicholas,Carter,1962-07-17,M,USA,California,Personal Use,1,Yes,Agency,62.5,Domestic,USA,4,1428452.94,357113.235,585383.34,1210.7375000000002,1899.92,4,0.0,2024-01-01,2025-01-11,376,1,False,2,1.244611574802811,0.48371306598379255,Premium Buyers
C1040,Individual,Joseph,Young,1940-04-05,M,USA,California,Investment,5,Yes,Website,84.8,Domestic,USA,3,901095.79,300365.26333333337,332452.89,992.2199999999999,1095.85,3,0.0,2024-01-09,2025-01-10,367,2,True,1,-2.0833147978200475,0.3855071341805109,Financed Value Seekers
C1041,Individual,Evelyn,Morris,1990-12-07,F,USA,Nevada,Personal Use,5,Yes,Website,34.1,Domestic,USA,3,1150040.79,383346.93,402848.9,1303.7766666666666,1476.63,3,0.0,2025-01-01,2025-01-12,11,0,False,0,-0.578218825199627,-1.5624252067972388,Core Growth Buyers
C1042,Individual,Rebecca,Parker,1945-08-03,F,USA,Nevada,Personal Use,2,No,Agency,79.4,Domestic,USA,4,1325783.46,331445.865,530985.4,1122.0925,1869.81,4,0.0,2024-01-04,2025-01-02,364,10,False,2,0.536694329223498,0.8922978601344673,Premium Buyers
C1043,Individual,Carol,Griffin,1999-07-14,F,USA,Washington,Personal Use,5,No,Website,25.5,Domestic,USA,3,1067911.8599999999,355970.61999999994,426620.64,1357.1933333333334,1630.82,3,0.0,2024-01-10,2025-01-08,364,4,False,2,-0.4316119482196668,-0.8753351799926706,Premium Buyers
C1044,Individual,Eric,Howard,1971-05-15,M,USA,Nevada,Investment,5,No,Website,53.7,Domestic,USA,4,1368036.3900000001,342009.09750000003,443365.72,1145.535,1481.32,4,0.0,2024-01-02,2025-01-11,375,1,True,2,0.32954072490101316,1.0666804968627788,Premium Buyers
C1045,Individual,Rebecca,Allen,1942-04-01,F,USA,New York,Personal Use,3,No,Website,82.8,Domestic,USA,3,974840.03,324946.6766666667,425602.22,1060.1133333333335,1328.09,3,0.6666666666666666,2024-01-03,2024-01-06,3,372,False,0,-1.6893376832317646,-1.8075445067778877,Core Growth Buyers
C1046,Individual,Maria,Wood,1969-05-21,F,Canada,Quebec,Personal Use,4,Yes,Website,55.6,International,Canada,4,1301128.39,325282.0975,517811.18,1049.6999999999998,1589.6,4,0.0,2024-01-01,2025-01-11,376,1,False,1,0.2560272706749998,1.0615377647288857,Financed Value Seekers
C1047,Individual,Ronald,Reyes,1984-12-12,M,USA,Virginia,Personal Use,3,No,Website,40.1,Domestic,USA,3,1333737.83,444579.2766666667,547111.08,1454.5733333333335,1849.4,3,0.0,2024-01-05,2024-01-11,6,367,False,0,0.7720683208357232,-3.203966670065592,Core Growth Buyers
C1048,Individual,Angela,Turner,1970-01-27,F,USA,Oregon,Investment,1,No,Agency,55.0,Domestic,USA,3,1349339.41,449779.8033333333,583294.59,1439.256666666667,1938.82,3,0.3333333333333333,2024-01-06,2025-01-01,361,11,True,2,1.460510318602047,-1.8237303901496016,Premium Buyers
C1049,Individual,Tiffany,Sanders,1940-11-05,F,USA,California,Investment,5,No,Website,84.2,Domestic,USA,3,1214294.1600000001,404764.72000000003,500013.28,1451.5366666666669,1901.65,3,0.0,2024-01-09,2025-01-11,368,1,True,2,0.7233902258057522,-1.1085330365439938,Premium Buyers
C1050,Individual,Tyler,Watson,1955-10-03,M,USA,Georgia,Personal Use,4,Yes,Website,69.3,Domestic,USA,4,1274655.09,318663.7725,446439.12,1192.72,1590.69,4,0.0,2024-01-09,2025-01-08,365,4,False,1,0.16076732731270219,1.0608806065736633,Financed Value Seekers
C1051,Individual,Cheryl,Hansen,1958-07-19,F,USA,Virginia,Personal Use,1,Yes,Agency,66.5,Domestic,USA,3,894972.26,298324.08666666667,543773.78,1016.7433333333333,1750.64,3,0.3333333333333333,2024-01-03,2024-01-10,7,368,False,0,-1.6280060425016212,-1.9600754870129766,Core Growth Buyers
C1052,Individual,Kimberly,Parker,1953-04-24,F,USA,Utah,Personal Use,1,Yes,Agency,71.7,Domestic,USA,4,1008000.54,252000.135,296702.8,836.9425,1089.77,4,0.0,2024-01-05,2025-01-03,364,9,False,1,-2.13670380132472,2.040618193015653,Financed Value Seekers
C1053,Individual,Adam,Kim,1974-11-10,M,Mexico,Nuevo Leon,Personal Use,2,Yes,Website,50.2,International,Other,3,1280976.9,426992.3,630342.5,1336.61,1849.4,3,0.0,2024-01-02,2025-01-06,370,6,False,2,1.2163155166363426,-1.5738397674516573,Premium Buyers
C1054,Individual,Edward,Foster,1989-09-04,M,USA,Arizona,Personal Use,2,Yes,Website,35.4,Domestic,USA,3,837920.5800000001,279306.86000000004,317911.69,879.3433333333332,1006.65,3,0.3333333333333333,2024-01-07,2025-01-11,370,1,False,1,-2.683637964861598,0.3119540628153576,Financed Value Seekers
C1055,Individual,Jonathan,Bennett,1972-11-20,M,USA,New York,Investment,2,Yes,Website,52.1,Domestic,USA,3,811498.78,270499.5933333333,373299.4,926.3966666666666,1138.32,3,0.3333333333333333,2025-01-01,2025-01-08,7,4,True,1,-2.6575731828884406,-0.5568854947608487,Financed Value Seekers
C1056,Individual,Larry,Wilson,1979-01-19,M,USA,Colorado,Personal Use,1,Yes,Website,46.0,Domestic,USA,3,1436352.77,478784.25666666665,499350.78,1754.9366666666667,1816.63,3,0.3333333333333333,2024-01-04,2025-01-02,364,10,False,2,2.0002276052469026,-2.292979434257507,Premium Buyers
C1057,Individual,Jesse,Garcia,1994-04-17,M,USA,Nevada,Investment,5,No,Website,30.7,Domestic,USA,4,1430593.53,357648.3825,521044.57,1301.4,1940.69,4,0.0,2024-01-03,2025-01-02,365,10,True,2,1.1367145510279881,0.4635204636063652,Premium Buyers
C1058,Individual,Rachel,Weaver,1973-06-12,F,Germany,Bavaria,Personal Use,3,Yes,Website,51.6,International,Germany,4,1526007.8199999998,381501.95499999996,532913.83,1190.4075,1817.64,4,0.25,2024-01-06,2025-01-12,372,0,False,2,1.2940418998088754,0.5005807427445017,Premium Buyers
C1059,Individual,Danielle,Davis,1978-06-26,F,USA,California,Personal Use,4,No,Website,46.5,Domestic,USA,3,1266979.76,422326.58666666667,580992.98,1422.97,1920.65,3,0.6666666666666666,2024-01-12,2025-01-11,365,1,False,2,1.258344529867745,-1.6177858862763537,Premium Buyers
C1060,Individual,Christian,Evans,1940-12-25,M,USA,Nevada,Personal Use,5,No,Agency,84.0,Domestic,USA,3,1167625.18,389208.3933333333,557611.23,1321.5033333333333,1602.95,3,0.0,2024-01-06,2025-01-11,371,1,False,2,0.5725732484068653,-0.9708576562539675,Premium Buyers
C1061,Individual,Stephanie,Smith,1960-06-01,F,UK,Scotland,Personal Use,1,No,Website,64.6,International,UK,4,1689767.29,422441.8225,575615.86,1422.9925,1874.7,4,0.0,2024-01-03,2025-01-07,370,5,False,2,2.396677087804706,-0.09218058407100552,Premium Buyers
C1062,Individual,Billy,Foster,1975-12-20,M,USA,California,Personal Use,4,No,Agency,49.1,Domestic,USA,4,1766882.53,441720.6325,704808.48,1406.6075,1941.62,4,0.0,2024-01-02,2024-01-08,6,370,False,0,2.752046677266562,-1.920929489245284,Core Growth Buyers
C1063,Individual,Nicole,Weaver,1988-12-05,F,USA,New York,Investment,5,Yes,Website,36.1,Domestic,USA,3,1315820.94,438606.98,496232.48,1354.2933333333333,1695.03,3,0.3333333333333333,2024-01-03,2024-01-11,8,367,True,0,0.33816118785182303,-2.914229008724273,Core Growth Buyers
C1064,Individual,Brandon,Pierce,1945-08-06,M,USA,California,Personal Use,5,Yes,Website,79.4,Domestic,USA,3,695434.77,231811.59,348131.23,883.7466666666668,1487.17,3,0.3333333333333333,2024-01-01,2025-01-12,377,0,False,1,-2.897086879911669,0.7404684116944618,Financed Value Seekers
C1065,Individual,Mark,Reyes,1955-01-06,M,USA,Georgia,Personal Use,3,Yes,Client,70.0,Domestic,USA,3,1107631.34,369210.4466666667,450186.35,1263.5766666666666,1697.13,3,0.0,2024-01-06,2025-01-04,364,8,False,2,-0.33813819604707235,-0.7365623948029276,Premium Buyers
C1066,Individual,Ashley,Moore,1941-09-21,F,Australia,Victoria,Personal Use,1,No,Website,83.3,International,Other,4,1208868.77,302217.1925,538035.23,990.9875000000001,1703.94,4,0.25,2024-01-04,2025-01-12,374,0,False,1,-0.017588341304188786,1.1547843380892557,Financed Value Seekers
C1067,Individual,Samuel,Howard,1942-12-24,M,Mexico,Jalisco,Investment,4,No,Agency,82.1,International,Other,3,849001.36,283000.4533333333,324856.86,904.0466666666667,1093.67,3,0.3333333333333333,2024-01-08,2025-01-04,362,8,True,1,-2.521247508863556,0.4181004499221721,Financed Value Seekers
C1068,Individual,Kathleen,Carter,1984-02-10,F,USA,California,Personal Use,3,No,Agency,40.9,Domestic,USA,3,1403831.31,467943.77,524955.14,1609.0333333333335,1841.5,3,0.3333333333333333,2024-01-01,2025-01-11,376,1,False,2,1.7477674232113947,-1.9866567766291299,Premium Buyers
C1069,Individual,Lawrence,Cox,1992-06-13,M,USA,Virginia,Personal Use,3,Yes,Agency,32.6,Domestic,USA,3,1323760.8399999999,441253.6133333333,580190.12,1413.0600000000002,1765.37,3,0.0,2024-01-05,2025-01-06,367,6,False,2,1.2764672779601671,-1.6791896388111807,Premium Buyers
C1070,Individual,Virginia,Rogers,1951-06-26,F,Germany,Bavaria,Personal Use,5,No,Agency,73.5,International,Germany,3,1286265.1400000001,428755.0466666667,453127.52,1471.8999999999999,1620.07,3,0.0,2024-01-01,2025-01-11,376,1,False,2,0.7376811554738039,-1.2305981720246124,Premium Buyers
C1071,Individual,Aaron,Johnson,1966-08-11,M,USA,Texas,Personal Use,2,No,Agency,58.4,Domestic,USA,4,1047375.62,261843.905,393101.99,874.6275,1261.65,4,0.25,2024-01-02,2025-01-02,366,10,False,1,-1.4520857346106482,1.690257322389484,Financed Value Seekers
C1072,Individual,Kimberly,Jones,1962-06-10,F,USA,Utah,Personal Use,3,No,Agency,62.6,Domestic,USA,3,829884.93,276628.31,335251.84,979.0866666666667,1318.01,3,0.0,2024-01-02,2025-01-11,375,1,False,1,-2.4336755602786107,0.3247653605987146,Financed Value Seekers
C1073,Individual,Carl,Collins,1955-07-02,M,USA,California,Investment,2,No,Website,69.5,Domestic,USA,4,1197808.83,299452.2075,333845.6,952.0525,1117.14,4,0.0,2024-01-06,2025-01-08,368,4,True,1,-1.1240312947963562,1.6862492124192794,Financed Value Seekers
C1074,Individual,George,Foster,1954-07-10,M,UK,Northern Ireland,Personal Use,1,No,Website,70.5,International,UK,3,1004700.45,334900.14999999997,467335.84,1092.5400000000002,1532.89,3,0.3333333333333333,2024-01-05,2025-01-06,367,6,False,1,-0.9535572694249537,-0.49537369683233556,Financed Value Seekers
C1075,Individual,Carolyn,Watson,1975-02-17,F,Mexico,Baja California,Personal Use,3,No,Website,49.9,International,Other,4,1178400.08,294600.02,445987.2,984.9525,1401.0,4,0.5,2024-01-10,2025-01-08,364,4,False,1,-0.5582657808175994,1.2363684065495615,Financed Value Seekers
C1076,Individual,Betty,Thompson,1980-10-28,F,USA,Florida,Investment,3,No,Agency,44.2,Domestic,USA,3,884169.44,294723.14666666667,445754.21,976.8166666666666,1369.96,3,0.0,2024-01-01,2025-01-05,370,7,True,1,-1.7696916238748028,-0.06427214268936052,Financed Value Seekers
C1077,Individual,Peter,Griffin,1982-03-07,M,USA,Texas,Investment,2,No,Agency,42.9,Domestic,USA,4,1467449.24,366862.31,537661.98,1245.935,1821.59,4,0.25,2024-01-11,2025-01-07,362,5,True,2,1.197841419469028,0.36321591038806245,Premium Buyers
C1078,Individual,Joshua,Howard,1940-07-22,M,USA,Ohio,Personal Use,1,No,Agency,84.5,Domestic,USA,3,1247337.58,415779.19333333336,491669.54,1303.7766666666666,1476.63,3,0.0,2024-01-03,2025-01-08,371,4,False,2,0.42919202002101614,-1.0651393068793085,Premium Buyers
C1079,Individual,Steven,Hayes,1959-06-19,M,USA,California,Investment,4,Yes,Website,65.6,Domestic,USA,3,1151228.31,383742.77,557229.76,1336.61,1849.4,3,0.0,2024-01-08,2025-01-08,366,4,True,2,0.49192694754780997,-1.0812267153801227,Premium Buyers
C1080,Individual,Hannah,Stewart,1956-10-06,F,UK,England,Investment,4,No,Agency,68.3,International,UK,4,1594795.52,398698.88,482594.96,1425.28,1795.66,4,0.0,2024-01-03,2025-01-04,367,8,True,2,1.6920869004368682,0.2660947308980795,Premium Buyers
C1081,Corporate,Meridian,Co,1974-09-08,M,Russia,Novosibirsk,Personal Use,4,Yes,Agency,50.3,International,Other,3,1006584.7,335528.23333333334,455284.06,1203.39,1723.12,3,0.0,2024-01-04,2024-01-12,8,366,False,0,-1.3434911889723706,-2.162024276808948,Core Growth Buyers
C1082,Individual,Patricia,Martin,1993-02-04,F,USA,Oregon,Investment,5,Yes,Website,31.9,Domestic,USA,3,829499.85,276499.95,388642.3,953.1133333333333,1381.22,3,0.0,2024-01-03,2024-01-12,9,366,True,0,-2.7422564361695048,-1.3580916723136576,Core Growth Buyers
C1083,Individual,Pamela,Jackson,1950-10-06,F,USA,Colorado,Investment,4,No,Agency,74.3,Domestic,USA,4,1145122.1,286280.525,413563.21,939.4875,1346.3,4,0.25,2024-01-02,2025-01-03,367,9,True,1,-0.8735241545300071,1.6031411208114186,Financed Value Seekers
C1084,Individual,Sarah,Hansen,1989-07-27,F,France,Ile-de-France,Personal Use,4,No,Agency,35.5,International,France,4,1357921.15,339480.2875,498074.48,1136.6925,1848.51,4,0.25,2024-01-06,2025-01-10,370,2,False,2,0.4772596549913287,0.7474385879750756,Premium Buyers
C1085,Individual,Sarah,Flores,1947-10-18,F,Australia,Queensland,Investment,1,No,Client,77.2,International,Other,3,797675.03,265891.6766666667,291083.4,994.8266666666667,1251.45,3,0.0,2024-01-10,2025-01-08,364,4,True,1,-2.798010997657156,0.35699138416666437,Financed Value Seekers
C1086,Individual,Timothy,Montgomery,1956-03-01,M,USA,Colorado,Personal Use,1,Yes,Website,68.9,Domestic,USA,4,1339827.27,334956.8175,464470.15,1030.21,1484.99,4,0.25,2024-01-10,2025-01-11,367,1,False,1,0.11184512692905285,1.0856707382174142,Financed Value Seekers
C1087,Individual,Matthew,Owens,1984-01-03,M,USA,Colorado,Personal Use,3,No,Website,41.0,Domestic,USA,4,1878433.21,469608.3025,602057.55,1575.1075,1875.83,4,0.0,2024-01-09,2025-01-12,369,0,False,2,3.422590864790305,-0.5416408478290177,Premium Buyers
C1088,Individual,Nicholas,Stewart,1998-09-26,M,USA,Utah,Personal Use,4,Yes,Agency,26.3,Domestic,USA,3,802271.19,267423.73,460665.54,883.7466666666666,1487.17,3,0.0,2024-01-04,2025-01-04,366,8,False,1,-2.1749649964872453,0.112705962097319,Financed Value Seekers
C1089,Individual,Madison,Ward,1962-09-17,F,USA,Utah,Personal Use,1,Yes,Website,62.3,Domestic,USA,4,959344.08,239836.02,273895.07,828.375,1081.0,4,0.25,2025-01-01,2025-01-12,11,0,False,1,-2.6069344154678986,1.3444744898759582,Financed Value Seekers
C1090,Individual,Laura,Moore,1962-09-07,F,Canada,Alberta,Personal Use,3,Yes,Client,62.3,International,Canada,3,1217272.58,405757.5266666667,495437.61,1396.0966666666666,1713.32,3,0.3333333333333333,2024-01-03,2025-01-04,367,8,False,2,0.523252060996109,-1.3136698000729354,Premium Buyers
C1091,Individual,Arthur,Phillips,1984-07-21,M,USA,Nevada,Personal Use,1,Yes,Agency,40.5,Domestic,USA,3,741797.49,247265.83,356627.2,853.6566666666668,1288.42,3,0.0,2024-01-03,2025-01-06,369,6,False,1,-2.9764048772413547,0.40981412664192324,Financed Value Seekers
C1092,Individual,Terry,Adams,1996-11-24,M,USA,Oregon,Investment,2,No,Website,28.1,Domestic,USA,3,1213248.05,404416.01666666666,492551.34,1452.2633333333333,1827.25,3,0.0,2025-01-02,2025-01-04,2,8,True,2,0.2679593135770334,-2.2376530710437317,Premium Buyers
C1093,Individual,Adam,Allen,1980-07-13,M,USA,Oregon,Personal Use,1,Yes,Website,44.5,Domestic,USA,3,805402.8300000001,268467.61000000004,334313.56,900.46,1075.42,3,0.3333333333333333,2024-01-01,2025-01-06,371,6,False,1,-2.6873631842740995,0.2787225978885964,Financed Value Seekers
C1094,Individual,Sarah,Cook,1960-02-12,F,USA,Washington,Personal Use,2,Yes,Website,64.9,Domestic,USA,4,1631407.56,407851.89,606086.6,1273.5475000000001,1914.21,4,0.25,2024-01-05,2025-01-06,367,6,False,2,2.1575541412047516,0.1560411371761456,Premium Buyers
C1095,Individual,Cynthia,Howard,1940-02-26,F,USA,California,Personal Use,3,No,Agency,84.9,Domestic,USA,4,1454366.24,363591.56,566261.62,1264.0125,1894.96,4,0.0,2024-01-01,2024-01-11,10,367,False,0,0.9095890633947584,-1.0077304436813959,Core Growth Buyers
C1096,Individual,Grace,Edwards,1965-05-20,F,USA,New York,Personal Use,2,No,Client,59.6,Domestic,USA,4,1756661.91,439165.4775,561232.25,1339.695,1599.81,4,0.0,2024-01-04,2025-01-09,371,3,False,2,2.396329490916717,0.055728593877822225,Premium Buyers
C1097,Individual,Teresa,Pierce,1962-07-16,F,Canada,Alberta,Personal Use,3,Yes,Agency,62.5,International,Canada,3,1064342.81,354780.9366666667,453949.46,1162.6166666666666,1496.62,3,0.0,2024-01-10,2025-01-12,368,0,False,1,-0.7150108775839028,-0.5759349030843224,Financed Value Seekers
C1098,Individual,Paul,Young,1976-10-24,M,USA,California,Investment,3,No,Client,48.2,Domestic,USA,3,1187774.23,395924.74333333335,443496.6,1290.0866666666668,1579.99,3,0.3333333333333333,2024-01-02,2025-01-08,372,4,True,2,-0.02940203641952884,-0.9927953945157224,Premium Buyers
C1099,Individual,Joan,Scott,1972-06-26,F,USA,Colorado,Personal Use,3,No,Agency,52.5,Domestic,USA,4,1426501.12,356625.28,444521.07,1153.0825,1426.22,4,0.25,2024-01-03,2025-01-12,375,0,False,2,0.5117264257879603,0.8531105545754871,Premium Buyers
C1100,Individual,Frank,Thomas,1940-05-14,M,Russia,Novosibirsk,Personal Use,1,No,Website,84.7,International,Other,4,1314225.5899999999,328556.39749999996,548635.7,1042.1725000000001,1631.24,4,0.0,2024-01-01,2025-01-07,372,5,False,2,0.41729113723332073,0.9938739833770014,Premium Buyers
C1101,Individual,Matthew,King,1964-01-03,M,Belgium,Flanders,Personal Use,5,No,Website,61.0,International,Belgium,4,1037914.4299999999,259478.60749999998,325612.79,868.5725,1146.24,4,0.0,2024-01-01,2025-01-02,367,10,False,1,-1.7943527546214513,2.006718189846376,Financed Value Seekers
C1102,Corporate,Harmon,Co,1960-05-06,M,Germany,Berlin,Personal Use,2,No,Agency,64.7,International,Germany,4,1248456.03,312114.0075,516162.59,993.0625,1664.17,4,0.0,2024-01-02,2025-01-12,376,0,False,1,-0.06668988764761358,1.1499162865408297,Financed Value Seekers
C1103,Individual,Jose,Johnson,1961-04-27,M,Belgium,Wallonia,Personal Use,4,No,Agency,63.7,International,Belgium,4,1206840.81,301710.2025,496697.45,997.415,1487.05,4,0.25,2024-01-03,2025-01-08,371,4,False,1,-0.20925765707309824,1.2292729313929178,Financed Value Seekers
C1104,Individual,Christian,Weaver,1998-10-15,M,USA,Utah,Investment,5,Yes,Website,26.2,Domestic,USA,3,893996.19,297998.73,381470.55,1025.0133333333333,1322.66,3,0.0,2024-01-06,2025-01-05,365,7,True,1,-1.9228502050137235,-0.016340631261165615,Financed Value Seekers
C1105,Individual,Roger,Ward,1940-01-14,M,USA,Nevada,Personal Use,3,Yes,Website,85.0,Domestic,USA,4,1623510.31,405877.5775,550595.85,1365.9450000000002,1795.66,4,0.0,2024-01-05,2024-01-09,4,369,False,0,1.5657372200845445,-1.2863494272634206,Core Growth Buyers
C1106,Individual,Sean,Martin,1982-05-16,M,USA,California,Personal Use,1,No,Agency,42.7,Domestic,USA,3,773499.85,257833.28333333333,329442.1,842.68,1051.39,3,0.0,2024-01-06,2025-01-08,368,4,False,1,-3.0082959998965966,0.4550191218435287,Financed Value Seekers
C1107,Individual,Frank,Hayes,1948-01-15,M,Canada,British Columbia,Personal Use,1,No,Website,77.0,International,Canada,3,1156527.59,385509.1966666667,540584.92,1268.0466666666669,1697.13,3,0.0,2024-01-05,2024-01-09,4,369,False,0,-0.2647310410550964,-2.623152630689582,Core Growth Buyers
C1108,Individual,Helen,Ward,1994-01-12,F,Australia,South Australia,Personal Use,4,No,Website,31.0,International,Other,3,1069904.1,356634.7,516476.18,1238.36,1948.32,3,0.0,2025-01-04,2025-01-09,5,3,False,0,-0.5162723961320769,-1.6876371141734112,Core Growth Buyers
C1109,Individual,Rebecca,Anderson,1967-09-05,F,USA,California,Personal Use,1,Yes,Client,57.4,Domestic,USA,4,1756965.37,439241.3425,531593.91,1458.93,1859.83,4,0.25,2024-01-01,2024-01-10,9,368,False,0,1.9920969620604478,-1.752724883176324,Core Growth Buyers
C1110,Individual,Harold,Watson,1977-05-12,M,USA,New York,Personal Use,5,Yes,Website,47.7,Domestic,USA,4,1445458.33,361364.5825,441268.43,1152.9099999999999,1468.68,4,0.5,2024-01-04,2025-01-11,373,1,False,2,0.6394938683715341,0.8663206048032215,Premium Buyers
C1111,Corporate,Corvus,Co,1967-01-23,M,USA,California,Personal Use,4,Yes,Website,58.0,Domestic,USA,3,885146.14,295048.7133333333,435943.19,897.3100000000001,1224.71,3,0.0,2024-01-03,2024-01-10,7,368,False,0,-2.388028505735517,-1.374441880990354,Core Growth Buyers
C1112,Individual,Donald,Green,1982-01-05,M,USA,Nevada,Investment,3,Yes,Website,43.0,Domestic,USA,3,961599.4199999999,320533.13999999996,388182.22,975.9433333333333,1164.55,3,0.3333333333333333,2024-01-02,2025-01-07,371,5,True,1,-1.7004562290089167,-0.08595649517782307,Financed Value Seekers
C1113,Individual,Brenda,Martin,1974-08-18,F,USA,Texas,Investment,2,No,Client,50.4,Domestic,USA,4,1162770.88,290692.72,523652.47,942.0350000000001,1678.3,4,0.25,2024-01-01,2025-01-11,376,1,True,1,-0.35624525550875447,1.2341494429864235,Financed Value Seekers
C1114,Individual,Cheryl,Wood,1992-02-04,F,USA,California,Personal Use,3,No,Website,32.9,Domestic,USA,3,872825.73,290941.91,367529.08,1072.7266666666667,1341.67,3,0.0,2024-01-02,2024-01-10,8,368,False,0,-2.484092768060563,-1.6430812141414843,Core Growth Buyers
C1115,Individual,Joseph,Bell,1973-10-24,M,USA,Colorado,Personal Use,3,Yes,Agency,51.2,Domestic,USA,3,1054599.19,351533.0633333333,472546.53,1108.9966666666667,1451.17,3,0.0,2025-01-01,2025-01-06,5,6,False,0,-1.0019412596859476,-1.3127218450533416,Core Growth Buyers
C1116,Individual,Angela,Freeman,1991-12-17,F,USA,California,Personal Use,1,Yes,Agency,33.1,Domestic,USA,3,766951.9500000001,255650.65000000002,294707.51,879.3433333333332,1006.65,3,0.3333333333333333,2024-01-03,2025-01-02,365,10,False,1,-3.1055692238685415,0.35078202707677514,Financed Value Seekers
C1117,Individual,Rebecca,Patterson,1955-02-23,F,Mexico,Mexico City,Personal Use,5,Yes,Website,69.9,International,Other,4,1149629.49,287407.3725,410756.82,1047.99,1528.05,4,0.25,2024-01-02,2025-01-09,373,3,False,1,-0.6457429794808732,1.4515304574324555,Financed Value Seekers
C1118,Corporate,Caldera,Co,1969-04-26,M,UK,Scotland,Investment,2,Yes,Website,55.7,International,UK,3,859368.99,286456.33,401356.84,983.3166666666666,1365.73,3,0.0,2024-01-02,2024-01-09,7,369,True,0,-2.5675570499113847,-1.5286871131306894,Core Growth Buyers
C1119,Individual,Larry,Green,1941-03-14,M,USA,Oregon,Personal Use,1,Yes,Website,83.8,Domestic,USA,3,938703.6599999999,312901.22,394144.56,949.9033333333333,1116.68,3,0.0,2024-01-06,2025-01-01,361,11,False,1,-1.8137111205473415,0.09487007867089092,Financed Value Seekers
C1120,Individual,Kathleen,Carter,1979-07-16,F,USA,Arizona,Personal Use,1,No,Website,45.5,Domestic,USA,4,1371211.29,342802.8225,436572.8,1123.6174999999998,1495.57,4,0.0,2024-01-06,2025-01-02,362,10,False,1,0.16841475534141837,0.8823815389462532,Financed Value Seekers
C1121,Individual,Carolyn,Gray,1985-06-02,F,USA,California,Personal Use,1,No,Client,39.6,Domestic,USA,3,1014661.78,338220.5933333333,568008.79,1124.5,1748.18,3,0.3333333333333333,2024-01-05,2024-01-12,7,366,False,0,-0.9189553970842096,-2.4372044325637034,Core Growth Buyers
C1122,Individual,Judith,Evans,1942-10-04,F,USA,California,Personal Use,4,No,Website,82.3,Domestic,USA,4,1558949.2,389737.3,625903.82,1208.8775,1910.67,4,0.0,2024-01-01,2025-01-11,376,1,False,2,1.953008911394026,0.5098375340422358,Premium Buyers
C1123,Individual,Robert,Pierce,1951-03-11,M,USA,Virginia,Personal Use,5,No,Agency,73.8,Domestic,USA,3,1241771.44,413923.8133333333,581087.19,1283.7066666666667,1765.37,3,0.0,2024-01-02,2025-01-12,376,0,False,2,0.8634410127108039,-1.0826581558929458,Premium Buyers
C1124,Individual,Sharon,Murray,1976-02-04,F,USA,Oregon,Investment,5,Yes,Website,48.9,Domestic,USA,4,1272190.01,318047.5025,531100.09,1040.8899999999999,1565.26,4,0.0,2024-01-05,2025-01-03,364,9,True,1,0.2312984784675236,1.0810412584125955,Financed Value Seekers
C1125,Individual,Ronald,Price,1941-02-03,M,USA,Oregon,Personal Use,3,No,Agency,83.9,Domestic,USA,3,1186907.08,395635.69333333336,440465.95,1332.34,1582.61,3,0.6666666666666666,2024-01-10,2025-01-09,365,3,False,2,0.14973489695926662,-0.9910803195254654,Premium Buyers
C1126,Corporate,Elara,Co,1983-02-16,M,USA,Virginia,Personal Use,1,Yes,Website,41.9,Domestic,USA,3,893488.2,297829.39999999997,440625.12,1015.9399999999999,1499.0,3,0.3333333333333333,2024-01-03,2024-01-07,4,371,False,0,-2.154510181436113,-1.8406430386016601,Core Growth Buyers
C1127,Individual,Ann,Cooper,1943-06-15,F,UK,England,Investment,1,No,Website,81.6,International,UK,3,838728.4,279576.13333333336,309658.36,932.37,1010.7,3,0.3333333333333333,2024-01-01,2025-01-10,375,2,True,1,-2.5937045924128777,0.37513106807285856,Financed Value Seekers
C1128,Individual,Brian,Montgomery,1983-12-05,M,USA,California,Investment,1,No,Website,41.1,Domestic,USA,3,1186634.53,395544.8433333333,467492.04,1330.8533333333332,1550.36,3,0.0,2024-01-06,2025-01-07,367,5,True,2,0.07625840905864298,-1.1470978907043838,Premium Buyers
C1129,Individual,Martha,Hansen,1945-09-03,F,USA,Colorado,Investment,5,No,Agency,79.4,Domestic,USA,4,1463125.26,365781.315,507394.76,1219.4375,1598.95,4,0.0,2024-01-01,2025-01-04,369,8,True,2,1.082986701098486,0.7881073420558673,Premium Buyers
C1130,Individual,Tiffany,Parker,1987-03-01,F,USA,Arizona,Personal Use,5,No,Website,37.9,Domestic,USA,4,1326217.01,331554.2525,678504.41,1009.23,1898.39,4,0.5,2024-01-05,2025-01-10,371,2,False,2,1.1116525587210602,0.6817796491161433,Premium Buyers
C1131,Individual,Cheryl,Kim,1984-05-28,F,USA,California,Investment,3,No,Website,40.6,Domestic,USA,3,1210500.79,403500.26333333337,581631.78,1317.7333333333333,1829.02,3,0.0,2024-01-03,2024-01-10,7,368,True,0,0.22007852930854413,-2.8854877883878283,Core Growth Buyers
C1132,Individual,Terry,Roberts,1982-01-21,M,USA,New York,Personal Use,2,Yes,Website,43.0,Domestic,USA,3,1383901.27,461300.42333333334,574927.34,1448.82,1631.48,3,0.0,2025-01-04,2025-01-08,4,4,False,2,1.309803658951481,-2.5500898396036087,Premium Buyers
C1133,Individual,Jason,Hansen,1993-01-21,M,USA,Oregon,Investment,3,No,Website,32.0,Domestic,USA,4,1427019.92,356754.98,502325.67,1210.7375000000002,1899.92,4,0.0,2024-01-08,2025-01-11,369,1,True,2,0.8339610595900598,0.612529255429404,Premium Buyers
C1134,Individual,Dorothy,Bennett,1943-10-10,F,USA,California,Investment,1,No,Website,81.3,Domestic,USA,4,1088583.78,272145.945,453416.1,905.0375,1555.67,4,0.5,2024-01-06,2025-01-12,372,0,True,1,-0.9019999853730835,1.5549571587223001,Financed Value Seekers
C1135,Individual,Melissa,Phillips,1999-09-22,F,Russia,Moscow Oblast,Investment,5,Yes,Client,25.3,International,Other,3,1186082.75,395360.9166666667,484226.87,1303.4733333333334,1752.38,3,0.0,2024-01-04,2024-01-10,6,368,True,0,-0.40526945698428163,-2.682646149545003,Core Growth Buyers
C1136,Individual,Shirley,Weaver,1965-04-27,F,USA,California,Personal Use,3,Yes,Agency,59.7,Domestic,USA,3,1016844.64,338948.2133333333,430426.11,1023.8800000000001,1318.98,3,0.3333333333333333,2024-01-03,2025-01-10,373,2,False,1,-1.185047502470035,-0.2667371274500437,Financed Value Seekers
C1137,Individual,Carol,Price,1986-12-24,F,USA,Nevada,Personal Use,4,Yes,Agency,38.1,Domestic,USA,3,1114902.43,371634.1433333333,554352.77,1140.1733333333334,1606.58,3,0.0,2024-01-02,2025-01-10,374,2,False,2,-0.08288046567743143,-0.8245537284109699,Premium Buyers
C1138,Individual,George,Green,1964-08-24,M,USA,Oregon,Personal Use,1,No,Website,60.4,Domestic,USA,3,840602.9199999999,280200.9733333333,348889.77,952.0733333333334,1224.71,3,0.0,2024-01-02,2024-01-03,1,375,False,0,-2.9198664892934763,-1.3562652330240714,Core Growth Buyers
C1139,Individual,Tiffany,Green,1996-03-03,F,USA,California,Personal Use,4,Yes,Client,28.9,Domestic,USA,3,1297382.59,432460.86333333334,568773.25,1439.256666666667,1938.82,3,0.3333333333333333,2024-01-08,2025-01-08,366,4,False,2,1.2412402752691916,-1.6926733238067757,Premium Buyers
C1140,Individual,Billy,Jackson,1976-07-01,M,USA,Florida,Personal Use,1,Yes,Website,48.5,Domestic,USA,3,1275809.71,425269.9033333333,551828.54,1277.2733333333333,1692.61,3,0.3333333333333333,2025-01-01,2025-01-12,11,0,False,2,0.5259183241843907,-2.1332906191853476,Premium Buyers
C1141,Individual,Kimberly,Montgomery,2000-01-26,F,USA,Arizona,Investment,3,No,Website,25.0,Domestic,USA,3,990242.33,330080.7766666667,436787.87,1101.55,1617.43,3,0.0,2024-01-02,2025-01-12,376,0,True,1,-1.195198367476619,-0.41638327587640217,Financed Value Seekers
C1142,Individual,Julia,Hughes,1948-03-10,F,USA,Colorado,Personal Use,2,Yes,Agency,76.8,Domestic,USA,4,1492680.13,373170.0325,492869.13,1222.37,1577.36,4,0.0,2024-01-05,2024-01-12,7,366,False,0,0.5599708355191937,-0.9021562564713921,Core Growth Buyers
C1143,Individual,Michael,Garcia,1994-09-10,M,USA,Arizona,Personal Use,2,Yes,Website,30.3,Domestic,USA,3,1108329.67,369443.2233333333,404667.67,1343.8166666666666,1588.14,3,0.3333333333333333,2024-01-06,2025-01-10,370,2,False,2,-0.4171040916963621,-0.9990868421694432,Premium Buyers
C1144,Individual,Diane,Young,1978-11-10,F,USA,Georgia,Investment,4,No,Client,46.2,Domestic,USA,4,1244666.12,311166.53,494178.87,1027.0725,1565.26,4,0.0,2024-01-04,2024-01-09,5,369,True,0,-0.596354690301238,-0.4193656505668025,Core Growth Buyers
C1145,Individual,Ethan,King,1993-04-04,M,USA,Nevada,Personal Use,5,No,Website,31.8,Domestic,USA,3,1118850.31,372950.10333333333,568314.74,1267.4066666666668,1646.02,3,0.0,2024-01-05,2025-01-09,370,3,False,2,0.2711488475848653,-1.0398987293780675,Premium Buyers
C1146,Individual,Richard,Weaver,1991-03-14,M,USA,California,Investment,2,No,Website,33.8,Domestic,USA,3,1037824.43,345941.4766666667,565819.26,1136.0866666666668,1723.2,3,0.3333333333333333,2024-01-10,2025-01-10,366,2,True,2,-0.30838761371416856,-0.8829281102117482,Premium Buyers
C1147,Individual,Brittany,Edwards,1978-02-09,F,USA,Utah,Personal Use,3,No,Website,46.9,Domestic,USA,3,905314.84,301771.61333333334,555067.12,1010.5300000000001,1738.5,3,0.0,2024-01-09,2025-01-09,366,3,False,1,-1.0663069491442916,-0.33418438009492274,Financed Value Seekers
C1148,Individual,Joshua,Rogers,1991-07-15,M,Australia,New South Wales,Personal Use,1,Yes,Agency,33.5,International,Other,3,1083677.57,361225.8566666667,523867.62,1221.3833333333334,1723.2,3,0.0,2024-01-09,2025-01-01,358,11,False,2,-0.305721959941815,-1.07954172741264,Premium Buyers
C1149,Individual,Kimberly,Thomas,1980-03-06,F,Russia,Tatarstan,Personal Use,3,No,Agency,44.9,International,Other,4,1277449.99,319362.4975,484921.76,1053.27,1699.02,4,0.0,2024-01-06,2025-01-03,363,9,False,1,-0.04289241769428723,0.9935252955585558,Financed Value Seekers
C1150,Individual,Tiffany,Cook,1992-11-08,F,USA,Nevada,Investment,4,No,Agency,32.2,Domestic,USA,3,1476970.3,492323.43333333335,523968.19,1550.1266666666668,1697.13,3,0.0,2024-01-02,2025-01-11,375,1,True,2,1.836601563744813,-1.922450897695044,Premium Buyers
C1151,Individual,Tyler,Anderson,1963-12-14,M,USA,Arizona,Investment,2,No,Website,61.1,Domestic,USA,4,1760000.3399999999,440000.08499999996,545707.37,1350.2175,1703.94,4,0.0,2024-01-06,2024-01-12,6,366,True,0,1.8582256479039718,-1.491583210560505,Core Growth Buyers
C1152,Individual,Jason,Williams,1977-09-16,M,USA,Georgia,Personal Use,1,No,Website,47.3,Domestic,USA,4,1654928.32,413732.08,585559.25,1374.585,1940.69,4,0.0,2024-01-03,2025-01-05,368,7,False,2,2.240349903313794,-0.0501592368950301,Premium Buyers
C1153,Individual,Scott,Sanders,1991-09-14,M,USA,California,Personal Use,1,No,Website,33.3,Domestic,USA,3,1007630.0,335876.6666666667,492913.41,1170.3533333333332,1693.0,3,0.3333333333333333,2024-01-02,2025-01-09,373,3,False,1,-0.7025484691275641,-0.7800764755157132,Financed Value Seekers
C1154,Individual,Jerry,Brown,1956-07-12,M,USA,Utah,Personal Use,5,Yes,Agency,68.5,Domestic,USA,4,1373889.96,343472.49,518104.03,1135.325,1628.68,4,0.0,2024-01-04,2025-01-10,372,2,False,2,0.6978628865881769,0.9525928574556293,Premium Buyers
C1155,Individual,William,Young,1977-03-03,M,USA,California,Personal Use,5,No,Website,47.9,Domestic,USA,3,1577625.0,525875.0,589821.06,1679.1066666666666,1802.21,3,0.3333333333333333,2024-01-06,2025-01-11,371,1,False,2,2.887088818303968,-2.343181125911449,Premium Buyers
C1156,Individual,Dorothy,Kim,1956-05-16,F,USA,Virginia,Personal Use,4,No,Agency,68.7,Domestic,USA,3,859956.66,286652.22000000003,441602.33,1008.13,1606.58,3,0.0,2024-01-05,2025-01-11,372,1,False,1,-1.7335139593637625,0.07912018616260907,Financed Value Seekers
C1157,Individual,Kenneth,Davis,1944-11-02,M,Canada,Alberta,Investment,2,No,Website,80.2,International,Canada,4,894080.38,223520.095,329573.31,716.4525,952.38,4,0.0,2024-01-02,2025-01-09,373,3,True,1,-2.540181198688935,2.3639833396176164,Financed Value Seekers
C1158,Individual,Joan,Pierce,1955-05-19,F,USA,California,Investment,2,No,Website,69.7,Domestic,USA,3,941360.29,313786.76333333337,596516.36,972.0533333333333,1755.05,3,0.3333333333333333,2024-01-04,2025-01-05,367,7,True,1,-0.7606477084595245,-0.4105893294641238,Financed Value Seekers
C1159,Individual,Gerald,Howard,1940-03-24,M,USA,Nevada,Investment,1,Yes,Website,84.8,Domestic,USA,3,1170550.92,390183.63999999996,558548.42,1175.6833333333334,1724.08,3,0.3333333333333333,2024-01-06,2025-01-09,369,3,True,2,0.2822941428300365,-0.9296530247300901,Premium Buyers
C1160,Individual,Walter,Griffin,1980-11-21,M,USA,Florida,Personal Use,2,Yes,Website,44.1,Domestic,USA,4,1359425.8599999999,339856.46499999997,510079.55,1101.9875,1627.52,4,0.25,2024-01-06,2025-01-01,361,11,False,2,0.49128400074651035,0.7582296128201769,Premium Buyers
C1161,Individual,Stephen,White,1994-02-12,M,Canada,Alberta,Investment,3,Yes,Website,30.9,International,Canada,4,2022416.31,505604.0775,724345.49,1486.3274999999999,1820.34,4,0.25,2024-01-01,2024-01-11,10,367,True,0,3.740598745755795,-2.473960577006401,Core Growth Buyers
C1162,Individual,Charles,Nelson,1962-01-25,M,USA,California,Investment,2,No,Website,63.0,Domestic,USA,4,1116223.63,279055.9075,446838.6,872.6800000000001,1430.46,4,0.0,2024-01-02,2025-01-04,368,8,True,1,-1.0015181993982083,1.6235032454709026,Financed Value Seekers
C1163,Individual,Noah,Morales,1998-10-26,M,USA,California,Personal Use,3,Yes,Website,26.2,Domestic,USA,4,1202709.18,300677.295,498755.52,1059.8375,1599.81,4,0.5,2024-01-03,2025-01-07,370,5,False,1,-0.0915966819367672,0.9364572667122463,Financed Value Seekers
C1164,Individual,Emma,Watson,1968-04-11,F,Belgium,Wallonia,Personal Use,3,Yes,Agency,56.8,International,Belgium,4,1315287.03,328821.7575,411818.69,1169.615,1469.09,4,0.5,2024-01-07,2025-01-12,371,0,False,1,0.052818283692363084,0.9191564269427543,Financed Value Seekers
C1165,Individual,Victoria,Alexander,1994-09-26,F,Russia,Moscow Oblast,Personal Use,1,No,Website,30.3,International,Other,3,970705.3999999999,323568.4666666666,509155.44,1079.9266666666665,1757.51,3,0.0,2025-01-03,2025-01-12,9,0,False,0,-1.2671363728360938,-1.3829065994819212,Core Growth Buyers
C1166,Individual,Scott,Hall,1991-11-15,M,USA,New York,Investment,1,No,Website,33.2,Domestic,USA,4,1163601.79,290900.4475,408434.17,939.4875,1346.3,4,0.0,2024-01-02,2024-01-11,9,367,True,0,-1.4818197363443006,-0.1694363423913668,Core Growth Buyers
C1167,Individual,Kevin,Alexander,1967-12-20,M,UK,Scotland,Personal Use,3,No,Website,57.1,International,UK,3,1163104.83,387701.61000000004,662126.19,1193.7733333333333,1925.28,3,0.3333333333333333,2024-01-01,2025-01-08,373,4,False,2,0.7596605719340034,-1.2254410084868974,Premium Buyers
C1168,Individual,Brittany,Reyes,1998-12-25,F,Germany,Hamburg,Personal Use,2,Yes,Agency,26.1,International,Germany,4,1081069.19,270267.2975,382048.18,901.245,1370.17,4,0.0,2024-01-01,2024-01-12,11,366,False,0,-1.970817367119921,-0.03203091047699008,Core Growth Buyers
C1169,Individual,Noah,Bryant,1994-01-05,M,Russia,Saint Petersburg,Personal Use,5,Yes,Agency,31.0,International,Other,4,900300.22,225075.055,269707.97,832.615,1044.69,4,0.25,2024-01-02,2025-01-02,366,10,False,1,-2.5999261021130677,2.0911676141040325,Financed Value Seekers
C1170,Individual,Amanda,Collins,1990-02-09,F,USA,Nevada,Personal Use,1,Yes,Website,34.9,Domestic,USA,4,1165955.62,291488.905,366328.69,1009.9325,1512.9,4,0.25,2024-01-03,2024-01-12,9,366,False,0,-1.4898472996466254,-0.24215731794650408,Core Growth Buyers
C1171,Individual,Anna,Patterson,1984-08-21,F,USA,California,Investment,4,Yes,Website,40.4,Domestic,USA,4,1561809.25,390452.3125,527403.68,1276.9875,1596.51,4,0.0,2024-01-04,2025-01-11,373,1,True,2,1.5308500425604608,0.41365802867445484,Premium Buyers
C1172,Individual,Victoria,Freeman,1942-11-05,F,USA,Nevada,Personal Use,5,No,Website,82.2,Domestic,USA,4,1240274.79,310068.6975,454693.74,990.4475,1414.44,4,0.25,2024-01-01,2025-01-05,370,7,False,1,-0.21435914723300156,1.4562108082976606,Financed Value Seekers
C1173,Individual,Cheryl,Price,1984-11-02,F,Canada,Manitoba,Investment,1,No,Website,40.2,International,Canada,4,1261072.17,315268.0425,468922.65,1014.9825,1618.34,4,0.0,2024-01-07,2025-01-08,367,4,True,1,-0.2744693696117098,1.0552591858839684,Financed Value Seekers
C1174,Individual,Kenneth,White,1982-07-06,M,USA,Nevada,Personal Use,2,No,Agency,42.5,Domestic,USA,4,1414798.99,353699.7475,446099.24,1244.8049999999998,1599.78,4,0.25,2025-01-02,2025-01-10,8,2,False,2,0.3682452124117408,-0.160069221920357,Premium Buyers
C1175,Individual,Evelyn,Long,1959-09-27,F,USA,California,Personal Use,2,No,Website,65.3,Domestic,USA,4,1766232.62,441558.155,675388.05,1449.3775,1941.62,4,0.0,2024-01-02,2025-01-10,374,2,False,2,3.2138187717571416,-0.3157012652493612,Premium Buyers
C1176,Individual,Lauren,Baker,1975-06-03,F,USA,California,Investment,4,Yes,Agency,49.6,Domestic,USA,3,1003328.89,334442.9633333333,441387.41,1170.3533333333332,1693.0,3,0.6666666666666666,2024-01-01,2024-01-10,9,368,True,0,-1.3700659926430159,-2.1605485005564122,Core Growth Buyers
C1177,Individual,Larry,Sanders,1998-09-05,M,USA,California,Investment,2,No,Agency,26.4,Domestic,USA,4,1047224.2699999999,261806.06749999998,321100.73,816.1600000000001,1070.46,4,0.5,2024-01-02,2024-01-08,6,370,True,0,-2.4432005702019426,0.19075923798072064,Core Growth Buyers
C1178,Individual,Jessica,Richardson,1950-07-16,F,USA,California,Personal Use,1,No,Agency,74.5,Domestic,USA,3,744651.07,248217.02333333332,390678.42,801.46,1179.42,3,0.0,2024-01-05,2025-01-01,362,11,False,1,-2.849904609171688,0.5401726569645016,Financed Value Seekers
C1179,Individual,Melissa,Anderson,1991-02-09,F,USA,California,Personal Use,4,No,Agency,33.9,Domestic,USA,3,848152.02,282717.34,361461.89,1045.8666666666668,1519.64,3,0.0,2024-01-08,2024-01-11,3,367,False,0,-2.657396205208706,-1.5457722992285698,Core Growth Buyers
C1180,Individual,Deborah,Miller,1995-07-11,F,Belgium,Brussels,Personal Use,2,Yes,Website,29.5,International,Belgium,4,1111089.24,277772.31,413510.38,1050.5725,1755.26,4,0.25,2024-01-11,2025-01-12,367,0,False,1,-0.8765125099325645,1.1997233417324866,Financed Value Seekers
C1181,Individual,Judith,Hansen,1956-03-23,F,USA,Nevada,Investment,5,No,Website,68.8,Domestic,USA,3,743723.3099999999,247907.77,352725.16,939.3299999999999,1263.44,3,0.0,2025-01-02,2025-01-06,4,6,True,1,-2.9329890702611916,-0.21514701875425557,Financed Value Seekers
C1182,Individual,Christopher,Murray,1961-03-11,M,Germany,Bavaria,Investment,3,Yes,Website,63.8,International,Germany,4,1522183.38,380545.845,539392.07,1269.065,1629.83,4,0.0,2024-01-02,2025-01-07,371,5,True,2,1.4351805955616306,0.44710860080213494,Premium Buyers
C1183,Individual,Carl,Rogers,1993-11-14,M,USA,Arizona,Investment,1,No,Website,31.2,Domestic,USA,4,1364593.88,341148.47,546764.12,1088.3825,1627.52,4,0.0,2024-01-06,2025-01-11,371,1,True,2,0.5801741524548159,0.7045468807976178,Premium Buyers
C1184,Individual,David,Nelson,1953-04-14,M,France,Ile-de-France,Personal Use,2,No,Website,71.7,International,France,3,500255.63,166751.87666666668,202634.18,624.2366666666667,734.73,3,0.3333333333333333,2024-01-03,2025-01-08,371,4,False,1,-4.902594453594896,1.5156276733090763,Financed Value Seekers
C1185,Individual,Ronald,Peterson,2000-06-27,M,USA,California,Personal Use,3,No,Website,24.5,Domestic,USA,4,1218570.99,304642.7475,388613.55,1029.9125,1260.31,4,0.0,2024-01-07,2025-01-06,365,6,False,1,-0.7017711210458057,1.2679948017291585,Financed Value Seekers
C1186,Individual,Victoria,Bennett,1978-06-27,F,USA,Nevada,Personal Use,3,Yes,Website,46.5,Domestic,USA,3,1141153.96,380384.6533333333,585004.16,1221.6766666666665,1724.08,3,0.3333333333333333,2024-01-03,2025-01-01,364,11,False,2,0.36553262685170257,-1.1347934149397934,Premium Buyers
C1187,Individual,Melissa,Pierce,1962-03-18,F,USA,Nevada,Personal Use,4,No,Website,62.8,Domestic,USA,3,1097539.23,365846.41,564972.81,1092.5066666666667,1653.49,3,0.0,2024-01-03,2025-01-03,366,9,False,2,-0.12787933467640367,-0.6493880822809237,Premium Buyers
C1188,Individual,Matthew,White,1995-11-01,M,Canada,Alberta,Personal Use,1,No,Client,29.2,International,Canada,4,1437535.25,359383.8125,581530.71,1190.4075,1817.64,4,0.5,2024-01-02,2025-01-11,375,1,False,2,1.1907490333317603,0.2569781288183524,Premium Buyers
C1189,Individual,Peter,Alexander,1963-01-22,M,USA,Florida,Personal Use,2,Yes,Client,62.0,Domestic,USA,4,1180295.09,295073.7725,382331.32,989.2175,1347.67,4,0.5,2024-01-01,2025-01-04,369,8,False,1,-0.8286548461946619,1.3950235772955113,Financed Value Seekers
C1190,Individual,Sandra,Baker,1946-08-04,F,USA,Texas,Personal Use,4,No,Client,78.4,Domestic,USA,4,1358669.02,339667.255,495056.58,1115.61,1777.51,4,0.0,2024-01-04,2025-01-09,371,3,False,2,0.5046522413795314,1.0559888693690764,Premium Buyers
C1191,Individual,Mary,Cox,1950-04-17,F,USA,California,Investment,3,No,Website,74.7,Domestic,USA,3,1095538.81,365179.60333333333,409260.76,1357.1933333333334,1630.82,3,0.3333333333333333,2024-01-04,2025-01-09,371,3,True,2,-0.32721803806021676,-0.7884402544667073,Premium Buyers
C1192,Individual,Adam,Jones,2000-01-05,M,USA,Florida,Personal Use,5,No,Website,25.0,Domestic,USA,4,1111237.94,277809.485,462493.65,941.135,1527.31,4,0.5,2024-01-06,2025-01-11,371,1,False,1,-0.7315021915307497,1.3660634773971723,Financed Value Seekers
C1193,Individual,Amy,Owens,1975-04-20,F,UK,England,Personal Use,1,No,Website,49.7,International,UK,4,946796.24,236699.06,360341.5,716.4525,952.38,4,0.5,2024-01-02,2025-01-02,366,10,False,1,-2.22865502792591,1.9748443917045182,Financed Value Seekers
C1194,Individual,Melissa,Brooks,1943-06-17,F,USA,Colorado,Personal Use,1,No,Website,81.6,Domestic,USA,3,1084957.53,361652.51,431485.71,1263.8633333333335,1614.62,3,0.3333333333333333,2024-01-11,2025-01-12,367,0,False,1,-0.4532758124054381,-0.7156885033895735,Financed Value Seekers
C1195,Individual,Anna,Pierce,1990-06-07,F,USA,California,Personal Use,4,Yes,Agency,34.6,Domestic,USA,4,1118238.91,279559.7275,475030.73,910.925,1618.34,4,0.25,2024-01-07,2025-01-07,366,5,False,1,-0.7749932213509779,1.3872201193211073,Financed Value Seekers
C1196,Individual,William,Freeman,1955-09-03,M,USA,Nevada,Personal Use,2,No,Agency,69.4,Domestic,USA,4,1731153.76,432788.44,588124.15,1356.32,1806.7,4,0.0,2024-01-03,2025-01-11,374,1,False,2,2.4959416356855413,0.03892620371048039,Premium Buyers
C1197,Individual,Deborah,Roberts,1959-04-10,F,USA,Arizona,Personal Use,4,No,Website,65.8,Domestic,USA,3,1439595.57,479865.19,584272.04,1471.4466666666667,1691.02,3,0.0,2024-01-08,2024-01-09,1,369,False,0,1.4229759757344618,-3.3162644557450056,Core Growth Buyers
C1198,Individual,Lisa,Young,1960-01-21,F,USA,New York,Personal Use,1,No,Agency,65.0,Domestic,USA,3,1415391.5899999999,471797.1966666666,674268.09,1493.243333333333,1833.96,3,0.3333333333333333,2024-01-04,2025-01-04,366,8,False,2,2.271940469968627,-2.1246255559231018,Premium Buyers
C1199,Individual,Justin,Campbell,1943-03-03,M,USA,Colorado,Personal Use,2,No,Website,81.9,Domestic,USA,4,1013002.89,253250.7225,367400.47,910.2925,1330.41,4,0.25,2024-01-06,2025-01-04,364,8,False,1,-1.5457466464152738,1.8352140140403215,Financed Value Seekers
C1200,Individual,Henry,Taylor,1969-11-03,M,USA,Utah,Personal Use,4,No,Agency,55.2,Domestic,USA,4,1789601.3299999998,447400.33249999996,635580.39,1422.9925,1874.7,4,0.25,2024-01-02,2025-01-10,374,2,False,2,3.0771132269472363,-0.2501302794257667,Premium Buyers
C1201,Individual,Timothy,Stewart,2000-03-22,M,USA,Oregon,Investment,1,Yes,Website,24.8,Domestic,USA,4,1063833.91,265958.4775,353358.62,896.2525,1170.96,4,0.0,2024-01-02,2025-01-09,373,3,True,1,-1.6457160864093499,1.6433817071315233,Financed Value Seekers
C1202,Corporate,Telnox,Co,1985-05-09,M,Canada,Quebec,Investment,5,Yes,Website,39.7,International,Canada,4,1527115.1600000001,381778.79000000004,581236.54,1263.775,1869.11,4,0.0,2024-01-07,2025-01-08,367,4,True,2,1.6306193452946176,0.3316438821533098,Premium Buyers
C1203,Individual,Ashley,Green,1962-01-18,F,USA,Arizona,Personal Use,2,Yes,Website,63.0,Domestic,USA,3,1083378.55,361126.18333333335,437211.33,1329.57,1574.3,3,0.3333333333333333,2024-01-04,2024-01-10,6,368,False,0,-0.8241732068338591,-2.458440309708254,Core Growth Buyers
C1204,Individual,William,Reed,1992-04-03,M,Mexico,Puebla,Investment,2,Yes,Website,32.8,International,Other,3,1231356.24,410452.08,603910.96,1280.28,1750.89,3,0.0,2024-01-08,2025-01-03,361,9,True,2,0.7512623203591542,-1.4601831680981952,Premium Buyers
C1205,Individual,Patrick,Pierce,1959-05-15,M,Belgium,Flanders,Personal Use,4,No,Website,65.7,International,Belgium,3,968123.38,322707.79333333333,498260.56,1076.69,1519.64,3,0.0,2024-01-03,2025-01-12,375,0,False,1,-0.9558632228026277,-0.30007616966982104,Financed Value Seekers
C1206,Individual,Melissa,Baker,1957-12-09,F,USA,California,Investment,5,No,Website,67.1,Domestic,USA,3,941726.19,313908.73,396440.12,1140.3999999999999,1505.53,3,0.0,2024-01-05,2025-01-10,371,2,True,1,-1.376011846004789,-0.1015595038335142,Financed Value Seekers
C1207,Individual,Lauren,Price,1973-10-24,F,USA,Texas,Personal Use,5,Yes,Agency,51.2,Domestic,USA,4,1084392.98,271098.245,328706.37,1010.095,1245.29,4,0.25,2024-01-02,2025-01-09,373,3,False,1,-1.330515249142388,1.675409319086499,Financed Value Seekers
C1208,Individual,Noah,Ward,1977-11-27,M,USA,Colorado,Personal Use,1,No,Website,47.1,Domestic,USA,3,1277019.82,425673.2733333334,561711.27,1477.03,1897.17,3,0.3333333333333333,2024-01-10,2025-01-07,363,5,False,2,1.1979715799445727,-1.7406984202912439,Premium Buyers
C1209,Individual,Tiffany,Kim,1978-07-01,F,USA,California,Personal Use,4,Yes,Website,46.5,Domestic,USA,4,1201633.01,300408.2525,401888.63,1123.3175,1645.93,4,0.0,2024-01-10,2025-01-09,365,3,False,1,-0.4495919435578284,1.235780036445198,Financed Value Seekers
C1210,Individual,Dennis,Cox,1991-06-04,M,USA,California,Investment,1,No,Website,33.6,Domestic,USA,4,1146800.83,286700.2075,409323.23,897.47,1260.31,4,0.25,2024-01-06,2025-01-03,363,9,True,1,-1.0821821367736193,1.414192088136978,Financed Value Seekers
C1211,Individual,Kathleen,Owens,1996-07-10,F,Canada,British Columbia,Personal Use,5,Yes,Website,28.5,International,Canada,4,1447927.02,361981.755,457810.49,1167.105,1445.84,4,0.0,2024-01-03,2025-01-10,373,2,False,2,0.6125789120165761,0.7780974066197414,Premium Buyers
C1212,Individual,Lawrence,Gray,1957-07-11,M,USA,California,Personal Use,1,No,Agency,67.5,Domestic,USA,4,1052290.76,263072.69,396779.8,904.0100000000001,1330.41,4,0.0,2024-01-06,2024-01-12,6,366,False,0,-1.8958645083173253,0.12246235269103883,Core Growth Buyers
C1213,Individual,Ruth,Martin,1993-08-06,F,Canada,Manitoba,Personal Use,5,No,Website,31.4,International,Canada,3,829461.56,276487.1866666667,351625.35,899.9899999999999,1058.56,3,0.0,2024-01-03,2025-01-08,371,4,False,1,-2.5443042087382666,0.33523668044474303,Financed Value Seekers
C1214,Individual,Jennifer,Peterson,2000-08-10,F,USA,Florida,Personal Use,1,No,Agency,24.4,Domestic,USA,4,1725018.4100000001,431254.60250000004,563581.06,1446.1125,1839.34,4,0.0,2024-01-07,2025-01-11,370,1,False,2,2.42844771589143,-0.28530565333045593,Premium Buyers
C1215,Individual,Charles,Patterson,1994-07-24,M,USA,California,Personal Use,3,No,Website,30.5,Domestic,USA,3,1140423.3800000001,380141.1266666667,664530.42,1104.51,1787.13,3,0.6666666666666666,2024-01-08,2024-01-12,4,366,False,0,0.040344865826564276,-2.780492656073668,Core Growth Buyers
C1216,Individual,Martha,Jordan,1997-07-10,F,France,Normandy,Personal Use,4,No,Website,27.5,International,France,3,1191384.37,397128.12333333335,551096.05,1464.8466666666666,1902.88,3,0.0,2024-01-02,2025-01-12,376,0,False,2,0.7744017616782003,-1.493637410892425,Premium Buyers
C1217,Individual,William,Carter,1997-01-05,M,USA,California,Investment,4,Yes,Website,28.0,Domestic,USA,3,1007204.78,335734.9266666667,461132.81,1186.4366666666667,1678.17,3,0.0,2024-01-11,2025-01-09,364,3,True,1,-0.8407589240191649,-0.6117807940365776,Financed Value Seekers
C1218,Individual,Teresa,Smith,1941-12-28,F,USA,California,Personal Use,1,Yes,Website,83.0,Domestic,USA,4,1308613.5699999998,327153.39249999996,449085.55,1121.525,1599.45,4,0.0,2024-01-04,2025-01-09,371,3,False,1,0.11089381279118316,1.1032928743842945,Financed Value Seekers
C1219,Individual,Danielle,Howard,1983-12-06,F,USA,Arizona,Personal Use,1,Yes,Website,41.1,Domestic,USA,3,867409.27,289136.42333333334,430666.39,1074.6233333333332,1519.64,3,0.0,2024-01-05,2025-01-05,366,7,False,1,-1.726412948689063,-0.2474720108338302,Financed Value Seekers
C1220,Individual,Christina,Martin,1967-09-08,F,USA,Colorado,Investment,4,Yes,Website,57.3,Domestic,USA,4,1471199.75,367799.9375,508492.43,1254.045,1629.74,4,0.25,2024-01-01,2025-01-09,374,3,True,2,1.1833721760875184,0.5906944619128214,Premium Buyers
C1221,Individual,Cynthia,Thomas,1984-05-23,F,USA,Nevada,Investment,2,No,Agency,40.6,Domestic,USA,3,1354868.93,451622.9766666666,506860.65,1565.3233333333335,1816.78,3,0.0,2024-01-05,2025-01-07,368,5,True,2,1.3145188764243179,-1.8162312774692468,Premium Buyers
C1222,Individual,Christopher,Taylor,1969-01-07,M,USA,Utah,Personal Use,4,No,Website,56.0,Domestic,USA,3,1319349.8599999999,439783.2866666666,626423.06,1362.3833333333334,1755.18,3,0.0,2024-01-01,2024-01-10,9,368,False,0,0.9719055827383811,-3.0873844538669264,Core Growth Buyers
C1223,Individual,Sharon,Stone,1952-09-17,F,USA,Washington,Personal Use,4,No,Website,72.3,Domestic,USA,3,1072582.78,357527.5933333333,403699.08,1369.7300000000002,1631.48,3,0.0,2024-01-10,2025-01-05,361,7,False,2,-0.439226445138796,-0.7113821039172832,Premium Buyers
C1224,Individual,Paul,Carter,1942-06-13,M,USA,New York,Investment,5,Yes,Client,82.6,Domestic,USA,3,827238.27,275746.09,432388.36,964.2666666666665,1638.1,3,0.0,2024-01-01,2024-01-04,3,374,True,0,-2.4570111476081684,-1.2962246036893605,Core Growth Buyers
C1225,Individual,Larry,James,1990-11-10,M,USA,Oregon,Personal Use,2,No,Website,34.2,Domestic,USA,3,1122587.7,374195.89999999997,606790.94,1168.3366666666668,1741.96,3,0.3333333333333333,2025-01-02,2025-01-09,7,3,False,2,0.019263461214735107,-1.90132619493191,Premium Buyers
C1226,Individual,Michael,Sanders,1989-05-01,M,USA,Utah,Personal Use,4,No,Website,35.7,Domestic,USA,3,972596.1300000001,324198.71,413286.53,1082.8966666666668,1519.64,3,0.0,2024-01-07,2024-01-10,3,368,False,0,-1.8669979647304573,-1.8444876385835418,Core Growth Buyers
C1227,Individual,Alexander,Reyes,1987-03-13,M,USA,Colorado,Personal Use,3,Yes,Agency,37.8,Domestic,USA,4,2151534.73,537883.6825,627385.67,1676.3825,1874.35,4,0.0,2024-01-07,2024-01-12,5,366,False,2,4.039928794554988,-2.621904073673166,Premium Buyers
C1228,Individual,Joseph,Howard,1954-07-07,M,USA,California,Personal Use,2,No,Website,70.5,Domestic,USA,3,1058718.77,352906.25666666665,508674.8,1124.5,1748.18,3,0.0,2024-01-06,2025-01-02,362,10,False,1,-0.5033432743643949,-0.5900915971243548,Financed Value Seekers
C1229,Individual,Madison,Reyes,1994-11-02,F,UK,Scotland,Personal Use,1,Yes,Website,30.2,International,UK,3,1185126.78,395042.26,556269.12,1303.4733333333334,1752.38,3,0.0,2024-01-04,2024-01-07,3,371,False,0,-0.10049857244255106,-2.946945131953411,Core Growth Buyers
C1230,Individual,Lawrence,Parker,1985-02-18,M,USA,California,Personal Use,5,No,Client,39.9,Domestic,USA,3,759973.15,253324.38333333333,341233.68,801.46,1179.42,3,0.6666666666666666,2024-01-03,2025-01-10,373,2,False,1,-2.90532710077057,0.5544954543768008,Financed Value Seekers
C1231,Individual,Betty,Carter,1954-12-09,F,USA,California,Personal Use,2,No,Agency,70.1,Domestic,USA,3,859705.1699999999,286568.38999999996,372010.36,922.6666666666666,1196.84,3,0.6666666666666666,2024-01-07,2025-01-08,367,4,False,1,-2.1817496067635953,0.15202063267576243,Financed Value Seekers
C1232,Individual,Mary,Jackson,1989-09-23,F,Canada,British Columbia,Personal Use,3,No,Website,35.3,International,Canada,4,1527373.03,381843.2575,516863.32,1173.8125,1657.84,4,0.0,2024-01-10,2025-01-09,365,3,False,2,1.117929679552167,0.5156800990806416,Premium Buyers
C1233,Individual,Brian,Scott,1979-08-05,M,USA,Utah,Personal Use,4,No,Website,45.4,Domestic,USA,3,936287.8,312095.93333333335,421407.86,1078.7866666666666,1479.84,3,0.0,2024-01-02,2025-01-09,373,3,False,1,-1.4403422057862487,-0.1705915458596128,Financed Value Seekers
C1234,Individual,Karen,King,1957-01-20,F,USA,Colorado,Investment,1,No,Website,68.0,Domestic,USA,4,1463190.28,365797.57,539693.29,1278.045,1926.19,4,0.0,2024-01-01,2025-01-12,377,0,True,2,1.284468301455584,0.49023246131597015,Premium Buyers
C1235,Individual,Michael,Morales,1957-05-27,M,USA,Arizona,Personal Use,2,No,Website,67.6,Domestic,USA,4,1271344.1099999999,317836.02749999997,611112.1,1025.3225,1926.19,4,0.25,2024-01-01,2025-01-02,367,10,False,2,0.604681963315477,0.8716422386964844,Premium Buyers
C1236,Individual,Brandon,Cook,1972-08-24,M,USA,Arizona,Personal Use,4,Yes,Website,52.4,Domestic,USA,4,1747766.02,436941.505,560683.85,1415.4825,1806.7,4,0.0,2024-01-04,2024-01-09,5,369,False,0,2.0508999106969683,-1.5926600448894739,Core Growth Buyers
C1237,Individual,Helen,Cook,1943-09-25,F,UK,Wales,Investment,4,Yes,Website,81.3,International,UK,3,688233.74,229411.24666666667,340807.81,775.5666666666666,1090.32,3,0.3333333333333333,2024-01-09,2025-01-05,362,7,True,1,-3.2402481020860043,0.8334867929202695,Financed Value Seekers
C1238,Individual,Joshua,Bennett,1946-04-22,M,USA,Nevada,Personal Use,1,Yes,Agency,78.7,Domestic,USA,4,1648873.57,412218.3925,524988.7,1343.6575,1898.75,4,0.0,2024-01-07,2025-01-06,365,6,False,2,1.9050233404239125,0.22809097760817454,Premium Buyers
C1239,Individual,Catherine,Adams,1953-02-07,F,USA,Oregon,Personal Use,3,No,Agency,71.9,Domestic,USA,4,1457041.08,364260.27,555539.4,1114.2125,1629.83,4,0.0,2024-01-01,2025-01-09,374,3,False,2,1.0585743077665342,0.7834166300697954,Premium Buyers
C1240,Individual,Gloria,Wright,1984-11-12,F,USA,Nevada,Investment,4,Yes,Website,40.2,Domestic,USA,3,1018594.4400000001,339531.48000000004,534650.14,1104.51,1787.13,3,0.3333333333333333,2024-01-04,2025-01-02,364,10,True,1,-0.5432975420894532,-0.6670044258273271,Financed Value Seekers
C1241,Individual,Danielle,Martin,1973-08-19,F,USA,California,Personal Use,1,No,Agency,51.4,Domestic,USA,4,1157084.5899999999,289271.14749999996,410171.8,948.835,1300.05,4,0.0,2024-01-04,2024-01-11,7,367,False,0,-1.454107152502214,-0.13645461214567683,Core Growth Buyers
C1242,Individual,Gerald,Collins,1961-09-22,M,USA,California,Personal Use,3,Yes,Website,63.3,Domestic,USA,3,1055842.78,351947.5933333333,424910.39,1138.4233333333334,1365.73,3,0.0,2024-01-03,2024-01-12,9,366,False,0,-1.3711630864419295,-1.9749228228368796,Core Growth Buyers
C1243,Individual,Jeffrey,Edwards,1948-10-04,M,USA,Colorado,Personal Use,1,No,Website,76.3,Domestic,USA,4,1419502.04,354875.51,541890.18,1246.6175,1914.21,4,0.0,2024-01-06,2025-01-06,366,6,False,2,1.1169461449366245,0.5715554245658568,Premium Buyers
C1244,Individual,Joseph,Phillips,1992-06-10,M,USA,Utah,Investment,5,Yes,Website,32.6,Domestic,USA,3,1438309.93,479436.6433333333,598240.7,1513.17,1720.95,3,0.6666666666666666,2024-01-03,2025-01-03,366,9,True,2,2.1044641650855502,-2.0607696147166354,Premium Buyers
C1245,Individual,Edward,Reyes,1963-02-10,M,USA,California,Personal Use,3,Yes,Agency,61.9,Domestic,USA,3,1422519.51,474173.17,500160.52,1529.4633333333334,1693.18,3,0.0,2024-01-01,2025-01-10,375,2,False,2,1.5336185254297354,-1.6892831236436847,Premium Buyers
C1246,Individual,Joyce,Jackson,1943-05-10,F,Canada,Alberta,Personal Use,2,No,Agency,81.7,International,Canada,3,859984.47,286661.49,360318.53,980.8699999999999,1198.57,3,0.3333333333333333,2024-01-04,2025-01-03,365,9,False,1,-2.19078102081671,0.1348373570836523,Financed Value Seekers
C1247,Individual,Judy,Moore,1957-04-09,F,USA,Nevada,Investment,2,No,Website,67.8,Domestic,USA,4,1774416.3199999998,443604.07999999996,544990.2,1489.73,1756.12,4,0.0,2024-01-01,2025-01-04,369,8,True,2,2.677950821245956,-0.13755638738519516,Premium Buyers
C1248,Individual,Sara,Scott,1976-07-04,F,USA,Arizona,Personal Use,3,No,Agency,48.5,Domestic,USA,3,786895.89,262298.63,371938.81,899.62,1241.14,3,0.0,2024-01-08,2025-01-02,360,10,False,1,-2.607543157114129,0.3262626491512743,Financed Value Seekers
C1249,Individual,Janet,James,1971-07-14,F,USA,California,Investment,1,No,Website,53.5,Domestic,USA,4,1289938.6400000001,322484.66000000003,465116.85,1146.0149999999999,1678.3,4,0.5,2024-01-08,2025-01-10,368,2,True,1,0.17905227996803696,0.832723037106637,Financed Value Seekers
C1250,Individual,Jordan,Stewart,1950-04-19,M,USA,Nevada,Personal Use,5,No,Agency,74.7,Domestic,USA,3,1582661.61,527553.87,554882.17,1674.54,1802.21,3,0.3333333333333333,2024-01-05,2025-01-01,362,11,False,2,2.7419350837651773,-2.2254372759295857,Premium Buyers
C1251,Individual,Aaron,Thompson,1975-11-01,M,USA,Texas,Investment,5,No,Website,49.2,Domestic,USA,4,1246714.37,311678.5925,448815.67,967.0,1231.75,4,0.5,2024-01-07,2025-01-07,366,5,True,1,-0.30744919483556343,1.3152997112043696,Financed Value Seekers
C1252,Individual,Margaret,Cook,1962-02-27,F,USA,Arizona,Personal Use,3,Yes,Website,62.9,Domestic,USA,3,1137673.55,379224.51666666666,513716.25,1221.6766666666665,1724.08,3,0.0,2024-01-10,2025-01-10,366,2,False,2,0.004225305523103164,-0.8330306287581565,Premium Buyers
C1253,Individual,Jason,Flores,1991-09-24,M,USA,California,Personal Use,2,No,Agency,33.3,Domestic,USA,3,767162.2200000001,255720.74000000002,378213.4,814.3533333333334,1196.84,3,0.3333333333333333,2024-01-05,2025-01-01,362,11,False,1,-2.813035709827589,0.319688076969677,Financed Value Seekers
C1254,Individual,Ethan,Freeman,1956-04-04,M,USA,California,Personal Use,5,Yes,Agency,68.8,Domestic,USA,4,1604050.8800000001,401012.72000000003,471923.26,1279.9,1592.45,4,0.0,2024-01-07,2025-01-04,363,8,False,2,1.4502018220358361,0.576784476122437,Premium Buyers
C1255,Individual,Mark,Patterson,1999-09-15,M,USA,California,Personal Use,3,No,Agency,25.3,Domestic,USA,4,1105130.19,276282.5475,469476.95,942.035,1678.3,4,0.25,2024-01-03,2025-01-05,368,7,False,1,-0.8178414562265051,1.285732297629011,Financed Value Seekers
C1256,Corporate,Triton,Co,1972-02-18,F,USA,California,Investment,4,No,Agency,52.9,Domestic,USA,3,1227293.02,409097.67333333334,483098.81,1357.1933333333334,1630.82,3,0.3333333333333333,2025-01-04,2025-01-10,6,2,True,2,0.20315751469066104,-1.9682126889848015,Premium Buyers
C1257,Individual,Michael,Scott,1991-12-22,M,USA,California,Personal Use,5,Yes,Agency,33.1,Domestic,USA,3,850550.13,283516.71,426820.06,893.3766666666667,1428.55,3,0.0,2024-01-03,2025-01-09,372,3,False,1,-2.105261571256619,0.19132399692177426,Financed Value Seekers
C1258,Individual,Betty,Stone,1969-06-22,F,USA,Nevada,Personal Use,1,No,Website,55.6,Domestic,USA,4,1015636.19,253909.0475,364302.2,821.355,1227.01,4,0.25,2024-01-08,2025-01-04,362,8,False,1,-1.7922885049529864,1.8341784152002583,Financed Value Seekers
C1259,Individual,William,Edwards,1971-02-19,M,USA,California,Investment,3,Yes,Agency,53.9,Domestic,USA,4,1256766.51,314191.6275,464754.23,1004.1575,1627.52,4,0.25,2024-01-05,2025-01-12,373,0,True,1,-0.20999768504322744,1.2049817933372526,Financed Value Seekers
C1260,Individual,Elizabeth,Ward,1992-08-24,F,USA,California,Personal Use,2,No,Agency,32.4,Domestic,USA,4,1633449.34,408362.335,541416.84,1423.1725,1868.01,4,0.25,2024-01-08,2025-01-12,370,0,False,2,2.067527916533422,-0.09639903134204414,Premium Buyers
C1261,Individual,Patrick,Kim,1976-09-03,M,USA,Utah,Personal Use,3,No,Client,48.4,Domestic,USA,3,1491163.72,497054.5733333333,596435.43,1504.28,1765.37,3,0.0,2025-01-02,2025-01-08,6,4,False,2,1.9160030889966648,-2.772701417522092,Premium Buyers
C1262,Individual,Dorothy,Evans,1950-11-10,F,USA,California,Investment,4,No,Agency,74.2,Domestic,USA,3,961425.37,320475.12333333335,443089.55,1077.3233333333335,1353.02,3,0.0,2024-01-01,2025-01-02,367,10,True,1,-1.2422143068059315,-0.1756331075569931,Financed Value Seekers
C1263,Individual,Lawrence,Alexander,1951-11-17,M,USA,California,Investment,3,No,Agency,73.2,Domestic,USA,4,1975384.2000000002,493846.05000000005,599817.91,1602.67,1875.83,4,0.0,2024-01-01,2025-01-10,375,2,True,2,3.7869340403054306,-0.5470186821897502,Premium Buyers
C1264,Individual,Sarah,Garcia,1999-12-06,F,USA,California,Investment,1,No,Agency,25.1,Domestic,USA,3,1287173.46,429057.82,564663.44,1452.2633333333333,1827.25,3,0.3333333333333333,2024-01-01,2024-01-10,9,368,True,0,0.6290491533635532,-3.3900533857128714,Core Growth Buyers
C1265,Individual,Gary,White,1943-03-24,M,USA,Washington,Personal Use,1,Yes,Agency,81.8,Domestic,USA,3,1070432.96,356810.98666666663,421254.04,1325.71,1521.71,3,0.0,2024-01-04,2025-01-08,370,4,False,1,-0.5052707364172588,-0.7436114280183055,Financed Value Seekers
C1266,Individual,Christopher,Hughes,1952-06-20,M,UK,England,Personal Use,2,No,Website,72.6,International,UK,4,1204291.73,301072.9325,444502.63,1101.9875,1627.52,4,0.0,2024-01-04,2025-01-10,372,2,False,1,-0.2950998611991684,1.2033291499900283,Financed Value Seekers
C1267,Individual,Dorothy,Peterson,1965-04-07,F,USA,Colorado,Personal Use,3,Yes,Website,59.8,Domestic,USA,3,1399933.8800000001,466644.6266666667,555003.81,1529.4633333333334,1693.18,3,0.0,2024-01-01,2024-01-12,11,366,False,0,1.2302377750288227,-3.3364463074612782,Core Growth Buyers
C1268,Individual,Gloria,Green,1995-10-01,F,UK,Northern Ireland,Investment,1,Yes,Website,29.3,International,UK,3,968928.25,322976.0833333333,396573.07,1003.3133333333334,1262.78,3,0.0,2024-01-01,2025-01-01,366,11,True,1,-1.7294386084642492,-0.28374187383861915,Financed Value Seekers
C1269,Individual,Jack,Bennett,1964-09-28,M,USA,California,Personal Use,5,No,Website,60.3,Domestic,USA,3,1046535.0,348845.0,535553.54,1169.0466666666669,1833.96,3,0.0,2024-01-04,2025-01-11,373,1,False,2,-0.27844218743597327,-0.5893800833067474,Premium Buyers
C1270,Individual,Cheryl,Ward,1978-10-18,F,USA,Texas,Personal Use,4,No,Agency,46.2,Domestic,USA,3,1310435.53,436811.8433333333,556733.5,1465.92,1806.06,3,0.0,2024-01-05,2025-01-01,362,11,False,2,1.2564912715703183,-1.6268045423934825,Premium Buyers
C1271,Individual,Noah,Anderson,1992-09-10,M,USA,California,Personal Use,2,Yes,Agency,32.3,Domestic,USA,4,1296911.85,324227.9625,477444.0,1040.5175,1527.31,4,0.25,2024-01-09,2025-01-06,363,6,False,1,-0.013741148325903788,0.9219895265824471,Financed Value Seekers
C1272,Individual,Ryan,Collins,1941-05-13,M,France,Occitanie,Personal Use,1,Yes,Website,83.7,International,France,3,778830.7999999999,259610.26666666663,361880.91,899.62,1241.14,3,0.0,2024-01-06,2025-01-04,364,8,False,1,-2.666342529067566,0.4279274303173164,Financed Value Seekers
C1273,Individual,Gerald,Jordan,1968-05-13,M,Canada,Alberta,Personal Use,5,No,Website,56.7,International,Canada,3,1462080.32,487360.1066666667,584971.87,1592.1233333333332,1833.96,3,0.0,2024-01-02,2025-01-12,376,0,False,2,2.2203137486091467,-1.9689951294385977,Premium Buyers
C1274,Individual,Linda,Jones,1979-07-09,F,USA,California,Investment,1,Yes,Website,45.5,Domestic,USA,3,1038831.8500000001,346277.2833333334,514067.14,1193.7733333333333,1925.28,3,0.0,2024-01-01,2025-01-11,376,1,True,1,-0.47845800155686535,-0.7800525112642906,Financed Value Seekers
C1275,Individual,Jessica,Roberts,1969-02-26,F,USA,Georgia,Investment,1,No,Website,55.9,Domestic,USA,4,1737593.0,434398.25,567459.84,1312.8225,1869.81,4,0.25,2024-01-01,2025-01-10,375,2,True,2,2.333754703453747,0.03242617383444854,Premium Buyers
C1276,Individual,Arthur,Griffin,1940-03-09,M,Australia,Victoria,Personal Use,1,Yes,Agency,84.8,International,Other,3,1635917.97,545305.99,569679.58,1754.9366666666667,1816.63,3,0.6666666666666666,2024-01-07,2025-01-03,362,9,False,2,3.1073505746038568,-2.661754718035557,Premium Buyers
C1277,Individual,Lauren,Griffin,1981-04-01,F,USA,California,Investment,2,No,Agency,43.8,Domestic,USA,3,1270250.68,423416.8933333333,534790.76,1267.4066666666668,1646.02,3,0.3333333333333333,2024-01-12,2025-01-12,366,0,True,2,0.6255957146969249,-1.3161681807961796,Premium Buyers
C1278,Individual,Arthur,Griffin,1997-07-25,M,USA,Utah,Personal Use,4,No,Website,27.5,Domestic,USA,3,685587.81,228529.27000000002,366304.94,791.0400000000001,1241.14,3,0.0,2024-01-05,2025-01-05,366,7,False,1,-3.195382022724773,0.6403495013158361,Financed Value Seekers
C1279,Individual,Peter,Martin,1943-10-12,M,USA,California,Personal Use,4,Yes,Website,81.3,Domestic,USA,3,1278123.59,426041.1966666667,498957.88,1366.5633333333335,1617.43,3,0.0,2024-01-05,2025-01-07,368,5,False,2,0.7682190125348596,-1.1124570835751557,Premium Buyers
C1280,Individual,Jacob,Bennett,1953-09-19,M,USA,Texas,Personal Use,2,Yes,Website,71.3,Domestic,USA,3,1295836.68,431945.56,522661.73,1445.2933333333333,1702.66,3,0.0,2024-01-07,2025-01-06,365,6,False,2,1.0358080742043536,-1.4362461683657113,Premium Buyers
C1281,Individual,Deborah,Edwards,1998-06-12,F,Canada,Manitoba,Investment,2,Yes,Website,26.6,International,Canada,3,889312.14,296437.38,372974.76,899.9899999999999,1058.56,3,0.0,2024-01-02,2025-01-10,374,2,True,1,-2.305864052346425,0.09318366730338558,Financed Value Seekers
C1282,Individual,Ashley,Taylor,1996-05-18,F,USA,Colorado,Investment,3,Yes,Agency,28.7,Domestic,USA,4,1302998.6,325749.65,387508.03,1155.47,1499.47,4,0.0,2024-01-03,2025-01-09,372,3,True,1,-0.22925589031666116,1.0055880490163305,Financed Value Seekers
C1283,Individual,Janice,Collins,1945-11-08,F,USA,New York,Personal Use,3,No,Agency,79.2,Domestic,USA,4,1479050.94,369762.735,705490.95,1185.59,1916.1,4,0.5,2024-01-01,2025-01-05,370,7,False,2,2.0556031759342566,0.2658875388180918,Premium Buyers
C1284,Individual,Patrick,Bennett,1955-10-16,M,USA,California,Personal Use,2,No,Website,69.2,Domestic,USA,4,1443865.51,360966.3775,575967.88,1111.6475,1627.52,4,0.25,2024-01-08,2025-01-12,370,0,False,2,1.1429965119272443,0.6855376810287609,Premium Buyers
C1285,Individual,Steven,Cox,1954-03-02,M,USA,Utah,Personal Use,4,Yes,Website,70.9,Domestic,USA,3,1609592.58,536530.86,634786.2,1680.5266666666666,1916.26,3,0.3333333333333333,2024-01-06,2025-01-11,371,1,False,2,3.240403200841634,-2.421886047138581,Premium Buyers
C1286,Individual,Stephen,Evans,1963-07-10,M,USA,California,Personal Use,5,No,Agency,61.5,Domestic,USA,3,1203306.91,401102.3033333333,558250.19,1192.5933333333332,1608.56,3,0.0,2024-01-05,2025-01-03,364,9,False,2,0.4045424265987892,-0.9339238514704914,Premium Buyers
C1287,Individual,Diane,Hughes,1998-04-07,F,USA,California,Investment,4,No,Website,26.8,Domestic,USA,3,843581.37,281193.79,473066.31,901.6266666666667,1488.32,3,0.6666666666666666,2025-01-05,2025-01-10,5,2,True,1,-2.0736776814059907,-0.8494666623028698,Financed Value Seekers
C1288,Individual,Sean,Cooper,1941-01-20,M,Belgium,Wallonia,Personal Use,3,No,Agency,84.0,International,Belgium,3,971136.6900000001,323712.23000000004,408970.7,1155.4633333333334,1369.96,3,0.0,2024-01-06,2025-01-12,372,0,False,1,-1.2316546147719034,-0.24361845353880401,Financed Value Seekers
C1289,Individual,Samuel,Freeman,1973-07-26,M,Mexico,Jalisco,Investment,1,Yes,Agency,51.5,International,Other,4,1076161.8599999999,269040.46499999997,501437.39,854.58,1468.68,4,0.0,2024-01-05,2025-01-07,368,5,True,1,-0.9971449396264931,1.4333591199706885,Financed Value Seekers
C1290,Individual,Teresa,Long,1973-10-24,F,USA,Washington,Personal Use,3,Yes,Website,51.2,Domestic,USA,4,1332432.9100000001,333108.22750000004,498675.17,1195.1875,1557.0,4,0.0,2024-01-08,2025-01-12,370,0,False,2,0.5454357364334879,0.8082399378561862,Premium Buyers
C1291,Individual,Paul,Johnson,1983-11-09,M,USA,California,Investment,5,Yes,Website,41.2,Domestic,USA,3,1123403.46,374467.82,493844.01,1240.6066666666666,1499.0,3,0.0,2024-01-03,2025-01-04,367,8,True,2,-0.12159257002429066,-0.8308940152571809,Premium Buyers
C1292,Individual,Jordan,Evans,1977-05-22,M,USA,Texas,Investment,5,Yes,Website,47.6,Domestic,USA,4,1099365.94,274841.485,398499.79,1000.415,1445.84,4,0.25,2024-01-09,2025-01-08,365,4,True,1,-0.9725460689463016,1.5280862886818185,Financed Value Seekers
C1293,Individual,Anna,Wright,1972-08-01,F,USA,California,Personal Use,1,No,Agency,52.4,Domestic,USA,4,1853570.08,463392.52,545279.84,1552.15,1732.33,4,0.25,2024-01-06,2025-01-04,364,8,False,2,3.0147079227007567,-0.49211439994126505,Premium Buyers
C1294,Individual,Henry,Davis,1963-02-09,M,Canada,Ontario,Investment,3,Yes,Agency,61.9,International,Canada,3,1220533.28,406844.4266666667,466941.91,1371.6133333333335,1422.93,3,0.0,2024-01-03,2024-01-08,5,370,True,0,-0.2122434242390803,-2.7406584396107294,Core Growth Buyers
C1295,Individual,Anna,Bryant,1992-04-21,F,USA,California,Investment,1,Yes,Website,32.7,Domestic,USA,4,1478836.57,369709.1425,555296.53,1202.2649999999999,1625.38,4,0.0,2024-01-02,2024-01-06,4,372,True,0,0.6812259162198371,-1.1976723421400766,Core Growth Buyers
C1296,Individual,Keith,Hughes,1963-06-02,M,USA,Virginia,Personal Use,1,No,Website,61.6,Domestic,USA,3,1025127.71,341709.23666666663,398516.06,1089.46,1288.42,3,0.3333333333333333,2024-01-03,2024-01-08,5,370,False,0,-1.703045461147696,-1.9585850211682612,Core Growth Buyers
C1297,Corporate,Vertex,Co,1983-09-06,M,Germany,Berlin,Personal Use,5,No,Website,41.4,International,Germany,3,1169866.19,389955.39666666667,475302.44,1267.4066666666668,1646.02,3,0.3333333333333333,2024-01-01,2025-01-11,376,1,False,2,0.042402371237700374,-0.9603715216000609,Premium Buyers
C1298,Individual,Margaret,Taylor,1968-08-04,F,USA,California,Personal Use,2,No,Agency,56.4,Domestic,USA,4,1571360.11,392840.0275,531754.05,1276.8225,1625.38,4,0.0,2024-01-03,2025-01-10,373,2,False,2,1.5597599915257363,0.36426441566022805,Premium Buyers
C1299,Individual,Karen,James,1944-05-05,F,USA,California,Investment,3,No,Website,80.7,Domestic,USA,3,1296600.42,432200.13999999996,592203.73,1440.1933333333334,1920.65,3,0.0,2024-01-05,2024-01-07,2,371,True,0,0.8818392600410326,-3.070347800927428,Core Growth Buyers
C1300,Individual,Judith,Collins,1961-01-06,F,USA,California,Personal Use,2,No,Website,64.0,Domestic,USA,3,1428770.88,476256.95999999996,608055.99,1451.5366666666669,1901.65,3,0.6666666666666666,2024-01-05,2025-01-05,366,7,False,2,2.0112082098683817,-1.9426672399053624,Premium Buyers
C1301,Individual,Benjamin,Hayes,1955-12-17,M,USA,Virginia,Personal Use,2,No,Agency,69.1,Domestic,USA,3,742139.88,247379.96,361857.17,851.8699999999999,1288.42,3,0.3333333333333333,2024-01-01,2024-01-08,7,370,False,0,-3.3376394488399366,-1.0779180172239544,Core Growth Buyers
C1302,Individual,Jerry,Anderson,1996-04-19,M,USA,Arizona,Investment,5,No,Website,28.7,Domestic,USA,4,1709532.6,427383.15,562560.39,1486.3274999999999,1820.34,4,0.25,2024-01-06,2024-01-09,3,369,True,0,2.07658168519368,-1.786500303192319,Core Growth Buyers
C1303,Individual,Christian,Miller,1962-08-22,M,USA,Arizona,Personal Use,3,Yes,Website,62.4,Domestic,USA,3,979418.98,326472.99333333335,461029.16,1106.3533333333332,1695.03,3,0.0,2024-01-08,2025-01-07,365,5,False,1,-1.0400313265128787,-0.34229761417980925,Financed Value Seekers
C1304,Individual,Angela,Cook,1985-06-08,F,USA,California,Investment,1,No,Website,39.6,Domestic,USA,3,965747.81,321915.9366666667,399943.02,1049.3799999999999,1307.35,3,0.0,2024-01-01,2025-01-04,369,8,True,1,-1.582635084361657,-0.27062199343002874,Financed Value Seekers
C1305,Individual,Catherine,Anderson,1978-09-17,F,USA,Georgia,Personal Use,4,No,Website,46.3,Domestic,USA,4,1034190.9,258547.725,354247.08,853.07,1147.71,4,0.0,2024-01-11,2025-01-10,365,2,False,1,-1.7082505091266287,1.9241380396240064,Financed Value Seekers
C1306,Individual,Kathleen,Morales,1948-03-18,F,USA,Washington,Personal Use,5,No,Website,76.8,Domestic,USA,3,967094.76,322364.92,448817.69,1090.7733333333333,1394.03,3,0.3333333333333333,2024-01-05,2025-01-05,366,7,False,1,-1.061002524808564,-0.20339838909395958,Financed Value Seekers
C1307,Individual,Rachel,Rogers,1993-02-14,F,USA,Colorado,Personal Use,5,No,Agency,31.9,Domestic,USA,3,920439.02,306813.00666666665,357710.2,1012.96,1163.06,3,0.0,2024-01-08,2025-01-11,369,1,False,1,-1.9569827054529512,0.03943960245601277,Financed Value Seekers
C1308,Individual,Timothy,Sanders,2000-03-04,M,USA,California,Investment,5,No,Agency,24.9,Domestic,USA,4,1363559.13,340889.7825,599958.23,1042.1975,1684.75,4,0.25,2024-01-10,2025-01-12,368,0,True,2,0.8197687626944469,0.7215161710704767,Premium Buyers
C1309,Individual,David,Reyes,1999-12-06,M,USA,California,Personal Use,5,No,Website,25.1,Domestic,USA,3,1460171.4100000001,486723.8033333334,541188.53,1674.54,1802.21,3,0.0,2024-01-05,2025-01-07,368,5,False,2,2.1329859618515843,-2.1329237172067383,Premium Buyers
C1310,Individual,Ann,Roberts,1955-05-04,F,USA,New York,Personal Use,5,No,Agency,69.7,Domestic,USA,4,1244334.1400000001,311083.53500000003,411257.15,1077.195,1410.88,4,0.0,2024-01-01,2024-01-12,11,366,False,0,-0.8193299304605569,-0.1903029156675229,Core Growth Buyers
C1311,Individual,Christopher,Ward,1940-08-14,M,UK,England,Personal Use,4,Yes,Client,84.4,International,UK,3,1352275.6400000001,450758.5466666667,660723.3,1330.2166666666667,1849.4,3,0.0,2024-01-01,2025-01-08,373,4,False,2,1.6969698425094715,-1.498124945122921,Premium Buyers
C1312,Individual,Timothy,Stone,1942-09-03,M,USA,New York,Personal Use,5,No,Website,82.4,Domestic,USA,3,786877.06,262292.35333333333,375142.73,801.46,1179.42,3,0.0,2024-01-01,2025-01-05,370,7,False,1,-2.647938959918482,0.7466655207219375,Financed Value Seekers
C1313,Individual,Heather,Reed,1972-03-17,F,Australia,Western Australia,Investment,3,No,Website,52.8,International,Other,3,997579.61,332526.5366666667,408030.78,1138.4233333333334,1365.73,3,0.0,2024-01-07,2025-01-09,368,3,True,1,-1.2290338100846923,-0.3769813656395737,Financed Value Seekers
C1314,Individual,Rachel,Miller,1964-09-17,F,USA,Arizona,Personal Use,3,No,Website,60.3,Domestic,USA,3,803329.23,267776.41,446138.39,1037.11,1765.37,3,0.0,2024-01-01,2024-01-12,11,366,False,0,-2.3732371220712265,-1.5282854227211229,Core Growth Buyers
C1315,Individual,Joshua,Garcia,1948-12-24,M,USA,Colorado,Personal Use,3,No,Agency,76.1,Domestic,USA,3,1066308.48,355436.16,500985.77,1136.21,1499.0,3,0.0,2024-01-04,2025-01-09,371,3,False,1,-0.4724407853661214,-0.5323786742479845,Financed Value Seekers
C1316,Individual,Emma,King,1993-05-09,F,USA,Colorado,Personal Use,2,Yes,Website,31.7,Domestic,USA,4,1238162.97,309540.7425,476167.41,1052.8325,1629.83,4,0.0,2024-01-03,2025-01-12,375,0,False,1,-0.17601875586106977,1.0617814996966009,Financed Value Seekers
C1317,Corporate,Atlas,Co,1973-11-27,M,USA,Utah,Personal Use,2,Yes,Website,51.1,Domestic,USA,3,1315200.12,438400.04000000004,510290.62,1460.493333333333,1559.34,3,0.0,2024-01-08,2025-01-03,361,9,False,2,1.0324172765283444,-1.5610309691513158,Premium Buyers
C1318,Individual,William,Montgomery,1943-01-18,M,USA,Texas,Personal Use,1,No,Website,82.0,Domestic,USA,4,1423923.98,355980.995,453584.44,1169.615,1469.09,4,0.25,2024-01-02,2025-01-04,368,8,False,2,0.6055769495623986,0.8496131390383709,Premium Buyers
C1319,Individual,Grace,James,1954-08-17,F,USA,Florida,Personal Use,3,Yes,Client,70.4,Domestic,USA,4,1424704.13,356176.0325,477046.12,1227.645,1733.36,4,0.0,2024-01-05,2025-01-03,364,9,False,2,0.7923041195400389,0.7506355743283475,Premium Buyers
C1320,Individual,Peter,Reyes,1969-05-03,M,USA,California,Investment,1,No,Website,55.7,Domestic,USA,3,1077693.04,359231.01333333337,429318.55,1129.1766666666665,1458.08,3,0.0,2024-01-03,2024-01-11,8,367,True,0,-1.3564558244777647,-2.1031454109682635,Core Growth Buyers
C1321,Individual,Christopher,Reed,1990-09-11,M,USA,Colorado,Investment,5,No,Client,34.3,Domestic,USA,3,787847.37,262615.79,334266.66,853.8133333333334,1006.89,3,0.0,2024-01-02,2024-01-07,5,371,True,0,-3.3625187721226077,-1.0532971071213857,Core Growth Buyers
C1322,Individual,Barbara,Reyes,1994-12-26,F,USA,California,Personal Use,5,No,Agency,30.0,Domestic,USA,3,1094026.3399999999,364675.4466666666,461651.6,1255.1200000000001,1524.04,3,0.0,2024-01-06,2025-01-04,364,8,False,2,-0.3846685956711988,-0.8270147317024726,Premium Buyers
C1323,Individual,Nicholas,Moore,1963-07-28,M,USA,Utah,Personal Use,3,No,Website,61.5,Domestic,USA,4,1180654.6,295163.65,496038.87,975.4225,1582.79,4,0.0,2024-01-10,2025-01-10,366,2,False,1,-0.33913817421526427,1.3378769267833333,Financed Value Seekers
C1324,Individual,Carl,Edwards,1992-04-21,M,USA,Arizona,Investment,2,Yes,Agency,32.7,Domestic,USA,3,1323306.51,441102.17,487388.83,1471.6200000000001,1631.48,3,0.0,2024-01-06,2025-01-09,369,3,True,2,0.9153707404558598,-1.6111058478453182,Premium Buyers
C1325,Individual,George,Jones,1974-12-09,M,Canada,Alberta,Personal Use,5,Yes,Agency,50.1,International,Canada,4,1380292.56,345073.14,448348.86,1098.1675,1582.79,4,0.0,2024-01-05,2025-01-06,367,6,False,1,0.236984005249252,1.0134513027679253,Financed Value Seekers
C1326,Individual,Brandon,Mitchell,1944-05-22,M,USA,Colorado,Investment,4,No,Website,80.6,Domestic,USA,4,1489578.01,372394.5025,578726.68,1239.145,1926.19,4,0.25,2024-01-08,2025-01-02,360,10,True,2,1.5747496138863808,0.5108212963720402,Premium Buyers
C1327,Individual,Betty,Carter,1993-05-14,F,USA,California,Personal Use,4,Yes,Website,31.7,Domestic,USA,3,664017.81,221339.27000000002,294967.99,775.5666666666666,1090.32,3,0.0,2024-01-03,2025-01-06,369,6,False,1,-3.633320668366799,0.8615532262965118,Financed Value Seekers
C1328,Individual,Sandra,Cooper,1956-07-23,F,USA,Washington,Personal Use,4,No,Website,68.5,Domestic,USA,4,1337283.29,334320.8225,477048.94,1173.8125,1657.84,4,0.0,2024-01-12,2025-01-12,366,0,False,2,0.46499642181963197,0.9851703846061675,Premium Buyers
C1329,Individual,Scott,Parker,1968-04-28,M,USA,California,Investment,3,Yes,Agency,56.7,Domestic,USA,3,1041797.56,347265.85333333333,457406.52,1127.1499999999999,1294.85,3,0.0,2024-01-03,2024-01-12,9,366,True,0,-1.3359472013543954,-2.05329368115029,Core Growth Buyers
C1330,Individual,Kelly,James,1975-05-02,F,USA,Colorado,Investment,2,No,Agency,49.7,Domestic,USA,4,835096.87,208774.2175,237035.97,699.545,785.12,4,0.25,2024-01-04,2025-01-01,363,11,True,1,-3.2151247335742212,2.434212432205543,Financed Value Seekers
C1331,Individual,Christina,Bennett,1986-10-06,F,USA,California,Investment,1,No,Agency,38.3,Domestic,USA,3,1047958.11,349319.37,512206.73,1113.29,1672.99,3,1.0,2024-01-10,2025-01-11,367,1,True,1,-0.5134268283635048,-0.9104856456484194,Financed Value Seekers
C1332,Individual,Michael,Howard,1995-12-11,M,USA,Washington,Investment,5,Yes,Agency,29.1,Domestic,USA,3,1227353.63,409117.87666666665,463019.11,1350.4933333333333,1476.63,3,0.0,2024-01-02,2024-01-08,6,370,True,0,-0.22998013201873005,-2.727926898823156,Core Growth Buyers
C1333,Individual,Jack,Hansen,1988-03-27,M,USA,Nevada,Investment,2,Yes,Website,36.8,Domestic,USA,4,1364310.45,341077.6125,521531.29,1146.9925,1678.3,4,0.25,2024-01-04,2024-01-12,8,366,True,0,0.13162892162295797,-0.90900129459487,Core Growth Buyers
C1334,Individual,Victoria,Nelson,1965-12-08,F,USA,California,Personal Use,5,Yes,Agency,59.1,Domestic,USA,4,1906641.78,476660.445,586460.03,1552.15,1732.33,4,0.25,2024-01-04,2025-01-12,374,0,False,2,3.4768164968543984,-0.40938118096363046,Premium Buyers
C1335,Individual,Elizabeth,Hall,1982-05-01,F,USA,Oregon,Investment,2,Yes,Website,42.7,Domestic,USA,3,1001510.5800000001,333836.86000000004,565457.28,1070.1933333333334,1750.64,3,0.0,2024-01-04,2025-01-05,367,7,True,1,-0.6001344201255703,-0.6401777170078168,Financed Value Seekers
C1336,Individual,Joyce,Thompson,1948-12-09,F,USA,California,Personal Use,5,No,Client,76.1,Domestic,USA,4,1371591.4,342897.85,469331.42,1182.3725,1596.51,4,0.25,2024-01-06,2025-01-07,367,5,False,2,0.5955858823872122,0.9560430160490652,Premium Buyers
C1337,Individual,Jennifer,Johnson,1953-09-20,F,USA,California,Investment,5,No,Website,71.3,Domestic,USA,4,1310989.71,327747.4275,472750.27,1073.905,1415.9,4,0.25,2024-01-07,2025-01-02,361,10,True,1,0.2079050412738904,1.1517844179937682,Financed Value Seekers
C1338,Individual,Christine,James,1968-12-01,F,USA,California,Personal Use,2,Yes,Website,56.1,Domestic,USA,3,1096818.64,365606.2133333333,596755.57,1169.0466666666669,1833.96,3,0.0,2024-01-03,2025-01-04,367,8,False,2,0.11746083572714844,-0.937537722848367,Premium Buyers
C1339,Corporate,Rexon,Co,1961-02-24,M,USA,Nevada,Personal Use,4,Yes,Website,63.9,Domestic,USA,4,1532340.63,383085.1575,480760.06,1338.9,1657.84,4,0.25,2024-01-03,2025-01-08,371,4,False,2,1.4218712813221215,0.47105914203092963,Premium Buyers
C1340,Corporate,Forsyte,Co,1988-12-05,M,USA,Colorado,Personal Use,5,No,Website,36.1,Domestic,USA,4,1746049.93,436512.4825,528732.35,1421.4650000000001,1697.49,4,0.25,2024-01-06,2025-01-12,372,0,False,2,2.437436254201505,-0.012948586357009798,Premium Buyers
C1341,Individual,Julie,Cox,1952-09-23,F,USA,Colorado,Personal Use,5,Yes,Website,72.3,Domestic,USA,3,756694.8300000001,252231.61000000002,432814.05,952.2633333333333,1695.03,3,0.0,2024-01-02,2024-01-11,9,367,False,0,-2.7085648498441235,-1.1868861936971344,Core Growth Buyers
C1342,Individual,Maria,Griffin,1964-02-21,F,USA,California,Personal Use,1,Yes,Agency,60.9,Domestic,USA,3,922722.19,307574.0633333333,392025.92,1003.3133333333334,1262.78,3,0.0,2024-01-03,2025-01-01,364,11,False,1,-1.8410128079292556,-0.07959749449810052,Financed Value Seekers
C1343,Individual,Megan,Turner,1995-03-13,F,Canada,Ontario,Personal Use,5,No,Agency,29.8,International,Canada,3,1005148.6399999999,335049.54666666663,503297.17,1161.5433333333333,1734.79,3,0.0,2024-01-06,2025-01-10,370,2,False,1,-0.7128290118037904,-0.6560976905817953,Financed Value Seekers
C1344,Individual,Carl,Phillips,1974-05-24,M,USA,Florida,Personal Use,1,No,Agency,50.6,Domestic,USA,4,1319490.92,329872.73,531318.81,1139.4675,1755.26,4,0.0,2024-01-06,2025-01-10,370,2,False,2,0.4901056112908465,0.7426678521402986,Premium Buyers
C1345,Individual,Mary,Parker,1956-04-25,F,USA,Texas,Personal Use,5,No,Website,68.7,Domestic,USA,3,942467.41,314155.80333333334,476279.51,1049.3066666666666,1523.22,3,0.3333333333333333,2024-01-01,2025-01-09,374,3,False,1,-1.1043009598526299,-0.16656236897306703,Financed Value Seekers
C1346,Corporate,Triton,Co,1987-03-18,F,USA,Colorado,Investment,4,No,Agency,37.8,Domestic,USA,3,1037623.3900000001,345874.4633333334,402065.13,1088.5866666666668,1322.66,3,0.6666666666666666,2024-01-01,2024-01-04,3,374,True,0,-1.622577576796107,-2.0654946864199157,Core Growth Buyers
C1347,Individual,Mark,James,1956-02-13,M,USA,Washington,Personal Use,2,No,Client,68.9,Domestic,USA,3,1001705.48,333901.82666666666,375916.09,1090.9466666666667,1288.42,3,0.0,2024-01-04,2025-01-02,364,10,False,1,-1.426822351809056,-0.2095923781951552,Financed Value Seekers
C1348,Individual,Peter,Harris,1998-07-16,M,USA,Oregon,Personal Use,4,Yes,Client,26.5,Domestic,USA,3,1021309.9299999999,340436.6433333333,398340.41,1186.05,1421.82,3,0.0,2025-01-04,2025-01-09,5,3,False,0,-1.346532598413089,-1.2952513798905443,Core Growth Buyers
C1349,Individual,Joyce,Johnson,1982-02-14,F,USA,Virginia,Investment,3,No,Website,42.9,Domestic,USA,3,773186.34,257728.78,313612.06,952.0733333333334,1224.71,3,0.3333333333333333,2024-01-07,2025-01-01,360,11,True,1,-2.7890866517850226,0.3147662396992849,Financed Value Seekers
C1350,Individual,Julia,King,1991-05-17,F,Germany,Hamburg,Personal Use,5,No,Website,33.7,International,Germany,4,743296.88,185824.22,213732.45,632.215,722.22,4,0.0,2024-01-09,2025-01-09,366,3,False,1,-3.7323196476951144,2.77110073004059,Financed Value Seekers
C1351,Individual,Judith,Long,1987-06-24,F,Australia,South Australia,Personal Use,2,No,Client,37.6,International,Other,4,1400457.41,350114.3525,482951.02,1234.8075000000001,1795.66,4,0.0,2024-01-01,2025-01-11,376,1,False,2,0.6586659483244053,0.5803744880883259,Premium Buyers
C1352,Individual,Benjamin,Gray,1989-03-16,M,USA,California,Personal Use,2,Yes,Agency,35.8,Domestic,USA,3,1535963.18,511987.7266666666,629513.2,1635.6233333333332,1897.17,3,0.3333333333333333,2024-01-03,2025-01-07,370,5,False,2,2.7351920201122986,-2.4959033694193673,Premium Buyers
C1353,Individual,Debra,Jackson,1997-10-15,F,Canada,Alberta,Personal Use,1,No,Agency,27.2,International,Canada,3,532598.24,177532.74666666667,256968.41,564.01,738.34,3,0.0,2024-01-06,2025-01-02,362,10,False,1,-4.82646705650141,1.2418580488115296,Financed Value Seekers
C1354,Individual,Patrick,Johnson,1941-04-09,M,USA,Florida,Personal Use,5,No,Website,83.8,Domestic,USA,3,1545799.94,515266.64666666667,693830.82,1685.2766666666666,1938.82,3,0.3333333333333333,2025-01-01,2025-01-12,11,0,False,2,3.0998558184034786,-3.1428971288150276,Premium Buyers
C1355,Individual,Shirley,Owens,1966-11-22,F,USA,California,Investment,2,Yes,Client,58.1,Domestic,USA,3,1245446.7799999998,415148.9266666666,565996.94,1523.6933333333334,1897.17,3,0.3333333333333333,2025-01-05,2025-01-11,6,1,True,2,0.9593868159997737,-2.4743076873367693,Premium Buyers
C1356,Individual,Jonathan,Morales,1994-03-26,M,USA,Oregon,Investment,4,No,Agency,30.8,Domestic,USA,3,1490237.62,496745.87333333335,615554.68,1648.5966666666666,1925.28,3,0.0,2024-01-05,2025-01-06,367,6,True,2,2.4992053505024434,-2.3196820579868596,Premium Buyers
C1357,Individual,Danielle,Patterson,1987-03-01,F,USA,California,Personal Use,5,Yes,Website,37.9,Domestic,USA,3,1077383.54,359127.8466666667,617600.77,1104.51,1787.13,3,0.0,2024-01-07,2025-01-04,363,8,False,2,0.04678173432776853,-0.8219701764594887,Premium Buyers
C1358,Individual,Gregory,Taylor,1943-01-05,M,USA,Texas,Personal Use,4,No,Agency,82.0,Domestic,USA,3,965180.83,321726.9433333333,442609.68,1078.7866666666666,1479.84,3,0.3333333333333333,2024-01-12,2025-01-12,366,0,False,1,-1.149092663073734,-0.192413097175254,Financed Value Seekers
C1359,Individual,Gary,Owens,1975-07-25,M,USA,Virginia,Personal Use,3,No,Agency,49.5,Domestic,USA,4,1381335.3,345333.825,558406.39,1093.05,1623.8,4,0.0,2024-01-03,2024-01-07,4,371,False,0,0.24870888452395667,-0.8170076461213727,Core Growth Buyers
C1360,Individual,Billy,Nelson,1990-11-27,M,USA,Virginia,Personal Use,4,No,Agency,34.1,Domestic,USA,3,1001006.54,333668.8466666667,490050.27,1111.2966666666666,1667.01,3,0.0,2024-01-06,2025-01-11,371,1,False,1,-0.8616756028494329,-0.5172922434818091,Financed Value Seekers
C1361,Individual,Ashley,Owens,1943-07-21,F,USA,California,Personal Use,3,No,Client,81.5,Domestic,USA,4,1529260.3,382315.075,425691.8,1296.5625,1577.36,4,0.25,2024-01-01,2024-01-07,6,371,False,0,0.5569069373192255,-0.9108402708327774,Core Growth Buyers
C1362,Individual,Laura,Jordan,1965-04-13,F,USA,California,Investment,1,Yes,Agency,59.8,Domestic,USA,4,993131.84,248282.96,443196.31,894.905,1722.28,4,0.0,2024-01-02,2025-01-07,371,5,True,1,-1.398234629594869,1.6389889789415304,Financed Value Seekers
C1363,Individual,James,Stone,1981-06-04,M,USA,Georgia,Personal Use,5,Yes,Agency,43.6,Domestic,USA,4,1109919.3599999999,277479.83999999997,468875.36,942.035,1678.3,4,0.25,2024-01-01,2025-01-04,369,8,False,1,-0.7339873268943584,1.4302200363706583,Financed Value Seekers
C1364,Individual,Andrea,Watson,1998-12-23,F,USA,California,Investment,1,No,Website,26.1,Domestic,USA,4,1201578.93,300394.7325,375792.14,1120.62,1355.85,4,0.0,2024-01-01,2024-01-09,8,369,True,0,-1.1881473583775048,-0.46895616019310576,Core Growth Buyers
C1365,Individual,Tiffany,Sanders,1969-03-16,F,Belgium,Brussels,Investment,5,Yes,Website,55.8,International,Belgium,4,1443894.02,360973.505,549656.89,1260.0625,1795.66,4,0.0,2025-01-04,2025-01-06,2,6,True,2,0.9999518492882145,-0.23780894364755922,Premium Buyers
C1366,Individual,George,Thompson,1995-07-27,M,USA,California,Personal Use,1,No,Website,29.5,Domestic,USA,3,1488525.13,496175.0433333333,568157.47,1678.6133333333335,1702.66,3,0.0,2024-01-03,2024-01-11,8,367,False,0,1.8007532036647356,-3.9285017890650487,Core Growth Buyers
C1367,Individual,Stephanie,Jordan,1953-01-11,F,Germany,Berlin,Personal Use,2,No,Client,72.0,International,Germany,3,1035889.5,345296.5,511596.53,1124.5,1748.18,3,0.3333333333333333,2024-01-02,2025-01-04,368,8,False,1,-0.5712273673972741,-0.6553948590307426,Financed Value Seekers
C1368,Individual,Jose,Gray,1947-11-22,M,USA,California,Personal Use,5,Yes,Client,77.1,Domestic,USA,4,1378979.49,344744.8725,508149.11,1042.6625,1487.05,4,0.5,2024-01-01,2025-01-05,370,7,False,2,0.5711967574433342,1.057627420349181,Premium Buyers
C1369,Individual,Peter,Garcia,1983-10-07,M,France,Brittany,Personal Use,4,Yes,Agency,41.3,International,France,4,1615394.12,403848.53,581627.97,1338.9,1657.84,4,0.0,2024-01-03,2025-01-12,375,0,False,2,2.0335270423873273,0.10546069742060382,Premium Buyers
C1370,Individual,Frank,Evans,1965-06-04,M,USA,Colorado,Investment,1,No,Agency,59.6,Domestic,USA,4,834659.23,208664.8075,234080.49,700.7825,785.12,4,0.0,2024-01-06,2025-01-08,368,4,True,1,-3.2560922019999903,2.5146310794645172,Financed Value Seekers
C1371,Individual,Timothy,Thomas,1989-06-19,M,UK,England,Personal Use,2,Yes,Website,35.6,International,UK,4,1036681.19,259170.2975,312372.65,948.835,1300.05,4,0.0,2024-01-11,2025-01-12,367,0,False,1,-1.8033582841949987,1.704947722689015,Financed Value Seekers
C1372,Individual,Lisa,Turner,1981-11-21,F,USA,Washington,Investment,2,No,Website,43.1,Domestic,USA,3,874872.8,291624.26666666666,394401.98,1049.3066666666666,1523.22,3,0.0,2024-01-07,2024-01-12,5,366,True,0,-2.4082568154123165,-1.656856731086193,Core Growth Buyers
C1373,Individual,Melissa,Evans,1992-10-11,F,USA,California,Personal Use,3,Yes,Website,32.3,Domestic,USA,3,1275663.27,425221.09,609943.05,1221.6766666666665,1724.08,3,0.0,2024-01-04,2025-01-03,365,9,False,2,0.8972702590529669,-1.3520045414859632,Premium Buyers
C1374,Corporate,Quasar,Co,1990-01-25,M,France,Ile-de-France,Personal Use,3,Yes,Agency,35.0,International,France,3,1230590.28,410196.76,525078.29,1321.5233333333333,1632.55,3,0.3333333333333333,2024-01-06,2025-01-11,371,1,False,2,0.5255667839264662,-1.3644400428593446,Premium Buyers
C1375,Individual,Carolyn,Flores,1972-11-22,F,USA,California,Investment,4,Yes,Agency,52.1,Domestic,USA,4,1097182.3900000001,274295.59750000003,385581.71,987.505,1401.0,4,0.25,2024-01-06,2025-01-07,367,5,True,1,-1.0997360337005944,1.5373478492347137,Financed Value Seekers
C1376,Individual,Carolyn,Edwards,1987-06-23,F,USA,Arizona,Investment,3,Yes,Agency,37.6,Domestic,USA,3,1272387.2999999998,424129.0999999999,540188.44,1493.243333333333,1833.96,3,0.3333333333333333,2025-01-04,2025-01-08,4,4,True,2,0.8494642843834794,-2.47573148536613,Premium Buyers
C1377,Individual,Laura,Long,1984-01-04,F,USA,Utah,Investment,2,No,Website,41.0,Domestic,USA,3,828441.4099999999,276147.13666666666,333823.75,862.1066666666666,1119.1,3,0.0,2024-01-09,2025-01-10,367,2,True,1,-2.7254451010662373,0.4000205150036941,Financed Value Seekers
C1378,Individual,Maria,Morales,1976-11-19,F,USA,California,Investment,1,No,Website,48.1,Domestic,USA,3,1399739.87,466579.9566666667,657622.51,1464.8466666666666,1902.88,3,0.0,2025-01-02,2025-01-08,6,4,True,2,1.770873468279849,-2.7715587125285097,Premium Buyers
C1379,Individual,Kevin,Gray,1970-06-11,M,UK,Scotland,Personal Use,2,No,Website,54.6,International,UK,3,827767.69,275922.5633333333,353529.48,1077.3233333333335,1353.02,3,0.0,2024-01-01,2024-01-10,9,368,False,0,-2.7134169832276513,-1.5412074408764251,Core Growth Buyers
C1380,Individual,Michael,Hughes,1949-10-15,M,Canada,Alberta,Investment,4,No,Website,75.2,International,Canada,3,1012542.1799999999,337514.06,349143.67,1052.4533333333334,1160.48,3,0.3333333333333333,2024-01-02,2025-01-08,372,4,True,1,-1.5133453885794637,-0.06066961080159547,Financed Value Seekers
C1381,Individual,Eric,Cox,1962-06-16,M,Germany,Hesse,Personal Use,3,Yes,Website,62.6,International,Germany,3,1082639.9100000001,360879.97000000003,537510.16,1131.0966666666666,1742.3,3,0.0,2024-01-01,2025-01-01,366,11,False,2,-0.2952708830477214,-0.7191990603050491,Premium Buyers
C1382,Individual,Adam,James,1951-05-19,M,USA,Oregon,Personal Use,2,No,Website,73.7,Domestic,USA,4,1176910.13,294227.5325,348186.07,1024.3375,1260.31,4,0.0,2024-01-05,2025-01-04,365,8,False,1,-0.9649754240361461,1.5580598449363081,Financed Value Seekers
C1383,Individual,Noah,Moore,1992-11-11,M,USA,California,Personal Use,2,No,Agency,32.2,Domestic,USA,3,864768.8300000001,288256.2766666667,340376.82,899.9899999999999,1058.56,3,0.3333333333333333,2024-01-09,2025-01-11,368,1,False,1,-2.4700542474287834,0.15892195929469144,Financed Value Seekers
C1384,Individual,Mary,Young,1988-03-10,F,USA,California,Personal Use,2,Yes,Agency,36.8,Domestic,USA,3,905480.04,301826.68,344081.34,1016.7633333333333,1163.06,3,0.0,2024-01-04,2025-01-09,371,3,False,1,-2.119446422715534,-0.012748202806255594,Financed Value Seekers
C1385,Individual,Kenneth,Owens,1946-06-01,M,USA,California,Personal Use,1,No,Agency,78.6,Domestic,USA,3,1182983.03,394327.6766666667,666248.73,1186.4366666666667,1678.17,3,0.3333333333333333,2024-01-01,2025-01-03,368,9,False,2,0.8360417065640084,-1.2448142428942164,Premium Buyers
C1386,Individual,Harold,Howard,1947-08-23,M,USA,Washington,Personal Use,4,Yes,Website,77.4,Domestic,USA,3,1284366.78,428122.26,551266.41,1431.79,1908.91,3,0.3333333333333333,2024-01-02,2025-01-09,373,3,False,2,1.2093448306140386,-1.3950860581445508,Premium Buyers
C1387,Individual,Jose,Reed,1943-05-27,M,Germany,Hamburg,Investment,4,No,Website,81.6,International,Germany,3,804550.47,268183.49,463001.84,901.6266666666667,1488.32,3,0.0,2024-01-06,2024-01-10,4,368,True,0,-2.5443109266427593,-1.2719589722445939,Core Growth Buyers
C1388,Individual,Hannah,Stone,1999-04-20,F,USA,Washington,Personal Use,3,No,Website,25.7,Domestic,USA,3,1183031.06,394343.6866666667,567781.4,1283.46,1702.66,3,0.0,2024-01-07,2025-01-12,371,0,False,2,0.48172873044757347,-1.2393574098889801,Premium Buyers
C1389,Individual,Jordan,Montgomery,1952-07-03,M,UK,Scotland,Personal Use,2,No,Website,72.5,International,UK,4,1742522.83,435630.7075,705388.85,1282.79,1941.78,4,0.25,2024-01-03,2025-01-07,370,5,False,2,2.9767693277964193,-0.14721900294142984,Premium Buyers
C1390,Individual,Lauren,Thomas,1979-07-21,F,USA,Nevada,Personal Use,3,No,Website,45.5,Domestic,USA,3,906492.19,302164.0633333333,378139.97,971.1899999999999,1244.03,3,0.3333333333333333,2024-01-10,2025-01-09,365,3,False,1,-1.9397889440474319,0.016768994022550398,Financed Value Seekers
C1391,Individual,Barbara,Campbell,1974-03-06,F,USA,Utah,Personal Use,1,No,Website,50.9,Domestic,USA,4,1579627.98,394906.995,578903.12,1343.6575,1898.75,4,0.0,2024-01-04,2025-01-08,370,4,False,2,1.928552255706005,0.10557011589521034,Premium Buyers
C1392,Individual,Jose,Johnson,1990-06-05,M,USA,Colorado,Personal Use,4,Yes,Agency,34.6,Domestic,USA,4,1434978.2000000002,358744.55000000005,520703.06,1125.5149999999999,1469.09,4,0.25,2024-01-02,2025-01-12,376,0,False,2,0.8357386465052458,0.6993856487711714,Premium Buyers
C1393,Individual,Virginia,Miller,1981-07-09,F,Mexico,Baja California,Investment,1,No,Agency,43.5,International,Other,4,1187799.99,296949.9975,459972.28,1027.325,1809.87,4,0.0,2024-01-03,2025-01-02,365,10,True,1,-0.5406227533314366,1.088661518369431,Financed Value Seekers
C1394,Individual,Debra,Hansen,1977-02-26,F,USA,Nevada,Personal Use,4,No,Website,47.9,Domestic,USA,4,1325404.6,331351.15,439396.11,967.0,1231.75,4,0.0,2024-01-04,2025-01-07,369,5,False,1,-0.18748904800941973,1.31971572313876,Financed Value Seekers
C1395,Individual,Megan,Campbell,1988-09-27,F,Canada,Alberta,Investment,4,No,Website,36.3,International,Canada,4,1497964.92,374491.23,548965.53,1278.045,1926.19,4,0.25,2024-01-07,2025-01-07,366,5,True,2,1.4239432407259085,0.3006901640244425,Premium Buyers
C1396,Individual,Steven,Foster,1971-06-02,M,Canada,Manitoba,Investment,3,Yes,Website,53.6,International,Canada,3,977070.1199999999,325690.04,451060.97,1075.8333333333333,1435.44,3,0.0,2024-01-02,2024-01-09,7,369,True,0,-1.7193553431093627,-1.9114262416231005,Core Growth Buyers
C1397,Individual,Linda,Chavez,1983-03-10,F,USA,Nevada,Personal Use,4,No,Website,41.8,Domestic,USA,4,1551369.83,387842.4575,583905.11,1175.235,1610.37,4,0.0,2024-01-12,2025-01-05,359,7,False,2,1.5752894239742468,0.43852050502154943,Premium Buyers
C1398,Individual,Alexander,Jones,1966-12-13,M,USA,California,Personal Use,5,Yes,Website,58.1,Domestic,USA,3,926545.71,308848.57,338606.44,1182.08,1397.58,3,0.0,2024-01-03,2025-01-05,368,7,False,1,-1.6361007637495177,-0.09179450909955744,Financed Value Seekers
C1399,Individual,Lauren,Evans,1978-08-23,F,Canada,British Columbia,Personal Use,5,No,Agency,46.4,International,Canada,4,1259614.96,314903.74,619157.65,1061.1325,1941.62,4,0.0,2024-01-06,2025-01-11,371,1,False,2,0.611968209867978,0.8412885574769319,Premium Buyers
C1400,Individual,Maria,Jones,1991-10-24,F,UK,Northern Ireland,Personal Use,4,No,Client,33.2,International,UK,4,1146194.54,286548.635,426811.39,939.4875,1346.3,4,0.0,2024-01-09,2025-01-04,361,8,False,1,-0.9327230496625057,1.4146965752255118,Financed Value Seekers
C1401,Individual,Virginia,Brooks,1999-03-24,F,USA,Virginia,Investment,1,No,Website,25.8,Domestic,USA,4,1223523.71,305880.9275,368829.15,1005.5625,1245.29,4,0.5,2024-01-05,2025-01-12,373,0,True,1,-0.7994263239194804,1.2150757606384057,Financed Value Seekers
C1402,Individual,Helen,Jordan,1968-09-28,F,USA,Utah,Personal Use,3,No,Agency,56.3,Domestic,USA,4,1394159.93,348539.9825,491592.98,1132.7375,1493.72,4,0.0,2024-01-02,2025-01-08,372,4,False,2,0.5659804825620869,0.866027258167497,Premium Buyers
C1403,Individual,Pamela,Scott,1983-09-22,F,USA,Oregon,Personal Use,2,No,Website,41.3,Domestic,USA,4,1463350.69,365837.6725,607483.38,1210.7375000000002,1899.92,4,0.0,2024-01-03,2025-01-12,375,0,False,2,1.4620368801908357,0.38358923097270714,Premium Buyers
C1404,Individual,Sharon,Williams,1950-07-22,F,USA,California,Personal Use,4,No,Agency,74.5,Domestic,USA,4,1193678.04,298419.51,368901.23,1024.3375,1260.31,4,0.0,2024-01-04,2025-01-05,367,7,False,1,-0.7947681754142072,1.5616363697707754,Financed Value Seekers
C1405,Individual,Ryan,Williams,1955-06-08,M,USA,Oregon,Personal Use,5,No,Agency,69.6,Domestic,USA,3,1306722.3599999999,435574.11999999994,556748.94,1438.2933333333333,1678.17,3,0.3333333333333333,2024-01-08,2025-01-12,370,0,False,2,1.3113753390285807,-1.462520351652211,Premium Buyers
C1406,Individual,Sara,Wood,1970-09-01,F,USA,California,Personal Use,3,No,Website,54.4,Domestic,USA,4,1364413.45,341103.3625,474806.32,1151.6100000000001,1599.81,4,0.25,2024-01-03,2025-01-10,373,2,False,2,0.4871520929188561,0.8715502142542114,Premium Buyers
C1407,Individual,Sharon,Hansen,1956-03-22,F,USA,California,Personal Use,1,No,Agency,68.8,Domestic,USA,4,1429717.0899999999,357429.27249999996,517271.54,1123.3175,1645.93,4,0.5,2024-01-09,2025-01-09,366,3,False,2,0.8278539599250576,0.6740544228303857,Premium Buyers
C1408,Corporate,Grandis,Co,1963-11-13,F,USA,California,Personal Use,2,No,Agency,61.2,Domestic,USA,4,1345035.74,336258.935,595268.86,1103.3025,1867.78,4,0.0,2024-01-04,2025-01-08,370,4,False,2,0.8402363544877713,0.7262769948077962,Premium Buyers
C1409,Individual,Katherine,Price,1957-08-01,F,USA,Oregon,Investment,2,No,Website,67.4,Domestic,USA,3,1072801.12,357600.37333333335,395005.44,1117.9399999999998,1164.55,3,0.3333333333333333,2024-01-01,2025-01-02,367,10,True,1,-0.9773425530285154,-0.4299734375497822,Financed Value Seekers
C1410,Individual,Jennifer,Edwards,1965-12-16,F,USA,Nevada,Personal Use,2,No,Agency,59.1,Domestic,USA,4,1439196.49,359799.1225,577676.3,1164.0149999999999,1844.16,4,0.0,2024-01-02,2024-01-12,10,366,False,0,0.659543535361071,-0.9958431722725258,Core Growth Buyers
C1411,Individual,Anthony,Watson,1987-04-04,M,USA,California,Personal Use,2,No,Client,37.8,Domestic,USA,4,1318823.1600000001,329705.79000000004,461367.86,1099.4925,1625.38,4,0.25,2024-01-07,2025-01-11,370,1,False,1,0.11275130313543574,0.8991896326473101,Financed Value Seekers
C1412,Corporate,Optima,Co,1985-06-28,F,USA,Nevada,Personal Use,2,No,Agency,39.5,Domestic,USA,4,1498125.2,374531.3,573336.74,1158.7275,1577.36,4,0.25,2024-01-01,2025-01-12,377,0,False,2,1.3134378508901834,0.4338590422791985,Premium Buyers
C1413,Individual,Margaret,Rogers,1968-09-18,F,USA,California,Personal Use,4,No,Agency,56.3,Domestic,USA,4,1489065.1600000001,372266.29000000004,530069.18,1425.7675,1931.82,4,0.0,2024-01-01,2025-01-10,375,2,False,2,1.6267836283752581,0.2739204246711027,Premium Buyers
C1414,Individual,Michelle,Wright,1975-05-01,F,USA,Florida,Personal Use,4,No,Website,49.7,Domestic,USA,4,1188718.7,297179.675,479065.61,972.335,1728.84,4,0.5,2024-01-02,2025-01-07,371,5,False,1,-0.332915295527199,1.2705583233657034,Financed Value Seekers
C1415,Individual,Tyler,Murray,1959-07-14,M,USA,California,Investment,1,No,Website,65.5,Domestic,USA,3,748797.26,249599.08666666667,318935.71,879.3433333333332,1006.65,3,0.3333333333333333,2024-01-05,2025-01-07,368,5,True,1,-2.9797751360973415,0.5050165654328427,Financed Value Seekers
C1416,Individual,Bryan,Peterson,1954-07-01,M,USA,Oregon,Personal Use,2,No,Agency,70.5,Domestic,USA,3,1418066.3900000001,472688.7966666667,606381.67,1452.2633333333333,1827.25,3,0.0,2024-01-03,2024-01-12,9,366,False,0,1.36797153462664,-3.3557476430780575,Core Growth Buyers
C1417,Individual,Dennis,Williams,1953-10-26,M,UK,Scotland,Personal Use,5,No,Website,71.2,International,UK,3,1023021.48,341007.16,575664.65,1066.59,1532.89,3,0.0,2024-01-04,2025-01-11,373,1,False,2,-0.378489134358392,-0.45984966259114,Premium Buyers
C1418,Individual,Kyle,Cox,1954-04-06,M,USA,Ohio,Investment,2,No,Website,70.8,Domestic,USA,3,1443234.8900000001,481078.2966666667,542134.93,1529.4633333333334,1693.18,3,0.0,2024-01-06,2025-01-08,368,4,True,2,1.8093502394882996,-1.7929645294275396,Premium Buyers
C1419,Individual,Jason,Peterson,1971-08-08,M,Germany,Hamburg,Investment,4,Yes,Website,53.4,International,Germany,4,1143605.72,285901.43,451642.29,928.745,1634.67,4,0.5,2024-01-09,2025-01-02,359,10,True,1,-0.7391577459336722,1.3774124712782383,Financed Value Seekers
C1420,Corporate,Terova,Co,1981-10-20,M,UK,Wales,Personal Use,5,No,Website,43.2,International,UK,4,1196856.69,299214.1725,431727.12,929.6975,1191.96,4,0.75,2024-01-08,2025-01-02,360,10,False,1,-0.6161987955460944,1.3247228693733852,Financed Value Seekers
C1421,Individual,James,Jones,1957-11-14,M,USA,Colorado,Personal Use,1,No,Website,67.2,Domestic,USA,3,938557.1900000001,312852.39666666667,396446.03,1098.0666666666666,1397.58,3,0.0,2024-01-03,2024-01-09,6,369,False,0,-2.0410585323057426,-1.7667499521733598,Core Growth Buyers
C1422,Individual,Billy,Hansen,1955-01-15,M,USA,Florida,Investment,1,Yes,Website,70.0,Domestic,USA,4,2032565.11,508141.2775,649524.31,1555.2975000000001,1703.94,4,0.0,2024-01-03,2024-01-11,8,367,True,0,3.5790746894812675,-2.2753526347189763,Core Growth Buyers
C1423,Individual,Jack,Brooks,1955-09-21,M,UK,Northern Ireland,Personal Use,4,Yes,Website,69.3,International,UK,4,1822778.3599999999,455694.58999999997,588224.19,1504.0974999999999,1941.62,4,0.25,2024-01-12,2025-01-10,364,2,False,2,3.119574787023723,-0.2907553945737878,Premium Buyers
C1424,Individual,Judy,Harris,1954-03-12,F,USA,Utah,Personal Use,2,Yes,Agency,70.8,Domestic,USA,3,1382756.57,460918.8566666667,602654.49,1465.1466666666665,1719.85,3,0.0,2024-01-10,2025-01-11,367,1,False,2,1.7483533336820125,-1.7541473918814325,Premium Buyers
C1425,Individual,Raymond,Taylor,1971-12-16,M,Belgium,Flanders,Personal Use,3,No,Website,53.1,International,Belgium,3,1449563.3199999998,483187.77333333326,576814.21,1521.64,1754.75,3,0.3333333333333333,2024-01-05,2025-01-11,372,1,False,2,2.0009511066103136,-1.9737695148460803,Premium Buyers
C1426,Individual,Christina,Campbell,1964-05-20,F,USA,Washington,Personal Use,2,No,Website,60.6,Domestic,USA,4,1709098.18,427274.545,507717.69,1510.65,1811.84,4,0.0,2024-01-02,2025-01-12,376,0,False,2,2.3503878776830547,-0.03816251588838529,Premium Buyers
C1427,Individual,Julia,Richardson,1955-05-10,F,Australia,Victoria,Personal Use,5,No,Website,69.7,International,Other,4,1378636.21,344659.0525,487252.76,1184.9475,1926.19,4,0.25,2024-01-08,2025-01-08,366,4,False,2,0.6787239391658366,0.8570488591997107,Premium Buyers
C1428,Individual,Nicole,Allen,1953-12-05,F,USA,Oregon,Personal Use,4,Yes,Agency,71.1,Domestic,USA,4,1136052.54,284013.135,474549.83,946.6525,1631.24,4,0.25,2024-01-11,2025-01-11,366,1,False,1,-0.5850737428458963,1.4744762118281094,Financed Value Seekers
C1429,Individual,Jesse,Stewart,1991-10-01,M,USA,Nevada,Investment,5,No,Agency,33.3,Domestic,USA,4,1697550.01,424387.5025,499234.71,1421.4650000000001,1697.49,4,0.5,2024-01-05,2024-01-08,3,370,True,0,1.6318240947150155,-1.5946929730427264,Core Growth Buyers
C1430,Individual,Patrick,Allen,1963-09-11,M,USA,Nevada,Personal Use,4,No,Website,61.3,Domestic,USA,3,928463.2,309487.73333333334,438596.72,1022.67,1428.55,3,0.0,2024-01-07,2025-01-09,368,3,False,1,-1.4687961807830237,-0.0480526640545019,Financed Value Seekers
C1431,Individual,Melissa,Griffin,1943-07-01,F,Germany,Hesse,Personal Use,3,Yes,Website,81.5,International,Germany,4,1620159.73,405039.9325,567788.73,1365.9450000000002,1795.66,4,0.25,2024-01-06,2025-01-10,370,2,False,2,2.137736971485716,0.17615906015954758,Premium Buyers
C1432,Individual,Larry,Weaver,1951-12-26,M,USA,Utah,Personal Use,3,No,Agency,73.0,Domestic,USA,3,863383.74,287794.58,301035.57,1033.6200000000001,1095.85,3,0.3333333333333333,2024-01-07,2025-01-12,371,0,False,1,-2.309438268353626,0.23660359278808946,Financed Value Seekers
C1433,Individual,Christian,Mitchell,1953-04-12,M,Germany,Hamburg,Personal Use,4,No,Website,71.8,International,Germany,3,1358111.0699999998,452703.68999999994,626692.98,1493.243333333333,1833.96,3,0.0,2024-01-04,2025-01-03,365,9,False,2,1.8520510564233135,-1.7712923460526762,Premium Buyers
C1434,Corporate,Terova,Co,1985-06-25,F,USA,California,Investment,5,No,Agency,39.6,Domestic,USA,4,1038640.05,259660.0125,531069.6,894.905,1722.28,4,0.0,2024-01-08,2025-01-12,370,0,True,1,-0.7949743704958208,1.4963292603966745,Financed Value Seekers
C1435,Individual,Zachary,Morales,1967-04-08,M,USA,Texas,Investment,2,No,Agency,57.8,Domestic,USA,3,903765.87,301255.29,410695.68,945.65,1170.96,3,0.3333333333333333,2024-01-01,2025-01-07,372,5,True,1,-1.8731993032395489,-0.0010568104590061196,Financed Value Seekers
C1436,Individual,Kyle,Wright,1998-10-09,M,USA,California,Personal Use,2,No,Website,26.3,Domestic,USA,3,969917.19,323305.73,363203.22,992.2199999999999,1095.85,3,0.3333333333333333,2024-01-06,2025-01-10,370,2,False,1,-1.7937595737248204,-0.173985057202337,Financed Value Seekers
C1437,Individual,Gerald,Stewart,1997-04-08,M,USA,Arizona,Investment,5,No,Agency,27.8,Domestic,USA,4,1668948.58,417237.145,614304.54,1332.2825,1874.35,4,0.25,2024-01-05,2025-01-07,368,5,True,2,2.382739899976113,-0.04797536843085068,Premium Buyers
C1438,Individual,Benjamin,Taylor,1988-08-04,M,USA,California,Personal Use,2,Yes,Agency,36.4,Domestic,USA,3,1255115.0,418371.6666666667,574838.1,1321.5033333333333,1602.95,3,0.3333333333333333,2024-01-02,2025-01-06,370,6,False,2,0.8638729034620747,-1.5049447864258882,Premium Buyers
C1439,Individual,Helen,Morales,2000-10-14,F,USA,Virginia,Personal Use,2,No,Agency,24.2,Domestic,USA,3,1040682.81,346894.27,420285.34,1138.4233333333334,1365.73,3,0.0,2024-01-04,2025-01-07,369,5,False,1,-1.0620214538259898,-0.6006698214289355,Financed Value Seekers
C1440,Individual,Mary,Phillips,1952-07-20,F,USA,Colorado,Investment,2,No,Agency,72.5,Domestic,USA,3,901013.4199999999,300337.80666666664,472362.72,1010.5300000000001,1738.5,3,0.3333333333333333,2024-01-10,2025-01-04,360,8,True,1,-1.4475955737171016,-0.19939510227051305,Financed Value Seekers
C1441,Individual,Helen,Campbell,1945-09-08,F,USA,California,Investment,5,No,Website,79.3,Domestic,USA,3,1201777.78,400592.5933333333,424676.81,1334.84,1414.25,3,0.0,2024-01-04,2025-01-10,372,2,True,2,0.08767128038596575,-0.7632068927991117,Premium Buyers
C1442,Individual,Timothy,Foster,2000-06-17,M,USA,Colorado,Personal Use,2,Yes,Client,24.6,Domestic,USA,3,1007348.75,335782.9166666667,534107.07,1110.6233333333332,1689.08,3,0.0,2024-01-02,2025-01-12,376,0,False,1,-0.6793075048617958,-0.7070795901147715,Financed Value Seekers
C1443,Individual,Betty,Hughes,1979-11-22,F,USA,Florida,Personal Use,2,No,Website,45.1,Domestic,USA,3,1045348.1100000001,348449.37000000005,618238.68,1072.4833333333333,1757.51,3,0.0,2024-01-03,2025-01-03,366,9,False,2,-0.1708000858911906,-0.8034622403440981,Premium Buyers
C1444,Individual,Frank,Alexander,1981-06-25,M,USA,Colorado,Personal Use,3,No,Website,43.6,Domestic,USA,3,1089631.7,363210.56666666665,387724.0,1186.05,1421.82,3,0.0,2024-01-03,2025-01-08,371,4,False,1,-0.8703339471560262,-0.5290688227138822,Financed Value Seekers
C1445,Individual,Gregory,Hall,1988-07-26,M,USA,Florida,Personal Use,5,No,Website,36.5,Domestic,USA,4,1249138.91,312284.7275,404402.26,976.9675,1258.99,4,0.0,2024-01-03,2025-01-03,366,9,False,1,-0.5746765229485342,1.4152270466670922,Financed Value Seekers
C1446,Individual,Amber,Gray,1951-12-09,F,USA,Ohio,Personal Use,4,No,Website,73.1,Domestic,USA,4,1550820.49,387705.1225,605564.38,1385.6475,1946.26,4,0.0,2024-01-01,2025-01-01,366,11,False,2,2.140299460488886,0.18734803596236976,Premium Buyers
C1447,Individual,Janet,Rogers,1972-05-14,F,USA,Nevada,Investment,4,Yes,Client,52.7,Domestic,USA,4,1372408.9,343102.225,470911.04,1151.37,1598.85,4,0.0,2024-01-09,2025-01-09,366,3,True,2,0.4366261569387466,0.9160031654181723,Premium Buyers
C1448,Individual,Henry,Ward,1959-03-15,M,Russia,Tatarstan,Personal Use,1,No,Website,65.8,International,Other,4,1221304.62,305326.155,456799.28,984.9525,1401.0,4,0.25,2024-01-07,2025-01-09,368,3,False,1,-0.41691839919183743,1.2256983294600348,Financed Value Seekers
C1449,Individual,Nicole,Cox,1999-06-14,F,USA,California,Investment,5,No,Website,25.6,Domestic,USA,3,1110557.49,370185.83,543452.8,1221.6766666666665,1724.08,3,0.0,2024-01-01,2025-01-01,366,11,True,2,0.002396746852731259,-0.9544648534855219,Premium Buyers
C1450,Individual,Pamela,White,1996-04-06,F,USA,Virginia,Personal Use,5,No,Website,28.8,Domestic,USA,3,1028509.6,342836.5333333333,374768.98,1037.5833333333333,1160.48,3,0.0,2024-01-03,2025-01-08,371,4,False,1,-1.4240237261982602,-0.16785832429306102,Financed Value Seekers
C1451,Individual,Hannah,Turner,1983-10-19,F,USA,California,Personal Use,1,No,Website,41.2,Domestic,USA,4,1529673.3199999998,382418.32999999996,483688.37,1259.875,1629.83,4,0.0,2024-01-04,2025-01-12,374,0,False,2,1.1478890918362745,0.4556501388063049,Premium Buyers
C1452,Individual,Kelly,Edwards,1993-08-05,F,Belgium,Wallonia,Personal Use,3,No,Client,31.4,International,Belgium,3,1320005.77,440001.92333333334,545747.26,1487.6599999999999,1833.96,3,0.0,2024-01-01,2025-01-07,372,5,False,2,1.2156144341307453,-1.7385889250964164,Premium Buyers
C1453,Individual,Kenneth,Stone,1981-10-07,M,USA,California,Personal Use,2,No,Agency,43.3,Domestic,USA,3,1145044.9,381681.6333333333,526401.55,1243.8233333333333,1803.36,3,0.0,2025-01-01,2025-01-06,5,6,False,0,-0.19483362744255744,-1.8273877248367985,Core Growth Buyers
C1454,Individual,Ann,Kim,1948-05-23,F,USA,California,Investment,1,No,Client,76.6,Domestic,USA,3,1188825.44,396275.14666666667,478984.35,1321.5033333333333,1602.95,3,0.0,2024-01-06,2024-01-10,4,368,True,0,-0.3359677644780412,-2.601529932011741,Core Growth Buyers
C1455,Individual,Christina,Nelson,1989-06-15,F,USA,Colorado,Personal Use,3,Yes,Agency,35.6,Domestic,USA,3,985992.4299999999,328664.1433333333,472251.6,983.4266666666667,1264.43,3,0.3333333333333333,2024-01-02,2025-01-06,370,6,False,1,-1.2222876436310481,-0.3600283669627428,Financed Value Seekers
C1456,Corporate,Quasar,Co,1992-06-26,F,USA,Oregon,Investment,1,Yes,Website,32.5,Domestic,USA,4,1598853.55,399713.3875,586824.88,1313.38,1898.39,4,0.0,2024-01-07,2025-01-09,368,3,True,2,1.9179930850801103,0.042341219201359304,Premium Buyers
C1457,Individual,Julie,Foster,1949-01-27,F,USA,California,Personal Use,3,Yes,Agency,76.0,Domestic,USA,4,1537205.06,384301.265,538355.66,1227.17,1809.87,4,0.5,2024-01-04,2025-01-10,372,2,False,2,1.5140247128112976,0.48411827232942645,Premium Buyers
C1458,Individual,Keith,Reed,1950-09-16,M,USA,Arizona,Personal Use,1,No,Website,74.3,Domestic,USA,3,917921.54,305973.8466666667,344813.48,979.0866666666667,1318.01,3,0.3333333333333333,2024-01-01,2025-01-07,372,5,False,1,-2.026618684255906,0.11247316299610494,Financed Value Seekers
C1459,Individual,Terry,Hall,1949-09-28,M,USA,Arizona,Personal Use,5,No,Website,75.3,Domestic,USA,4,1556253.48,389063.37,530674.29,1385.6475,1946.26,4,0.0,2024-01-01,2025-01-12,377,0,False,2,1.838354039516069,0.42767782027302703,Premium Buyers
C1460,Individual,Pamela,Long,1972-12-05,F,UK,England,Personal Use,1,Yes,Agency,52.1,International,UK,4,1569390.69,392347.6725,517417.7,1294.645,1651.02,4,0.0,2024-01-04,2025-01-07,369,5,False,2,1.456413843374614,0.26048931708327167,Premium Buyers
C1461,Individual,Gloria,Reyes,1944-01-13,F,USA,California,Personal Use,5,No,Website,81.0,Domestic,USA,4,1507966.87,376991.7175,538246.86,1294.645,1651.02,4,0.0,2024-01-02,2025-01-05,369,7,False,2,1.5516941384461544,0.5945603314989998,Premium Buyers
C1462,Individual,Virginia,Allen,1984-04-19,F,Germany,Hamburg,Investment,3,No,Agency,40.7,International,Germany,4,1220331.12,305082.78,563520.95,956.6725,1563.65,4,0.5,2024-01-11,2025-01-12,367,0,True,1,0.030823318758250208,0.9668771097467548,Financed Value Seekers
C1463,Individual,Lawrence,Ward,1943-12-28,M,USA,California,Personal Use,2,Yes,Website,81.0,Domestic,USA,4,1639044.0,409761.0,560165.35,1386.5875,1931.82,4,0.0,2024-01-02,2025-01-06,370,6,False,2,2.1758586577895573,0.17635415782753866,Premium Buyers
C1464,Individual,Terry,Weaver,1940-01-25,M,USA,Arizona,Personal Use,1,No,Website,85.0,Domestic,USA,3,1094818.68,364939.56,516866.8,1086.24,1414.25,3,0.0,2024-01-01,2025-01-07,372,5,False,1,-0.3914729441734561,-0.5355269327987928,Financed Value Seekers
C1465,Individual,Edward,Stewart,1990-07-09,M,USA,Ohio,Personal Use,3,Yes,Website,34.5,Domestic,USA,3,1312191.47,437397.1566666667,561841.89,1457.8333333333333,1802.21,3,0.0,2025-01-07,2025-01-08,1,4,False,2,1.0098629341482974,-2.449554086030777,Premium Buyers
C1466,Individual,Ashley,Howard,1999-08-28,F,Belgium,Flanders,Investment,2,No,Website,25.4,International,Belgium,4,1387827.15,346956.7875,536046.25,1053.27,1699.02,4,0.0,2024-01-08,2025-01-09,367,3,True,2,0.5049170394136545,0.7318652655366796,Premium Buyers
C1467,Individual,Rebecca,Adams,1951-07-19,F,USA,California,Personal Use,5,No,Client,73.5,Domestic,USA,3,761353.26,253784.42,375027.09,849.6366666666667,1297.3,3,0.0,2024-01-02,2024-01-10,8,368,False,0,-3.18281637571331,-0.9199719631002374,Core Growth Buyers
C1468,Individual,Jason,Martin,1940-08-24,M,Canada,Manitoba,Personal Use,3,No,Website,84.4,International,Canada,3,1072452.07,357484.0233333334,438900.24,1185.3533333333332,1414.25,3,0.6666666666666666,2024-01-02,2024-01-06,4,372,False,0,-1.0679910156841008,-2.1970801081981852,Core Growth Buyers
C1469,Individual,Keith,Richardson,1970-05-17,M,USA,Colorado,Personal Use,1,No,Website,54.7,Domestic,USA,3,1512121.6400000001,504040.5466666667,581837.55,1538.7766666666666,1742.3,3,0.0,2024-01-10,2025-01-09,365,3,False,2,2.226281093351728,-2.0878396467619593,Premium Buyers
C1470,Individual,Alexander,Richardson,1940-05-27,M,USA,Colorado,Investment,3,Yes,Agency,84.6,Domestic,USA,3,1440682.21,480227.4033333333,555106.11,1590.8633333333335,1890.0,3,0.0,2024-01-01,2024-01-05,4,373,True,0,1.494202509062677,-3.4398357741923196,Core Growth Buyers
C1471,Individual,Judith,Williams,1940-05-24,F,UK,Northern Ireland,Personal Use,1,Yes,Website,84.6,International,UK,4,1048588.76,262147.19,354725.76,801.0649999999999,1125.84,4,0.25,2024-01-02,2025-01-12,376,0,False,1,-1.739051295370957,1.9905296989849703,Financed Value Seekers
C1472,Individual,Paul,Flores,1991-03-23,M,USA,Washington,Personal Use,1,No,Website,33.8,Domestic,USA,4,1610320.87,402580.2175,566227.62,1237.1025,1651.02,4,0.0,2024-01-05,2025-01-07,368,5,False,2,1.724090308072236,0.2010790450054566,Premium Buyers
C1473,Individual,Maria,Freeman,1974-03-14,F,USA,California,Personal Use,2,No,Agency,50.8,Domestic,USA,4,1415300.74,353825.185,736652.27,1009.23,1898.39,4,0.0,2024-01-01,2025-01-02,367,10,False,2,1.5259381275127613,0.4709613292790029,Premium Buyers
C1474,Individual,Kevin,Brown,1969-04-10,M,USA,Oregon,Personal Use,3,No,Website,55.8,Domestic,USA,4,1563434.47,390858.6175,517206.46,1307.3,1811.36,4,0.0,2024-01-06,2025-01-11,371,1,False,2,1.5657105488718184,0.40676910751892364,Premium Buyers
C1475,Individual,Raymond,Brown,1944-08-02,M,Mexico,Jalisco,Personal Use,4,Yes,Agency,80.4,International,Other,4,1579186.25,394796.5625,661652.26,1287.055,1949.35,4,0.0,2024-01-02,2025-01-10,374,2,False,2,2.27010652988142,0.21128737379811863,Premium Buyers
C1476,Individual,Kevin,Jackson,2000-06-08,M,USA,Nevada,Personal Use,1,No,Agency,24.6,Domestic,USA,4,1505369.42,376342.355,610193.44,1141.225,1680.5,4,0.25,2024-01-02,2025-01-10,374,2,False,2,1.4291788037242008,0.27269175624848935,Premium Buyers
C1477,Corporate,Zynex,Co,1968-04-10,F,USA,California,Investment,1,No,Agency,56.8,Domestic,USA,4,1051466.92,262866.73,458559.81,920.7075,1528.05,4,0.25,2024-01-07,2025-01-11,370,1,True,1,-1.066447199820022,1.464826118727299,Financed Value Seekers
C1478,Individual,Emily,Reed,1958-09-12,F,Canada,British Columbia,Investment,1,No,Agency,66.3,International,Canada,3,965772.74,321924.24666666664,398549.19,1082.8966666666668,1519.64,3,0.0,2024-01-04,2025-01-02,364,10,True,1,-1.5406746970756744,-0.2898537929477303,Financed Value Seekers
C1479,Individual,Paul,Carter,1968-03-26,M,USA,California,Investment,1,No,Website,56.8,Domestic,USA,4,1275455.51,318863.8775,612698.53,1018.5225,1919.31,4,0.0,2024-01-05,2025-01-12,373,0,True,2,0.5362536997079845,0.8763951837760244,Premium Buyers
C1480,Individual,Danielle,White,1985-04-09,F,USA,Virginia,Investment,3,No,Client,39.8,Domestic,USA,4,1466467.79,366616.9475,573332.74,1220.42,1891.72,4,0.25,2024-01-03,2025-01-09,372,3,True,2,1.3423661719484135,0.39286063634990787,Premium Buyers
C1481,Corporate,Caldera,Co,1984-12-04,F,USA,Arizona,Investment,3,No,Website,40.1,Domestic,USA,4,1059700.8800000001,264925.22000000003,367368.12,901.245,1370.17,4,0.75,2024-01-02,2025-01-05,369,7,True,1,-1.4177758129195066,1.5948086764419576,Financed Value Seekers
C1482,Individual,Kimberly,Murray,1953-01-24,F,USA,Oregon,Personal Use,2,Yes,Website,72.0,Domestic,USA,4,1665015.1700000002,416253.79250000004,610377.15,1312.8225,1869.81,4,0.25,2024-01-03,2025-01-10,373,2,False,2,2.376226476905643,0.10488086833580709,Premium Buyers
C1483,Individual,Gary,Hall,1975-06-01,M,USA,Colorado,Personal Use,3,Yes,Agency,49.6,Domestic,USA,4,1831769.62,457942.405,623318.65,1486.3274999999999,1820.34,4,0.0,2024-01-06,2025-01-11,371,1,False,2,3.203095206529037,-0.3867964764925945,Premium Buyers
C1484,Individual,Christina,Nelson,1971-10-09,F,USA,Colorado,Personal Use,3,No,Client,53.3,Domestic,USA,4,1117191.81,279297.9525,452777.15,995.0275,1631.24,4,0.0,2024-01-05,2025-01-11,372,1,False,1,-0.7315884653525222,1.4152308058458338,Financed Value Seekers
C1485,Individual,Rachel,Scott,1984-06-26,F,USA,Washington,Investment,4,No,Website,40.5,Domestic,USA,4,1604885.52,401221.38,526180.38,1350.2175,1703.94,4,0.25,2024-01-01,2024-01-07,6,371,True,0,1.323136840913809,-1.3848453516561028,Core Growth Buyers
C1486,Individual,Madison,Campbell,1996-06-14,F,UK,Wales,Personal Use,5,Yes,Website,28.6,International,UK,3,1019385.69,339795.23,416556.23,1156.5633333333333,1379.64,3,0.3333333333333333,2024-01-03,2024-01-07,4,371,False,0,-1.5214160291769279,-2.126036955339118,Core Growth Buyers
C1487,Individual,Sandra,Martin,1965-12-10,F,USA,New York,Personal Use,3,No,Agency,59.1,Domestic,USA,4,1553533.51,388383.3775,506031.7,1294.645,1651.02,4,0.0,2024-01-01,2025-01-10,375,2,False,2,1.44266717658992,0.45511776242816215,Premium Buyers
C1488,Individual,Keith,Scott,1975-09-07,M,USA,Florida,Investment,2,No,Website,49.3,Domestic,USA,3,1029238.79,343079.5966666667,554297.11,1140.1866666666667,1849.4,3,0.0,2024-01-01,2024-01-12,11,366,True,0,-0.9013908614906935,-2.2912240159275967,Core Growth Buyers
C1489,Individual,Gloria,Montgomery,1951-03-19,F,USA,Arizona,Personal Use,5,No,Agency,73.8,Domestic,USA,3,1056549.47,352183.1566666667,416649.42,1240.6066666666666,1499.0,3,0.3333333333333333,2024-01-04,2024-01-07,3,371,False,0,-1.1372391593259736,-2.1150310820680316,Core Growth Buyers
C1490,Individual,Dennis,Hall,1994-11-06,M,UK,Wales,Investment,5,Yes,Client,30.2,International,UK,3,861119.76,287039.92,357655.99,939.3299999999999,1263.44,3,0.0,2024-01-03,2025-01-02,365,10,True,1,-2.363249313734116,0.1773221019636429,Financed Value Seekers
C1491,Individual,Rebecca,Evans,1997-07-10,F,USA,Georgia,Personal Use,4,No,Agency,27.5,Domestic,USA,4,1056750.03,264187.5075,415532.62,901.245,1370.17,4,0.0,2024-01-06,2025-01-05,365,7,False,1,-1.3146397992828363,1.5891973350914816,Financed Value Seekers
C1492,Individual,Mary,Taylor,1984-12-18,F,Germany,Bavaria,Personal Use,2,No,Agency,40.1,International,Germany,3,1309655.49,436551.83,472764.91,1579.3133333333335,1616.99,3,0.0,2024-01-11,2025-01-11,366,1,False,2,0.9950214482921282,-1.7474009647850741,Premium Buyers
C1493,Individual,Thomas,Bennett,1992-03-16,M,USA,Washington,Personal Use,4,Yes,Agency,32.8,Domestic,USA,3,864605.61,288201.87,449252.81,1037.11,1765.37,3,0.0,2024-01-05,2025-01-12,373,0,False,1,-1.6890027799232505,-0.13682154771648974,Financed Value Seekers
C1494,Individual,Nicholas,Cooper,1996-04-09,M,USA,New York,Personal Use,1,No,Client,28.8,Domestic,USA,3,913338.07,304446.0233333333,424747.54,934.8733333333333,1360.96,3,0.0,2024-01-03,2025-01-11,374,1,False,1,-1.889867309690286,-0.09980360347038136,Financed Value Seekers
C1495,Individual,Jason,Hughes,1991-11-09,M,Denmark,Capital Region,Personal Use,1,No,Website,33.2,International,Other,4,2059292.68,514823.17,650190.52,1591.4724999999999,1934.75,4,0.25,2024-01-04,2025-01-08,370,4,False,2,4.179676084945495,-1.0230692047083607,Premium Buyers
C1496,Individual,Bryan,Patterson,1986-11-15,M,USA,Florida,Personal Use,5,No,Agency,38.2,Domestic,USA,3,1119013.6099999999,373004.5366666666,617811.07,1151.5466666666669,1919.77,3,0.3333333333333333,2024-01-06,2025-01-01,361,11,False,2,0.30795895900516146,-1.0457123560256187,Premium Buyers
C1497,Individual,Samuel,Parker,1940-01-13,M,USA,California,Investment,4,No,Agency,85.0,Domestic,USA,3,794765.34,264921.77999999997,355085.18,880.66,1169.15,3,0.3333333333333333,2024-01-05,2025-01-12,373,0,True,1,-2.5613629204779027,0.5597490010773443,Financed Value Seekers
C1498,Individual,Nicole,Carter,1967-02-03,F,Mexico,Puebla,Investment,5,No,Website,57.9,International,Other,4,1142631.83,285657.9575,431607.68,889.8725000000001,1347.67,4,0.0,2024-01-01,2025-01-05,370,7,True,1,-0.9447798085539967,1.6588123289460635,Financed Value Seekers
C1499,Individual,Lauren,Gray,1997-11-04,F,Russia,Saint Petersburg,Personal Use,3,Yes,Agency,27.2,International,Other,3,1321905.54,440635.18,565905.82,1523.6933333333334,1897.17,3,0.0,2024-01-01,2025-01-08,373,4,False,2,1.3734448015165654,-1.87440626942618,Premium Buyers
C1500,Individual,Shirley,Ward,1995-01-04,F,Australia,Victoria,Personal Use,2,No,Agency,30.0,International,Other,4,1020299.92,255074.98,363010.65,841.385,1227.01,4,0.0,2024-01-02,2024-01-11,9,367,False,0,-2.3588855315025223,0.16616466607125774,Core Growth Buyers
C1501,Individual,Brenda,White,1951-12-16,F,USA,Oregon,Investment,4,No,Agency,73.1,Domestic,USA,3,761279.08,253759.69333333333,340778.92,851.4266666666667,1033.2,3,0.6666666666666666,2024-01-02,2025-01-03,367,9,True,1,-2.7920201255622117,0.5369729824067411,Financed Value Seekers
C1502,Individual,Elizabeth,Weaver,1994-10-27,F,UK,Wales,Personal Use,5,Yes,Website,30.2,International,UK,4,1045772.34,261443.085,352637.6,911.0425,1296.39,4,0.0,2024-01-03,2025-01-01,364,11,False,1,-1.6161510714577836,1.7353483621790664,Financed Value Seekers
C1503,Corporate,Triton,Co,1986-08-21,M,USA,Arizona,Investment,5,No,Website,38.4,Domestic,USA,4,1299971.48,324992.87,570156.97,1050.5725,1755.26,4,0.5,2024-01-04,2025-01-07,369,5,True,2,0.5765844434254604,0.848023400964702,Premium Buyers
C1504,Individual,Patrick,Hughes,1946-08-19,M,USA,California,Personal Use,4,No,Website,78.4,Domestic,USA,3,871805.96,290601.98666666663,384006.83,979.0866666666667,1318.01,3,0.0,2024-01-09,2025-01-06,363,6,False,1,-1.9908303671515952,0.2610613094257469,Financed Value Seekers
C1505,Individual,William,Cook,1994-05-14,M,USA,Virginia,Personal Use,3,No,Agency,30.7,Domestic,USA,4,1012922.06,253230.515,380365.78,799.9225,1119.38,4,0.5,2025-01-07,2025-01-12,5,0,False,1,-1.9992003390070345,0.9918783145769157,Financed Value Seekers
C1506,Individual,Larry,Price,1950-01-11,M,USA,Utah,Investment,3,No,Website,75.0,Domestic,USA,3,1010109.4,336703.13333333336,369810.4,1155.4633333333334,1369.96,3,0.3333333333333333,2024-01-04,2024-01-08,4,370,True,0,-1.7167584191044465,-1.8600224142684851,Core Growth Buyers
C1507,Individual,Joyce,Cooper,1951-03-28,F,USA,Florida,Personal Use,3,No,Agency,73.8,Domestic,USA,4,1499666.44,374916.61,572514.83,1220.915,1756.12,4,0.0,2024-01-02,2025-01-07,371,5,False,2,1.4752433397286728,0.5344162461072206,Premium Buyers
C1508,Individual,Benjamin,Morris,1994-12-03,M,UK,Scotland,Personal Use,3,No,Agency,30.1,International,UK,4,965283.79,241320.9475,288985.79,783.64,911.94,4,0.25,2024-01-01,2025-01-06,371,6,False,1,-2.4308582837092074,2.027163126783306,Financed Value Seekers
C1509,Individual,Rebecca,Campbell,1946-12-16,F,USA,California,Personal Use,3,No,Website,78.1,Domestic,USA,4,1821912.8699999999,455478.21749999997,601608.38,1482.5875,1891.72,4,0.0,2024-01-01,2024-01-09,8,369,False,0,2.631881526404132,-1.771388944187255,Core Growth Buyers
C1510,Corporate,Altira,Co,1962-12-01,M,USA,California,Personal Use,5,No,Agency,62.1,Domestic,USA,3,804243.22,268081.0733333333,356271.34,842.68,1051.39,3,0.0,2024-01-05,2025-01-12,373,0,False,1,-2.651002941054104,0.6079891765702068,Financed Value Seekers
C1511,Individual,Ann,Hansen,1989-07-20,F,France,Provence,Personal Use,2,Yes,Website,35.5,International,France,3,1093080.8599999999,364360.2866666666,556945.98,1152.6466666666668,1697.13,3,0.3333333333333333,2024-01-06,2025-01-03,363,9,False,2,-0.1452404907179187,-1.0184996189607602,Premium Buyers
C1512,Individual,Anna,Young,1955-06-18,F,USA,Nevada,Personal Use,4,Yes,Client,69.6,Domestic,USA,4,1209056.95,302264.2375,387618.51,1046.42,1493.72,4,0.25,2024-01-02,2024-01-12,10,366,False,0,-1.0823862329139171,-0.1399710855748149,Core Growth Buyers
C1513,Individual,Danielle,Morales,1995-06-08,F,USA,Florida,Personal Use,2,No,Website,29.6,Domestic,USA,3,1452266.37,484088.79000000004,552490.44,1538.7766666666666,1742.3,3,0.0,2025-01-03,2025-01-12,9,0,False,2,1.60326167841956,-2.7748625770228372,Premium Buyers
C1514,Individual,Linda,Bryant,1986-12-08,F,USA,New York,Personal Use,4,No,Website,38.1,Domestic,USA,3,1211908.53,403969.51,458308.65,1386.32,1575.06,3,0.3333333333333333,2024-01-09,2025-01-04,361,8,False,2,0.3360006049501573,-1.2359401136515495,Premium Buyers
C1515,Individual,Angela,Williams,1946-10-16,F,USA,Nevada,Investment,5,No,Website,78.2,Domestic,USA,4,1433703.52,358425.88,499781.62,1227.17,1809.87,4,0.25,2024-01-01,2025-01-07,372,5,True,2,1.030876002822845,0.8024331172149239,Premium Buyers
C1516,Individual,Grace,Wood,1953-05-23,F,USA,Texas,Personal Use,4,No,Website,71.6,Domestic,USA,3,690456.91,230152.30333333334,355876.81,801.46,1179.42,3,0.3333333333333333,2024-01-04,2025-01-09,371,3,False,1,-3.0756054141708193,0.7794454520546057,Financed Value Seekers
C1517,Individual,Benjamin,Chavez,1978-02-23,M,USA,California,Investment,2,No,Agency,46.9,Domestic,USA,4,1328693.42,332173.355,442491.43,1076.59,1408.42,4,0.25,2024-01-02,2025-01-08,372,4,True,1,0.007899628820797644,0.9939686817268583,Financed Value Seekers
C1518,Individual,Teresa,Rogers,1994-10-08,F,Australia,Victoria,Personal Use,5,Yes,Agency,30.3,International,Other,4,961942.8799999999,240485.71999999997,280586.67,886.4275,1044.69,4,0.0,2024-01-02,2025-01-06,370,6,False,1,-2.2859349423354467,1.98758402696842,Financed Value Seekers
C1519,Individual,Kyle,Freeman,1972-08-19,M,USA,California,Personal Use,1,No,Agency,52.4,Domestic,USA,4,1366990.1300000001,341747.53250000003,630466.93,1072.9850000000001,1869.81,4,0.0,2024-01-07,2025-01-12,371,0,False,2,0.9864548309771366,0.6236288803746756,Premium Buyers
C1520,Individual,Patrick,Griffin,1945-12-05,M,USA,Utah,Personal Use,1,No,Website,79.1,Domestic,USA,4,1425469.02,356367.255,556062.8,1187.8925,1817.64,4,0.0,2024-01-03,2025-01-05,368,7,False,2,1.0957504457454255,0.6474596385046316,Premium Buyers
C1521,Individual,Bryan,Foster,1973-12-25,M,USA,Nevada,Personal Use,4,No,Agency,51.0,Domestic,USA,3,913579.4099999999,304526.47,346864.73,1032.28,1297.3,3,0.0,2024-01-01,2025-01-12,377,0,False,1,-1.9751403485874546,0.10038135239240711,Financed Value Seekers
C1522,Individual,Debra,Mitchell,1964-09-14,F,USA,Washington,Personal Use,5,No,Website,60.3,Domestic,USA,4,1598304.98,399576.245,568937.95,1378.985,1940.69,4,0.25,2024-01-04,2025-01-10,372,2,False,2,2.1393474207236634,0.20127968123148177,Premium Buyers
C1523,Corporate,Horizon,Co,1981-07-22,M,Australia,Victoria,Investment,3,No,Website,43.5,International,Other,4,1652083.92,413020.98,563972.46,1334.8775,1839.34,4,0.0,2025-01-05,2025-01-12,7,0,True,2,1.7907694869170991,-0.6796441364872752,Premium Buyers
C1524,Individual,Jordan,Wilson,1967-07-24,M,USA,Virginia,Personal Use,2,No,Client,57.5,Domestic,USA,4,1434208.3,358552.075,582397.59,1164.0149999999999,1844.16,4,0.5,2024-01-02,2025-01-06,370,6,False,2,1.234569296701297,0.4732665657395999,Premium Buyers
C1525,Individual,Timothy,Brown,1959-08-24,M,USA,California,Personal Use,1,No,Agency,65.4,Domestic,USA,3,1336757.18,445585.7266666666,544081.2,1511.63,1662.01,3,0.0,2025-01-02,2025-01-12,10,0,False,2,1.1196046664653954,-2.4725796546636127,Premium Buyers
C1526,Individual,Victoria,Howard,1956-08-05,F,USA,California,Personal Use,3,No,Website,68.4,Domestic,USA,3,1429330.15,476443.3833333333,559747.82,1600.9133333333332,1938.82,3,0.0,2024-01-03,2025-01-05,368,7,False,2,2.007116420346388,-1.9083322573178723,Premium Buyers
C1527,Individual,Martha,Thomas,1989-05-13,F,USA,California,Personal Use,1,No,Agency,35.7,Domestic,USA,3,993447.0599999999,331149.01999999996,403651.55,1200.3500000000001,1499.0,3,0.0,2024-01-03,2025-01-06,369,6,False,1,-1.1913340176467404,-0.5981090278242901,Financed Value Seekers
C1528,Individual,Jennifer,Weaver,1997-09-02,F,Germany,Hamburg,Personal Use,1,Yes,Website,27.4,International,Germany,3,1058452.68,352817.56,522641.04,1125.17,1562.55,3,0.3333333333333333,2024-01-10,2025-01-12,368,0,False,1,-0.5128504066120299,-0.900610527595967,Financed Value Seekers
C1529,Corporate,Helios,Co,1989-04-19,M,USA,California,Personal Use,4,No,Website,35.7,Domestic,USA,4,1614522.9000000001,403630.72500000003,559177.67,1350.98,1756.12,4,0.0,2024-01-01,2025-01-11,376,1,False,2,1.9917457288487816,0.1695365544750244,Premium Buyers
C1530,Individual,Sarah,Wright,1988-11-20,F,USA,California,Personal Use,2,No,Website,36.1,Domestic,USA,3,1011087.75,337029.25,506418.4,1107.81,1575.06,3,0.0,2024-01-01,2025-01-06,371,6,False,1,-0.7703852616003815,-0.6107552215044487,Financed Value Seekers
C1531,Individual,Bryan,Cox,1964-03-15,M,France,Brittany,Investment,2,No,Website,60.8,International,France,4,1272471.05,318117.7625,509367.59,1065.415,1645.93,4,0.5,2024-01-04,2024-01-12,8,366,True,0,-0.3186385866882129,-0.6501695509963983,Core Growth Buyers
C1532,Individual,Linda,Freeman,1998-09-26,F,USA,Texas,Personal Use,3,Yes,Website,26.3,Domestic,USA,4,1446462.79,361615.6975,553937.2,1164.0149999999999,1844.16,4,0.0,2024-01-05,2025-01-06,367,6,False,2,1.0470917951326333,0.5248719583094373,Premium Buyers
C1533,Individual,Anthony,Bryant,1988-10-05,M,Canada,British Columbia,Personal Use,4,No,Agency,36.3,International,Canada,4,1019127.09,254781.7725,479088.84,727.265,1250.17,4,0.5,2024-01-09,2025-01-07,364,5,False,1,-1.4117986992743232,1.6860984111346506,Financed Value Seekers
C1534,Individual,Sandra,Pierce,1996-06-08,F,USA,California,Personal Use,4,Yes,Website,28.6,Domestic,USA,3,1195359.88,398453.2933333333,552866.95,1303.4733333333334,1752.38,3,0.0,2024-01-04,2025-01-10,372,2,False,2,0.5168590958841344,-1.2136792702599832,Premium Buyers
C1535,Individual,Jeremy,Stone,1994-09-03,M,UK,England,Investment,3,No,Agency,30.4,International,UK,4,1967005.46,491751.365,621748.81,1591.4724999999999,1934.75,4,0.0,2024-01-08,2025-01-09,367,3,True,2,3.7305565254550506,-0.7956276592414707,Premium Buyers
C1536,Individual,Sara,Baker,1982-06-05,F,USA,Washington,Personal Use,3,No,Website,42.6,Domestic,USA,3,1076884.84,358961.61333333334,687894.92,1050.6433333333332,1925.28,3,0.3333333333333333,2024-01-05,2025-01-06,367,6,False,2,0.2967082604362086,-0.9753780005343575,Premium Buyers
C1537,Individual,Lisa,Foster,1999-08-04,F,USA,Arizona,Personal Use,5,No,Website,25.4,Domestic,USA,3,1637300.4100000001,545766.8033333333,581950.52,1579.3133333333335,1616.99,3,0.3333333333333333,2024-01-11,2025-01-06,361,6,False,2,2.820445447616215,-2.3678414697339285,Premium Buyers
C1538,Individual,Jessica,Kim,1947-01-07,F,USA,California,Investment,5,No,Website,78.0,Domestic,USA,3,775544.78,258514.92666666667,394524.62,941.38,1562.93,3,0.3333333333333333,2024-01-05,2025-01-09,370,3,True,1,-2.299241354836119,0.4244449585939766,Financed Value Seekers
C1539,Individual,Terry,Brown,1997-05-13,M,USA,Nevada,Personal Use,1,No,Agency,27.7,Domestic,USA,3,811448.36,270482.7866666667,281239.32,995.5099999999999,1095.85,3,0.0,2024-01-05,2025-01-06,367,6,False,1,-2.8378893398005944,0.18410222642538815,Financed Value Seekers
C1540,Individual,Roger,Cox,1957-12-02,M,USA,California,Personal Use,2,Yes,Client,67.1,Domestic,USA,3,842510.7,280836.89999999997,433230.74,908.2333333333332,1488.32,3,0.0,2024-01-10,2025-01-06,362,6,False,1,-2.0776322925866224,0.1759235217246539,Financed Value Seekers
C1541,Individual,Carl,Adams,1964-11-20,M,USA,California,Personal Use,2,No,Website,60.1,Domestic,USA,4,1173616.46,293404.115,412683.22,995.0275,1631.24,4,0.25,2024-01-10,2025-01-03,359,9,False,1,-0.7185617044698284,1.3612659512133392,Financed Value Seekers
C1542,Individual,Gary,Cook,1989-07-27,M,USA,Nevada,Personal Use,1,Yes,Website,35.5,Domestic,USA,3,1261648.92,420549.63999999996,589311.2,1356.7466666666667,1946.06,3,0.0,2024-01-02,2025-01-01,365,11,False,2,0.9730555134214742,-1.5779522106547705,Premium Buyers
C1543,Individual,Virginia,Peterson,1955-11-10,F,USA,New York,Investment,3,No,Agency,69.2,Domestic,USA,3,1199490.31,399830.10333333333,586216.96,1267.4066666666668,1646.02,3,0.3333333333333333,2024-01-07,2025-01-02,361,10,True,2,0.672891103072029,-1.2179491285446025,Premium Buyers
C1544,Individual,Heather,Evans,1947-04-27,F,Russia,Tatarstan,Personal Use,3,No,Website,77.7,International,Other,3,1551623.3,517207.76666666666,596353.18,1679.1066666666666,1802.21,3,0.0,2024-01-02,2025-01-02,366,10,False,2,2.747454721123747,-2.282455858672352,Premium Buyers
C1545,Individual,Elizabeth,Price,1992-11-23,F,USA,California,Investment,1,Yes,Website,32.1,Domestic,USA,3,1101811.15,367270.3833333333,494550.09,1254.5033333333333,1661.46,3,0.0,2024-01-01,2024-01-04,3,374,True,0,-0.7694066622508086,-2.5977139729474077,Core Growth Buyers
C1546,Individual,Sarah,Scott,1966-06-06,F,Mexico,Puebla,Personal Use,4,Yes,Agency,58.6,International,Other,4,1161022.51,290255.6275,519316.1,874.9925000000001,1550.33,4,0.25,2024-01-06,2024-01-12,6,366,False,0,-0.9933616117755357,-0.18735897983638572,Core Growth Buyers
C1547,Individual,Margaret,Martin,1975-04-03,F,USA,Florida,Personal Use,2,Yes,Agency,49.8,Domestic,USA,4,1199337.46,299834.365,455404.07,997.415,1487.05,4,0.25,2024-01-01,2025-01-12,377,0,False,1,-0.4550424436631101,1.2382151263549954,Financed Value Seekers
C1548,Corporate,Telnox,Co,1967-12-26,M,USA,California,Personal Use,2,Yes,Website,57.0,Domestic,USA,3,615223.03,205074.34333333335,249761.11,678.9699999999999,786.13,3,0.0,2024-01-12,2025-01-12,366,0,False,1,-4.2027800723301825,1.2117155093208072,Financed Value Seekers
C1549,Individual,Gary,Reyes,1961-06-15,M,Mexico,Nuevo Leon,Personal Use,4,No,Client,63.6,International,Other,3,837044.35,279014.7833333333,334152.7,983.4266666666667,1264.43,3,0.0,2024-01-03,2024-01-11,8,367,False,0,-2.923020777459992,-1.2713020105100856,Core Growth Buyers
C1550,Individual,Jason,Rogers,1998-10-01,M,USA,California,Personal Use,2,No,Agency,26.3,Domestic,USA,4,1368767.79,342191.9475,579944.58,1164.0149999999999,1844.16,4,0.0,2024-01-02,2025-01-06,370,6,False,2,0.8932321498044236,0.4885304762911879,Premium Buyers
C1551,Individual,Aaron,Howard,1991-05-17,M,USA,California,Personal Use,2,No,Agency,33.7,Domestic,USA,3,1252240.69,417413.5633333333,487577.71,1438.2933333333333,1678.17,3,0.3333333333333333,2024-01-02,2024-01-10,8,368,False,0,0.1564540124415904,-3.0969710907097623,Core Growth Buyers
C1552,Individual,Peter,Wilson,1947-04-20,M,USA,California,Investment,2,Yes,Agency,77.7,Domestic,USA,4,1356450.7000000002,339112.67500000005,570187.06,1074.0525,1757.4,4,0.25,2024-01-10,2025-01-09,365,3,True,2,0.7487775469683147,0.8286440478137703,Premium Buyers
C1553,Corporate,Horizon,Co,1990-03-27,M,USA,Utah,Personal Use,4,No,Agency,34.8,Domestic,USA,3,979536.36,326512.12,505829.79,1038.7166666666667,1523.02,3,0.0,2024-01-02,2025-01-08,372,4,False,1,-1.0044465209308406,-0.40459802698710784,Financed Value Seekers
C1554,Individual,Gregory,Cox,1998-03-04,M,Germany,Bavaria,Personal Use,1,No,Website,26.9,International,Germany,3,742034.24,247344.74666666667,293555.19,678.9699999999999,786.13,3,0.0,2024-01-06,2025-01-08,368,4,False,1,-3.6475826527657316,0.7572698714631638,Financed Value Seekers
C1555,Individual,Julia,Martin,1946-04-25,F,UK,England,Personal Use,5,No,Website,78.7,International,UK,4,1233852.38,308463.095,488976.07,1012.5575,1625.38,4,0.0,2024-01-07,2025-01-08,367,4,False,1,-0.0986381990001815,1.354979209633262,Financed Value Seekers
C1556,Individual,Grace,Wood,1982-11-20,F,USA,Colorado,Investment,2,No,Agency,42.1,Domestic,USA,4,1215734.71,303933.6775,410418.36,1020.3875,1268.45,4,0.0,2024-01-01,2025-01-05,370,7,True,1,-0.6456992540897735,1.264518218008493,Financed Value Seekers
C1557,Individual,Joan,Griffin,1942-03-15,F,USA,New York,Personal Use,2,Yes,Website,82.8,Domestic,USA,3,955054.1799999999,318351.3933333333,528144.96,1072.4833333333333,1757.51,3,0.0,2024-01-05,2025-01-10,371,2,False,1,-0.8486012455803517,-0.3234476261957239,Financed Value Seekers
C1558,Individual,Tyler,Phillips,1944-03-12,M,Mexico,Baja California,Personal Use,4,No,Website,80.8,International,Other,3,1482069.56,494023.1866666667,578692.29,1680.5266666666666,1916.26,3,0.6666666666666666,2024-01-06,2024-01-10,4,368,False,0,2.035650727139139,-3.794128573390986,Core Growth Buyers
C1559,Individual,Sara,Mitchell,1975-03-27,F,UK,England,Personal Use,2,No,Website,49.8,International,UK,3,1345808.87,448602.9566666667,527049.84,1445.2933333333333,1702.66,3,0.0,2024-01-01,2025-01-01,366,11,False,2,1.1646941648213998,-1.6390102972880756,Premium Buyers
C1560,Individual,Christina,Hughes,1940-07-15,F,USA,California,Personal Use,4,Yes,Client,84.5,Domestic,USA,3,1052677.5699999998,350892.52333333326,415366.42,1148.0433333333333,1307.35,3,0.3333333333333333,2024-01-10,2025-01-03,359,9,False,1,-0.8356831217295894,-0.38250790363272896,Financed Value Seekers
C1561,Individual,Jeffrey,Green,1964-04-28,M,Mexico,Nuevo Leon,Investment,5,No,Agency,60.7,International,Other,3,1135294.51,378431.50333333336,661640.07,1193.7733333333333,1925.28,3,0.0,2024-01-05,2025-01-06,367,6,True,2,0.609891784604514,-1.0850278615660796,Premium Buyers
C1562,Individual,Maria,Morris,1987-07-05,F,USA,California,Personal Use,4,No,Client,37.5,Domestic,USA,3,1179775.32,393258.44,534178.9,1268.0466666666669,1697.13,3,0.0,2024-01-02,2024-01-11,9,367,False,0,-0.2023006795726277,-2.6537665617557664,Core Growth Buyers
C1563,Individual,Susan,Baker,1987-06-18,F,USA,Utah,Personal Use,5,No,Website,37.6,Domestic,USA,3,979729.05,326576.35000000003,428024.76,1090.7733333333333,1394.03,3,0.3333333333333333,2025-01-07,2025-01-11,4,1,False,1,-1.4306846459305924,-1.1040886791903224,Financed Value Seekers
C1564,Individual,Jason,Wood,1964-11-06,M,USA,Washington,Investment,5,No,Website,60.2,Domestic,USA,3,1595925.43,531975.1433333333,634070.07,1635.6233333333332,1897.17,3,0.0,2024-01-10,2025-01-12,368,0,True,2,3.0425991764303983,-2.275838175031792,Premium Buyers
C1565,Individual,Kenneth,Bennett,1980-08-08,M,Mexico,Jalisco,Personal Use,4,No,Agency,44.4,International,Other,4,1140899.22,285224.805,422684.36,994.0725,1410.88,4,0.25,2024-01-02,2025-01-01,365,11,False,1,-0.8186948826926667,1.3244130238436278,Financed Value Seekers
C1566,Individual,Anthony,Wilson,1995-01-01,M,USA,California,Personal Use,3,No,Website,30.0,Domestic,USA,4,1450240.65,362560.1625,530764.64,1175.235,1610.37,4,0.0,2024-01-12,2025-01-08,362,4,False,2,0.9749144348806651,0.5614013158864173,Premium Buyers
C1567,Individual,Frank,Wilson,1977-10-11,M,USA,Georgia,Personal Use,4,No,Client,47.3,Domestic,USA,4,1594452.6199999999,398613.15499999997,537350.96,1276.9875,1596.51,4,0.25,2024-01-01,2025-01-05,370,7,False,2,1.7132498504758455,0.3145096568055355,Premium Buyers
C1568,Individual,Betty,Owens,1990-03-06,F,USA,California,Personal Use,5,No,Website,34.9,Domestic,USA,3,1373808.0899999999,457936.02999999997,570859.46,1357.1933333333334,1630.82,3,0.3333333333333333,2024-01-12,2025-01-06,360,6,False,2,1.4124393184054127,-1.6009883205010897,Premium Buyers
C1569,Individual,Pamela,Turner,1993-11-05,F,USA,California,Investment,1,Yes,Website,31.2,Domestic,USA,3,1175242.5499999998,391747.5166666666,624932.71,1258.29,1948.32,3,0.0,2024-01-02,2025-01-09,373,3,True,2,0.6345120706527824,-1.3576668659108857,Premium Buyers
C1570,Individual,Amanda,Williams,1963-12-27,F,USA,Ohio,Personal Use,5,No,Website,61.0,Domestic,USA,4,1469638.4,367409.6,493931.35,1333.5625,1821.59,4,0.0,2024-01-01,2024-01-03,2,375,False,0,0.7529144423327527,-1.0251440351911245,Core Growth Buyers
C1571,Individual,Ethan,Morales,1978-06-03,M,USA,California,Personal Use,2,No,Website,46.6,Domestic,USA,4,1243439.96,310859.99,396729.97,1092.085,1383.05,4,0.0,2024-01-12,2025-01-11,365,1,False,1,-0.4435561213241629,1.193939400674399,Financed Value Seekers
C1572,Individual,Donald,Baker,1960-06-10,M,Australia,Queensland,Personal Use,3,No,Agency,64.6,International,Other,4,886149.52,221537.38,284177.91,748.33,911.94,4,0.0,2024-01-01,2025-01-05,370,7,False,1,-2.743680554194649,2.3410902855983218,Financed Value Seekers
C1573,Individual,Amanda,Richardson,1946-05-07,F,USA,California,Personal Use,1,No,Website,78.7,Domestic,USA,4,1175839.94,293959.985,410772.92,1059.9375,1528.05,4,0.5,2025-01-01,2025-01-05,4,7,False,1,-0.7902952012081399,0.49418708020117835,Financed Value Seekers
C1574,Individual,Gary,Morris,1984-08-14,M,USA,California,Personal Use,4,No,Website,40.4,Domestic,USA,3,1195224.9,398408.3,488398.75,1255.6333333333334,1476.63,3,0.0,2024-01-02,2025-01-03,367,9,False,2,0.13036546330217078,-0.9798649926252527,Premium Buyers
C1575,Individual,Paul,Freeman,2000-12-19,M,USA,California,Personal Use,2,No,Website,24.1,Domestic,USA,4,1395067.1600000001,348766.79000000004,494892.28,1158.7275,1577.36,4,0.0,2024-01-05,2025-01-10,371,2,False,2,0.5800903002330853,0.6713596931165046,Premium Buyers
C1576,Individual,Heather,Cook,1977-09-28,F,USA,Nevada,Investment,3,Yes,Website,47.3,Domestic,USA,4,1359536.24,339884.06,516417.01,1098.1675,1582.79,4,0.25,2024-01-02,2025-01-07,371,5,True,2,0.5383039225048396,0.837992872516302,Premium Buyers
C1577,Individual,Ethan,Edwards,1983-02-15,M,Germany,Bavaria,Personal Use,3,No,Website,41.9,International,Germany,3,1427933.58,475977.86000000004,574268.12,1471.8999999999999,1620.07,3,0.3333333333333333,2024-01-07,2025-01-11,370,1,False,2,1.7919051763290126,-1.915576872082434,Premium Buyers
C1578,Individual,Mark,Turner,1996-03-12,M,USA,California,Investment,2,No,Website,28.8,Domestic,USA,3,765431.01,255143.67,334041.57,934.8733333333333,1360.96,3,0.0,2024-01-09,2025-01-12,369,0,True,1,-2.829777853951452,0.3208917846244594,Financed Value Seekers
C1579,Individual,Robert,Bell,1945-10-03,M,USA,Arizona,Investment,4,No,Website,79.3,Domestic,USA,4,1101753.5899999999,275438.39749999996,300464.18,952.0525,1117.14,4,0.25,2024-01-10,2025-01-10,366,2,True,1,-1.4857922751695942,1.906558891064067,Financed Value Seekers
C1580,Individual,Jordan,Martin,1997-12-05,M,USA,Georgia,Investment,1,Yes,Website,27.1,Domestic,USA,4,1008834.66,252208.665,458458.71,872.2,1555.67,4,0.25,2024-01-01,2025-01-12,377,0,True,1,-1.3151595645075949,1.4974917259530076,Financed Value Seekers
C1581,Individual,James,Reyes,1950-11-08,M,USA,California,Investment,1,No,Website,74.2,Domestic,USA,3,1123364.22,374454.74,518409.3,1023.9266666666666,1294.85,3,0.6666666666666666,2025-01-01,2025-01-04,3,8,True,0,-0.5979463441687121,-1.437845679702517,Core Growth Buyers
C1582,Individual,Harold,Baker,1955-08-20,M,France,Ile-de-France,Personal Use,4,Yes,Client,69.4,International,France,3,1030269.01,343423.00333333336,446919.96,1050.08,1397.58,3,0.3333333333333333,2024-01-04,2024-01-10,6,368,False,0,-1.5063296968961186,-1.9013358925598716,Core Growth Buyers
C1583,Individual,Peter,Scott,1968-01-03,M,USA,California,Personal Use,2,No,Agency,57.0,Domestic,USA,4,1378030.61,344507.6525,456061.7,1170.135,1501.64,4,0.25,2024-01-03,2025-01-05,368,7,False,2,0.42991041628734983,0.7956532046715151,Premium Buyers
C1584,Corporate,Nexus,Co,1985-08-12,M,France,Brittany,Investment,1,Yes,Website,39.4,International,France,3,1199226.44,399742.14666666667,491267.17,1361.7433333333333,1721.96,3,0.0,2025-01-05,2025-01-08,3,4,True,2,0.006857097054909118,-2.0864609936482426,Premium Buyers
C1585,Individual,Kevin,Watson,1960-10-10,M,Canada,Ontario,Personal Use,5,No,Website,64.3,International,Canada,4,1480011.91,370002.9775,478106.01,1276.8225,1625.38,4,0.0,2024-01-06,2025-01-02,362,10,False,2,1.0710929582363387,0.6394158505731011,Premium Buyers
C1586,Individual,Carolyn,Roberts,1967-01-21,F,Germany,Berlin,Personal Use,3,No,Website,58.0,International,Germany,3,1116579.83,372193.2766666667,419816.08,1224.68,1397.58,3,0.0,2024-01-01,2025-01-04,369,8,False,1,-0.5591552485786273,-0.6825820117924881,Financed Value Seekers
C1587,Individual,Carl,Cooper,1943-12-02,M,Canada,Quebec,Investment,4,Yes,Agency,81.1,International,Canada,3,743057.13,247685.71,358380.74,850.2466666666668,1389.63,3,0.0,2024-01-09,2024-01-10,1,368,True,0,-3.3912912214236024,-0.933150217900674,Core Growth Buyers
C1588,Individual,Patricia,Thomas,1980-10-25,F,USA,Utah,Investment,5,No,Website,44.2,Domestic,USA,3,957201.31,319067.10333333333,503642.95,1104.51,1787.13,3,0.0,2024-01-01,2025-01-02,367,10,True,1,-0.9275571823105758,-0.4007523848836819,Financed Value Seekers
C1589,Individual,Christina,Ward,1953-08-12,F,USA,California,Investment,4,No,Agency,71.4,Domestic,USA,3,1380536.7000000002,460178.9000000001,593745.43,1396.87,1806.06,3,0.3333333333333333,2024-01-04,2024-01-06,2,372,True,0,1.1318029864748846,-3.2008143752518676,Core Growth Buyers
C1590,Corporate,Elara,Co,1979-06-19,F,USA,Oregon,Personal Use,1,No,Website,45.6,Domestic,USA,4,1470403.6,367600.9,497116.96,1228.8325,1746.48,4,0.25,2024-01-07,2025-01-07,366,5,False,2,1.0027686481430944,0.47480897719628296,Premium Buyers
C1591,Individual,Christine,Brooks,1971-08-15,F,USA,California,Investment,4,No,Website,53.4,Domestic,USA,4,1676312.98,419078.245,523585.37,1341.715,1596.51,4,0.0,2024-01-05,2025-01-10,371,2,True,2,2.0098056645629154,0.26516925281239084,Premium Buyers
C1592,Individual,Heather,Allen,1975-06-01,F,USA,Texas,Investment,2,Yes,Agency,49.6,Domestic,USA,4,878452.1900000001,219613.04750000002,273978.28,735.11,913.15,4,0.25,2024-01-04,2025-01-08,370,4,True,1,-2.828784878342677,2.291144689639987,Financed Value Seekers
C1593,Individual,Anthony,Williams,1975-08-05,M,USA,California,Personal Use,1,No,Website,49.4,Domestic,USA,4,825960.49,206490.1225,280450.33,666.135,887.23,4,0.0,2024-01-04,2024-01-09,5,369,False,0,-3.614048584757758,0.884161799182748,Core Growth Buyers
C1594,Individual,Kathleen,Green,1969-10-24,F,USA,Colorado,Personal Use,2,No,Agency,55.2,Domestic,USA,4,1522994.53,380748.6325,524785.88,1259.875,1629.83,4,0.25,2024-01-07,2025-01-05,364,7,False,2,1.3683794483417762,0.36724093232166793,Premium Buyers
C1595,Individual,Charles,Reed,1955-08-20,M,USA,California,Personal Use,5,No,Website,69.4,Domestic,USA,4,1310147.8599999999,327536.96499999997,583134.02,1186.5225,1894.96,4,0.0,2024-01-07,2025-01-07,366,5,False,2,0.9307504349823107,0.8036337305693593,Premium Buyers
C1596,Individual,Frank,Hall,1979-11-10,M,Germany,Berlin,Investment,4,No,Website,45.2,International,Germany,3,1642954.44,547651.48,634487.77,1649.26,1803.36,3,0.0,2024-01-04,2025-01-05,367,7,True,2,3.152001179732561,-2.514180493580967,Premium Buyers
C1597,Individual,Rachel,Cox,1949-12-28,F,USA,Nevada,Investment,4,Yes,Website,75.0,Domestic,USA,4,1155778.2,288944.55,356644.67,947.7475,1232.2,4,0.0,2024-01-04,2025-01-07,369,5,True,1,-1.103303394550003,1.7783645015512601,Financed Value Seekers
C1598,Individual,Angela,Adams,1940-06-23,F,USA,Georgia,Personal Use,4,Yes,Agency,84.6,Domestic,USA,3,1163931.67,387977.2233333333,523992.65,1310.3966666666665,1829.02,3,0.0,2024-01-07,2025-01-09,368,3,False,2,0.3546899417555146,-0.9276604404920117,Premium Buyers
C1599,Individual,Stephanie,Thompson,1980-11-19,F,USA,Virginia,Investment,5,Yes,Website,44.1,Domestic,USA,3,1321031.17,440343.7233333333,584321.85,1337.1733333333334,1738.5,3,0.0,2024-01-10,2025-01-11,367,1,True,2,1.2146368275036976,-1.4020538901892095,Premium Buyers
C1600,Individual,Jennifer,Rogers,1968-02-13,F,Belgium,Wallonia,Personal Use,5,No,Website,56.9,International,Belgium,4,1237164.36,309291.09,430028.88,984.6475,1268.45,4,0.0,2024-01-06,2025-01-02,362,10,False,1,-0.4734961424281149,1.4039794626240316,Financed Value Seekers
C1601,Individual,Tiffany,Parker,1996-08-13,F,Russia,Krasnodar Krai,Personal Use,3,No,Website,28.4,International,Other,3,829078.01,276359.33666666667,324581.41,913.6700000000001,1131.0,3,0.0,2024-01-04,2025-01-12,374,0,False,1,-2.688770990928458,0.2956561175098555,Financed Value Seekers
C1602,Individual,Harold,Turner,1986-11-01,M,USA,Nevada,Investment,4,No,Website,38.2,Domestic,USA,4,1676863.99,419215.9975,534260.23,1425.28,1795.66,4,0.0,2024-01-10,2025-01-12,368,0,True,2,2.194856199620623,0.04135329743023236,Premium Buyers
C1603,Individual,Hannah,Rogers,1962-09-07,F,UK,England,Personal Use,5,No,Website,62.3,International,UK,4,1077719.71,269429.9275,371548.46,976.2049999999999,1468.68,4,0.5,2024-01-06,2025-01-08,368,4,False,1,-1.1674846098810827,1.6305263026670402,Financed Value Seekers
C1604,Individual,Ronald,Kim,1949-09-10,M,USA,Texas,Personal Use,4,No,Website,75.3,Domestic,USA,3,1050264.24,350088.08,539529.66,1243.8233333333333,1803.36,3,0.3333333333333333,2024-01-03,2025-01-06,369,6,False,2,-0.055266859727327027,-0.7799536721937477,Premium Buyers
C1605,Individual,Joshua,Collins,1999-01-21,M,UK,England,Investment,4,Yes,Website,26.0,International,UK,4,1170783.34,292695.835,573983.92,874.9925000000001,1550.33,4,0.5,2024-01-05,2025-01-08,369,4,True,1,-0.20902619340713444,1.1195081681181778,Financed Value Seekers
C1606,Individual,Zachary,Howard,1965-03-20,M,USA,Washington,Personal Use,1,Yes,Agency,59.8,Domestic,USA,3,917562.71,305854.23666666663,396586.67,1033.4833333333333,1300.91,3,0.3333333333333333,2025-01-02,2025-01-12,10,0,False,1,-1.9714884706774343,-0.9324247342216843,Financed Value Seekers
C1607,Individual,Emma,Hall,1963-03-11,F,USA,California,Personal Use,3,No,Agency,61.8,Domestic,USA,3,829294.5700000001,276431.5233333334,345524.63,927.6066666666666,1138.32,3,0.0,2024-01-05,2025-01-07,368,5,False,1,-2.4947531849348663,0.361844449332011,Financed Value Seekers
C1608,Individual,Heather,Pierce,1999-11-14,F,UK,England,Personal Use,4,Yes,Website,25.2,International,UK,3,1431381.65,477127.2166666666,609069.59,1447.82,1802.24,3,0.3333333333333333,2025-01-09,2025-01-11,2,1,False,2,1.664850238434423,-2.771120947537706,Premium Buyers
C1609,Individual,Justin,Reed,1964-10-02,M,USA,California,Investment,2,No,Website,60.3,Domestic,USA,3,804844.43,268281.4766666667,327614.46,900.46,1075.42,3,0.0,2024-01-09,2025-01-01,358,11,True,1,-2.7433986776567907,0.42166970733944814,Financed Value Seekers
C1610,Individual,Kenneth,White,1967-03-23,M,USA,California,Investment,3,No,Website,57.8,Domestic,USA,4,1249167.74,312291.935,464148.93,1114.2125,1629.83,4,0.25,2024-01-03,2025-01-11,374,1,True,1,0.006213538989421098,1.0750479637841979,Financed Value Seekers
C1611,Individual,Sarah,Bryant,1975-09-02,F,USA,Nevada,Investment,4,No,Website,49.4,Domestic,USA,4,1072189.52,268047.38,300261.31,842.75,917.53,4,0.0,2024-01-03,2025-01-02,365,10,True,1,-1.8822866416602868,2.0135851430661096,Financed Value Seekers
C1612,Individual,Jason,Price,1990-02-25,M,USA,California,Personal Use,1,No,Agency,34.9,Domestic,USA,3,766554.56,255518.18666666668,389142.71,839.1433333333334,1241.14,3,0.0,2024-01-03,2024-01-09,6,369,False,0,-3.2719629896197095,-1.2618061911079095,Core Growth Buyers
C1613,Individual,Ryan,Griffin,1998-01-08,M,Denmark,Southern Denmark,Personal Use,2,Yes,Agency,27.0,International,Other,4,1608368.22,402092.055,536339.3,1400.6975,1795.66,4,0.25,2024-01-03,2025-01-02,365,10,False,2,1.8658747814298335,-0.12535869125390112,Premium Buyers
C1614,Individual,Julie,Williams,1968-05-16,F,USA,Utah,Investment,4,No,Website,56.7,Domestic,USA,3,822155.05,274051.68333333335,375800.81,1059.3466666666666,1525.34,3,0.0,2025-01-03,2025-01-10,7,2,True,1,-2.3477987384913566,-0.6323362037756751,Financed Value Seekers
C1615,Individual,Jason,Mitchell,1963-08-01,M,USA,Utah,Personal Use,5,No,Agency,61.5,Domestic,USA,3,857125.52,285708.50666666665,475179.93,903.87,1487.17,3,0.0,2024-01-01,2025-01-09,374,3,False,1,-1.7770860584401287,0.19247355236824382,Financed Value Seekers
C1616,Individual,Aaron,Nelson,1991-09-01,M,UK,Wales,Investment,5,Yes,Website,33.4,International,UK,4,1344053.71,336013.4275,542250.95,1128.1275,1817.64,4,0.0,2024-01-01,2025-01-12,377,0,True,2,0.629281009048049,0.803370170244837,Premium Buyers
C1617,Individual,Michelle,Baker,1952-10-09,F,USA,California,Personal Use,3,No,Website,72.3,Domestic,USA,3,776005.5,258668.5,389944.98,839.1433333333334,1241.14,3,0.0,2024-01-02,2025-01-03,367,9,False,1,-2.605106964295399,0.5426716129516276,Financed Value Seekers
C1618,Individual,Linda,Price,1962-11-22,F,USA,Washington,Personal Use,2,Yes,Website,62.1,Domestic,USA,4,1356655.6800000002,339163.92000000004,567758.66,1103.3025,1867.78,4,0.25,2024-01-02,2025-01-10,374,2,False,2,0.8085607808635411,0.7644207033712784,Premium Buyers
C1619,Individual,Jason,Baker,1952-10-24,M,Belgium,Wallonia,Personal Use,2,No,Website,72.2,International,Belgium,4,1390206.46,347551.615,466648.29,1164.0149999999999,1844.16,4,0.5,2024-01-04,2025-01-11,373,1,False,2,0.5658114428798653,0.8071200393381855,Premium Buyers
C1620,Individual,Jacob,Morales,1944-05-07,M,USA,California,Personal Use,1,Yes,Website,80.7,Domestic,USA,3,788250.3500000001,262750.1166666667,306030.71,979.0866666666667,1318.01,3,0.3333333333333333,2024-01-03,2024-01-12,9,366,False,0,-3.16645017189829,-1.18785306208132,Core Growth Buyers
C1621,Individual,Carl,Wood,1954-06-15,M,USA,Oregon,Investment,2,No,Agency,70.6,Domestic,USA,3,739739.97,246579.99,330239.65,973.09,1495.13,3,0.0,2024-01-07,2025-01-08,367,4,True,1,-2.8179904790003065,0.43638133166308607,Financed Value Seekers
C1622,Individual,Angela,Taylor,1961-02-01,F,USA,Oregon,Personal Use,1,Yes,Website,63.9,Domestic,USA,3,1054193.3599999999,351397.7866666666,466599.16,1107.81,1575.06,3,0.0,2024-01-10,2025-01-03,359,9,False,1,-0.7862909524922668,-0.5428952509353558,Financed Value Seekers
C1623,Individual,Julia,Hall,1994-01-12,F,USA,Oregon,Personal Use,4,No,Website,31.0,Domestic,USA,3,1060233.46,353411.1533333333,508317.94,1111.2966666666666,1667.01,3,0.0,2024-01-08,2024-01-10,2,368,False,0,-1.0537245818284169,-2.218869781584628,Core Growth Buyers
C1624,Individual,Jennifer,Stewart,1951-01-04,F,USA,California,Personal Use,4,Yes,Website,74.0,Domestic,USA,4,1943363.94,485840.985,663848.64,1602.67,1875.83,4,0.0,2024-01-03,2025-01-11,374,1,False,2,4.051108216805776,-0.5881951172979223,Premium Buyers
C1625,Individual,Harold,Wright,2000-02-03,M,Australia,Western Australia,Personal Use,4,No,Agency,24.9,International,Other,3,910587.85,303529.2833333333,437096.17,1094.84,1428.55,3,0.0,2024-01-09,2025-01-08,365,4,False,1,-1.5297471168136272,-0.36350551260362657,Financed Value Seekers
C1626,Individual,Jennifer,Morales,1970-02-24,F,France,Provence,Personal Use,2,Yes,Website,54.9,International,France,3,1225657.22,408552.4066666667,506351.81,1464.8466666666666,1902.88,3,0.0,2024-01-08,2024-01-11,3,367,False,0,0.1813561069887697,-3.017332359069698,Core Growth Buyers
C1627,Individual,David,Bryant,1973-08-14,M,USA,California,Investment,1,No,Website,51.4,Domestic,USA,3,1275226.77,425075.59,487397.65,1527.8633333333335,1741.96,3,0.0,2024-01-05,2025-01-11,372,1,True,2,0.8925164116614128,-1.5628191237090523,Premium Buyers
C1628,Corporate,Lumina,Co,1993-10-13,F,France,Normandy,Personal Use,4,Yes,Website,31.2,International,France,3,800299.08,266766.36,369992.93,842.73,1179.42,3,0.3333333333333333,2024-01-04,2025-01-04,366,8,False,1,-2.650193504598898,0.31206212566175223,Financed Value Seekers
C1629,Individual,Stephanie,Roberts,1956-08-26,F,USA,Utah,Personal Use,5,No,Agency,68.4,Domestic,USA,3,789150.05,263050.01666666666,370439.82,1008.13,1606.58,3,0.3333333333333333,2024-01-09,2025-01-11,368,1,False,1,-2.264774185086387,0.28124256255811125,Financed Value Seekers
C1630,Corporate,Grandis,Co,1994-05-06,F,USA,Virginia,Investment,1,Yes,Website,30.7,Domestic,USA,3,1206881.92,402293.9733333333,466289.68,1338.1466666666668,1692.5,3,0.3333333333333333,2024-01-01,2024-01-08,7,370,True,0,-0.3194946757268899,-2.864767083510385,Core Growth Buyers
C1631,Individual,Joan,Patterson,1966-03-12,F,UK,Northern Ireland,Personal Use,5,No,Website,58.8,International,UK,4,1683720.2,420930.05,605216.52,1267.07,1733.36,4,0.25,2024-01-01,2025-01-02,367,10,False,2,2.317147604351671,0.16880232040485316,Premium Buyers
C1632,Individual,Victoria,Wright,1963-07-12,F,USA,California,Investment,3,Yes,Agency,61.5,Domestic,USA,4,1425130.6800000002,356282.67000000004,587752.9,1152.755,1869.93,4,0.0,2024-01-01,2025-01-11,376,1,True,2,1.1591569358917222,0.6479467668352953,Premium Buyers
C1633,Individual,Sara,Bennett,1977-07-03,F,Canada,Ontario,Personal Use,2,No,Website,47.5,International,Canada,3,847190.3300000001,282396.7766666667,430268.83,976.8166666666666,1369.96,3,0.3333333333333333,2024-01-07,2025-01-05,364,7,False,1,-1.9487150356675156,-0.09913016082565301,Financed Value Seekers
C1634,Individual,Sara,King,1944-01-11,F,USA,Georgia,Investment,2,No,Website,81.0,Domestic,USA,4,1044217.01,261054.2525,444069.92,872.2,1555.67,4,0.0,2024-01-01,2025-01-10,375,2,True,1,-1.1944959062400402,1.7958045014374395,Financed Value Seekers
C1635,Individual,Lawrence,Moore,1948-04-27,M,France,Brittany,Personal Use,1,No,Website,76.7,International,France,4,1104480.44,276120.11,557253.35,919.7425000000001,1806.7,4,0.0,2024-01-02,2025-01-08,372,4,False,1,-0.42913583339559813,1.3340000442210787,Financed Value Seekers
C1636,Corporate,Zynex,Co,1987-01-10,F,USA,Arizona,Personal Use,5,Yes,Website,38.0,Domestic,USA,3,1171439.72,390479.9066666667,480665.23,1308.5133333333333,1616.99,3,0.3333333333333333,2024-01-01,2024-01-08,7,370,False,0,-0.3297320389306516,-2.622452542093665,Core Growth Buyers
C1637,Individual,Jacob,Cook,1969-02-11,M,Mexico,Nuevo Leon,Personal Use,5,No,Agency,55.9,International,Other,3,1333020.46,444340.1533333333,558806.02,1525.18,1911.06,3,0.0,2024-01-04,2025-01-02,364,10,False,2,1.4641340581605302,-1.7140881515420832,Premium Buyers
C1638,Individual,Cynthia,Peterson,1978-12-14,F,France,Occitanie,Investment,1,Yes,Agency,46.1,International,France,3,1047895.71,349298.57,487075.17,1175.6833333333334,1724.08,3,0.6666666666666666,2024-01-08,2025-01-06,364,6,True,1,-0.5843694212946113,-0.9235879709662445,Financed Value Seekers
C1639,Individual,Ronald,Smith,1943-09-26,M,USA,Colorado,Personal Use,1,No,Website,81.3,Domestic,USA,4,1088561.44,272140.36,434288.76,975.4225,1582.79,4,0.0,2024-01-01,2025-01-01,366,11,False,1,-0.9258116076334562,1.5316329064038263,Financed Value Seekers
C1640,Individual,Helen,Adams,1966-11-04,F,USA,California,Personal Use,1,Yes,Website,58.2,Domestic,USA,4,1172146.65,293036.6625,383671.53,1047.99,1528.05,4,0.0,2024-01-02,2024-01-08,6,370,False,0,-1.3119104216190338,-0.21748791953930546,Core Growth Buyers
C1641,Individual,Charles,Phillips,1972-02-14,M,USA,Utah,Personal Use,1,No,Agency,52.9,Domestic,USA,4,1898878.08,474719.52,649429.33,1504.0974999999999,1941.62,4,0.5,2024-01-02,2025-01-11,375,1,False,2,3.606046890069693,-0.6682753181504615,Premium Buyers
C1642,Individual,Maria,Adams,1981-07-20,F,Canada,British Columbia,Personal Use,5,No,Website,43.5,International,Canada,4,1441785.62,360446.405,590849.87,1167.1599999999999,1610.37,4,0.5,2024-01-05,2025-01-07,368,5,False,2,1.3201924999524106,0.47035687441720886,Premium Buyers
C1643,Individual,Carl,Rogers,1978-01-09,M,France,Ile-de-France,Personal Use,4,No,Agency,47.0,International,France,3,1182889.92,394296.63999999996,522875.6,1468.6933333333334,1692.61,3,0.0,2024-01-11,2025-01-11,366,1,False,2,0.621325114441917,-1.398222255988423,Premium Buyers
C1644,Individual,Megan,Freeman,1944-06-22,F,USA,California,Personal Use,1,No,Client,80.6,Domestic,USA,4,1312822.17,328205.5425,406698.29,1024.3375,1260.31,4,0.0,2024-01-02,2024-01-09,7,369,False,0,-0.7932633261892852,-0.26322312372916046,Core Growth Buyers
C1645,Individual,Shirley,Chavez,1995-02-08,F,Australia,New South Wales,Investment,1,No,Website,29.9,International,Other,4,1503973.21,375993.3025,503034.95,1238.115,1659.02,4,0.25,2024-01-03,2025-01-08,371,4,True,2,1.0793742442283942,0.3277749517221517,Premium Buyers
C1646,Individual,Billy,Patterson,1998-06-10,M,USA,Washington,Investment,4,Yes,Agency,26.6,Domestic,USA,3,972186.46,324062.1533333333,356950.7,1052.4533333333334,1160.48,3,0.0,2024-01-05,2024-01-08,3,370,True,0,-2.250446972454571,-1.7470802742851128,Core Growth Buyers
C1647,Individual,Paul,Stone,1945-11-25,M,USA,Ohio,Personal Use,4,Yes,Agency,79.1,Domestic,USA,3,1316368.95,438789.64999999997,474177.38,1471.8999999999999,1620.07,3,0.0,2024-01-08,2025-01-05,363,7,False,2,0.9576010142128699,-1.332500690817996,Premium Buyers
C1648,Individual,Julia,Wood,1949-09-21,F,Australia,New South Wales,Personal Use,3,No,Website,75.3,International,Other,3,1282946.7,427648.89999999997,515026.76,1476.9433333333334,1691.02,3,0.3333333333333333,2024-01-07,2025-01-04,363,8,False,2,1.0481922091896725,-1.5100728110051378,Premium Buyers
C1649,Individual,Melissa,Price,1982-03-02,F,USA,Oregon,Personal Use,4,Yes,Agency,42.9,Domestic,USA,4,1540887.81,385221.9525,440680.26,1254.045,1629.74,4,0.25,2024-01-02,2025-01-07,371,5,False,2,1.0331758899966823,0.5708575742321824,Premium Buyers
C1650,Individual,Edward,Griffin,1969-04-01,M,USA,Washington,Investment,2,No,Website,55.8,Domestic,USA,3,1065238.5,355079.5,573660.29,1057.95,1617.43,3,0.3333333333333333,2024-01-04,2025-01-01,363,11,True,2,-0.29129710472065123,-0.7416739917112533,Premium Buyers
C1651,Individual,Ryan,Bell,1945-11-19,M,USA,California,Investment,4,No,Website,79.1,Domestic,USA,3,962066.4199999999,320688.80666666664,453763.04,880.66,1169.15,3,0.0,2024-01-08,2025-01-12,370,0,True,1,-1.526008964112766,0.1959674170218155,Financed Value Seekers
C1652,Individual,Paul,Weaver,1964-01-15,M,USA,Nevada,Investment,4,Yes,Client,61.0,Domestic,USA,3,1078933.8,359644.60000000003,468522.56,1168.3833333333334,1588.14,3,0.3333333333333333,2024-01-01,2025-01-12,377,0,True,1,-0.485511346148372,-0.594996724166494,Financed Value Seekers
C1653,Individual,Sara,White,1974-08-02,F,USA,Colorado,Investment,4,Yes,Website,50.4,Domestic,USA,4,957106.48,239276.62,394592.34,860.9325,1448.68,4,0.0,2024-01-09,2025-01-08,365,4,True,1,-1.743994174228905,1.9090508380113347,Financed Value Seekers
C1654,Individual,Judith,Brooks,1968-04-05,F,USA,California,Personal Use,1,No,Website,56.8,Domestic,USA,4,1250065.3800000001,312516.34500000003,579412.56,951.6375,1625.38,4,0.25,2024-01-11,2025-01-11,366,1,False,1,0.21276017377449416,1.0106017215594334,Financed Value Seekers
C1655,Individual,Sara,Cox,1965-05-16,F,USA,Texas,Investment,2,No,Website,59.7,Domestic,USA,3,974749.8,324916.60000000003,398928.35,1088.5866666666668,1322.66,3,0.3333333333333333,2024-01-05,2025-01-01,362,11,True,1,-1.3846502558595426,-0.30678683035135434,Financed Value Seekers
C1656,Individual,Jacob,Baker,1991-05-05,M,Belgium,Wallonia,Investment,4,Yes,Website,33.7,International,Belgium,4,1401657.84,350414.46,531573.93,1182.3725,1596.51,4,0.25,2024-01-09,2025-01-10,367,2,True,2,0.8631146038079733,0.5800401517947599,Premium Buyers
C1657,Individual,Donald,Kim,1958-05-19,M,USA,California,Personal Use,2,No,Website,66.7,Domestic,USA,4,1316624.69,329156.1725,487604.6,1023.9675,1445.84,4,0.25,2024-01-04,2025-01-05,367,7,False,1,0.15150563844307846,1.0864791280974309,Financed Value Seekers
C1658,Individual,Ronald,Patterson,1970-08-07,M,USA,California,Personal Use,5,No,Agency,54.4,Domestic,USA,4,1243178.6,310794.65,488058.16,984.12,1630.81,4,0.0,2024-01-03,2024-01-10,7,368,False,0,-0.6670061574145986,-0.2686560570384527,Core Growth Buyers
C1659,Individual,Joshua,Thompson,1946-09-05,M,Denmark,Zealand,Personal Use,4,No,Website,78.4,International,Other,4,1576416.87,394104.2175,536988.38,1307.3,1811.36,4,0.0,2024-01-01,2025-01-07,372,5,False,2,1.722003592341689,0.4391630852338001,Premium Buyers
C1660,Individual,Henry,Richardson,1940-04-27,M,USA,Nevada,Personal Use,4,Yes,Website,84.7,Domestic,USA,4,1330046.48,332511.62,529448.55,1068.57,1603.33,4,0.0,2024-01-06,2025-01-06,366,6,False,2,0.5152587278735901,1.1094817530264676,Premium Buyers
C1661,Individual,Ronald,Cox,1975-08-20,M,USA,Washington,Personal Use,4,No,Agency,49.4,Domestic,USA,3,1511063.27,503687.75666666665,626977.89,1599.3433333333332,1925.28,3,0.3333333333333333,2024-01-06,2025-01-07,367,5,False,2,2.626871669045143,-2.2726515778842797,Premium Buyers
C1662,Individual,Gary,Montgomery,1967-05-16,M,Russia,Tatarstan,Personal Use,4,No,Website,57.7,International,Other,4,1505862.74,376465.685,536177.39,1320.35,1848.51,4,0.25,2024-01-07,2025-01-07,366,5,False,2,1.5199169093607074,0.33655415539301864,Premium Buyers
C1663,Individual,Joshua,Garcia,1977-05-13,M,USA,Colorado,Investment,3,No,Agency,47.7,Domestic,USA,3,926064.21,308688.07,399712.39,1042.71,1294.85,3,0.3333333333333333,2024-01-07,2024-01-10,3,368,True,0,-2.1639457175218095,-1.7610361470933853,Core Growth Buyers
C1664,Individual,Judith,Hayes,1969-07-25,F,France,Occitanie,Investment,5,No,Agency,55.5,International,France,3,1390001.73,463333.91,559963.06,1445.2933333333333,1702.66,3,0.3333333333333333,2024-01-10,2025-01-06,362,6,True,2,1.557868408185747,-1.7121401669583978,Premium Buyers
C1665,Individual,Harold,Bell,1995-12-16,M,USA,Arizona,Personal Use,5,No,Website,29.1,Domestic,USA,4,966971.19,241742.7975,324550.9,827.2,1093.92,4,0.0,2024-01-06,2025-01-10,370,2,False,1,-2.1135772551638166,2.0615174537450742,Financed Value Seekers
C1666,Individual,Brenda,Edwards,1962-09-08,F,USA,Ohio,Personal Use,2,No,Website,62.3,Domestic,USA,3,706503.5900000001,235501.19666666668,272425.15,736.0433333333334,810.65,3,0.0,2024-01-02,2025-01-07,371,5,False,1,-3.6459145790053404,0.9781866523608084,Financed Value Seekers
C1667,Individual,Stephanie,Cook,1967-11-14,F,USA,California,Investment,4,No,Agency,57.2,Domestic,USA,3,831811.52,277270.50666666665,312521.87,862.11,961.01,3,0.0,2024-01-06,2025-01-06,366,6,True,1,-2.7727031919507703,0.545203876801027,Financed Value Seekers
C1668,Individual,Scott,Green,1957-11-12,M,Australia,Victoria,Personal Use,5,No,Website,67.2,International,Other,4,1046863.21,261715.8025,439078.0,872.2,1555.67,4,0.0,2024-01-12,2025-01-05,359,7,False,1,-1.2141553848239472,1.769902915958606,Financed Value Seekers
C1669,Individual,Steven,Collins,1960-04-07,M,Canada,Alberta,Investment,3,Yes,Agency,64.8,International,Canada,4,948271.3400000001,237067.83500000002,330897.08,837.5225,1093.92,4,0.5,2024-01-02,2025-01-02,366,10,True,1,-2.1079989435832505,1.9408349670661607,Financed Value Seekers
C1670,Individual,Angela,Watson,1970-12-09,F,USA,Colorado,Personal Use,3,Yes,Website,54.1,Domestic,USA,4,1356021.03,339005.2575,441253.62,1076.59,1408.42,4,0.25,2024-01-04,2025-01-10,372,2,False,1,0.15516517840954916,1.063559256812184,Financed Value Seekers
C1671,Individual,Ashley,Howard,1948-09-13,F,USA,California,Personal Use,3,No,Agency,76.3,Domestic,USA,4,1329236.75,332309.1875,442394.76,1120.62,1355.85,4,0.25,2024-01-02,2025-01-11,375,1,False,1,0.18383672942169788,1.0921877080933737,Financed Value Seekers
C1672,Individual,Jacqueline,Morales,1974-04-09,F,USA,Nevada,Investment,4,No,Website,50.8,Domestic,USA,3,728363.1699999999,242787.7233333333,361228.37,889.9166666666666,1328.09,3,0.0,2024-01-02,2025-01-04,368,8,True,1,-2.8461059515345353,0.5334118044370008,Financed Value Seekers
C1673,Individual,Katherine,Martin,1992-03-04,F,USA,Washington,Personal Use,1,Yes,Website,32.9,Domestic,USA,4,1803634.76,450908.69,726903.51,1422.9925,1874.7,4,0.25,2024-01-01,2025-01-05,370,7,False,2,3.4725503300499048,-0.6485374116033618,Premium Buyers
C1674,Individual,Emily,Jackson,1941-12-22,F,USA,California,Personal Use,5,Yes,Website,83.1,Domestic,USA,4,1614623.53,403655.8825,551658.47,1268.7075,1586.15,4,0.25,2024-01-04,2025-01-11,373,1,False,2,1.9369124038789391,0.4988319647202459,Premium Buyers
C1675,Individual,Emma,Reyes,1985-04-08,F,Canada,Alberta,Investment,5,No,Website,39.8,International,Canada,3,918037.6799999999,306012.56,362023.29,1012.96,1163.06,3,0.0,2024-01-01,2024-01-12,11,366,True,0,-2.456957655355271,-1.5175882994828092,Core Growth Buyers
C1676,Individual,Amy,Allen,1999-09-19,F,USA,Washington,Personal Use,2,No,Website,25.3,Domestic,USA,4,1251637.0,312909.25,474039.53,1019.1225,1623.8,4,0.0,2024-01-02,2025-01-10,374,2,False,1,-0.22275895796616968,1.0786712930272626,Financed Value Seekers
C1677,Individual,Kevin,Thomas,1964-12-20,M,USA,Texas,Personal Use,1,Yes,Website,60.1,Domestic,USA,3,942915.1799999999,314305.06,380233.97,975.9433333333333,1164.55,3,0.0,2024-01-01,2025-01-07,372,5,False,1,-1.846223982055562,0.013291254805641552,Financed Value Seekers
C1678,Individual,Gary,Sanders,1961-03-06,M,USA,California,Personal Use,1,Yes,Agency,63.9,Domestic,USA,3,1377654.29,459218.0966666667,501738.52,1650.4733333333334,1713.09,3,0.3333333333333333,2024-01-09,2025-01-09,366,3,False,2,1.6160122277807982,-1.9800394447936926,Premium Buyers
C1679,Individual,Christina,Nelson,1986-02-28,F,USA,Nevada,Investment,4,No,Website,38.9,Domestic,USA,3,1194618.9,398206.3,587797.99,1268.0466666666669,1697.13,3,0.3333333333333333,2025-01-03,2025-01-05,2,7,True,2,0.4074730526814141,-2.0446100152136095,Premium Buyers
C1680,Individual,Danielle,Howard,1999-09-25,F,USA,California,Investment,4,No,Agency,25.3,Domestic,USA,3,665078.77,221692.92333333334,278456.63,692.13,912.32,3,0.0,2024-01-02,2024-01-10,8,368,True,0,-4.415712358083027,-0.5863960964412815,Core Growth Buyers
C1681,Individual,Carl,Alexander,1961-07-27,M,USA,Oregon,Personal Use,3,Yes,Client,63.5,Domestic,USA,4,1408304.94,352076.235,484626.56,1156.7625,1599.81,4,0.25,2024-01-04,2025-01-08,370,4,False,2,0.6715101480604201,0.8149560655529593,Premium Buyers
C1682,Individual,Amanda,Brooks,1987-04-11,F,USA,Nevada,Personal Use,2,No,Website,37.8,Domestic,USA,4,1469905.41,367476.3525,492569.41,1257.0925,1756.12,4,0.0,2024-01-03,2025-01-11,374,1,False,2,1.014842172884963,0.5152173520668323,Premium Buyers
C1683,Individual,Amber,Patterson,1999-11-19,F,USA,Oregon,Investment,1,No,Client,25.1,Domestic,USA,4,1410114.6,352528.65,533570.63,1144.74,1618.34,4,0.5,2025-01-05,2025-01-12,7,0,True,2,0.5539563653824595,-0.3110782728351313,Premium Buyers
C1684,Individual,Grace,Cooper,1977-07-01,F,USA,Colorado,Investment,4,No,Website,47.5,Domestic,USA,4,1109440.17,277360.0425,357429.62,883.4825000000001,1044.69,4,0.0,2024-01-05,2025-01-12,373,0,True,1,-1.4079744426875418,1.830201870564863,Financed Value Seekers
C1685,Individual,Kathleen,Parker,1977-05-16,F,USA,California,Personal Use,5,No,Agency,47.7,Domestic,USA,3,1109623.75,369874.5833333333,496154.56,1274.52,1750.89,3,0.0,2024-01-06,2025-01-04,364,8,False,2,-0.09462293489988449,-0.8752975630447128,Premium Buyers
C1686,Individual,David,Howard,1977-01-25,M,USA,California,Investment,2,Yes,Agency,48.0,Domestic,USA,4,1214377.82,303594.455,407908.02,1073.905,1415.9,4,0.25,2024-01-06,2025-01-10,370,2,True,1,-0.5110345666841228,1.170523517328125,Financed Value Seekers
C1687,Individual,Eric,Anderson,1967-05-15,M,USA,California,Personal Use,4,Yes,Website,57.7,Domestic,USA,4,1026117.62,256529.405,420273.62,935.37,1722.28,4,0.25,2024-01-07,2025-01-11,370,1,False,1,-1.2009727167226956,1.6753321583391705,Financed Value Seekers
C1688,Individual,Amanda,Flores,1996-04-28,F,USA,Oregon,Personal Use,5,No,Client,28.7,Domestic,USA,3,1314384.27,438128.09,578952.08,1281.9566666666667,1750.89,3,0.0,2024-01-02,2024-01-12,10,366,False,0,0.5259573645830099,-2.937858043112257,Core Growth Buyers
C1689,Individual,Virginia,King,1985-01-26,F,USA,Oregon,Investment,1,Yes,Client,40.0,Domestic,USA,3,896100.8,298700.26666666666,441341.34,973.09,1495.13,3,0.3333333333333333,2024-01-07,2025-01-11,370,1,True,1,-1.7490464620429824,-0.19736646939029107,Financed Value Seekers
C1690,Individual,Terry,Martin,1951-08-18,M,Denmark,North Denmark,Personal Use,2,Yes,Agency,73.4,International,Other,3,1662639.06,554213.02,598512.98,1754.9366666666667,1816.63,3,0.0,2024-01-02,2025-01-07,371,5,False,2,3.25713512575467,-2.6148486495843484,Premium Buyers
C1691,Individual,Robert,Reed,1946-03-25,M,USA,Arizona,Personal Use,5,No,Website,78.8,Domestic,USA,4,1212731.6,303182.9,450265.88,984.9525,1401.0,4,0.0,2024-01-02,2025-01-08,372,4,False,1,-0.36749804027593486,1.5408588703436767,Financed Value Seekers
C1692,Individual,Joseph,Patterson,1991-03-08,M,Canada,Ontario,Personal Use,5,Yes,Agency,33.9,International,Canada,4,1165619.9100000001,291404.97750000004,504544.59,984.9525,1401.0,4,0.0,2024-01-05,2024-01-11,6,367,False,0,-0.8984180442833957,-0.3621026971050016,Core Growth Buyers
C1693,Individual,Donald,Turner,1990-11-20,M,Belgium,Flanders,Personal Use,1,No,Website,34.1,International,Belgium,4,1557035.08,389258.77,464582.73,1342.1525000000001,1481.32,4,0.5,2024-01-02,2025-01-12,376,0,False,2,1.3230753590123592,0.1875468242480542,Premium Buyers
C1694,Individual,Gloria,Foster,1957-07-18,F,USA,Virginia,Personal Use,5,No,Agency,67.5,Domestic,USA,4,1457395.73,364348.9325,522366.74,1202.695,1651.02,4,0.0,2024-01-02,2025-01-02,366,10,False,2,1.0925519218343651,0.7285144251647104,Premium Buyers
C1695,Individual,Tiffany,Peterson,1955-12-13,F,Belgium,Flanders,Personal Use,5,No,Website,69.1,International,Belgium,3,975866.19,325288.73,491123.63,1111.2966666666666,1667.01,3,0.0,2024-01-01,2024-01-10,9,368,False,0,-1.377413144278635,-1.8952130753703351,Core Growth Buyers
C1696,Individual,Emily,Jones,1987-02-20,F,USA,Florida,Personal Use,1,No,Website,37.9,Domestic,USA,4,1316025.35,329006.3375,382303.57,1092.085,1383.05,4,0.0,2024-01-06,2025-01-04,364,8,False,1,-0.3312929634198745,1.068953334921328,Financed Value Seekers
C1697,Individual,Maria,Brown,1980-08-07,F,Belgium,Brussels,Personal Use,2,No,Client,44.4,International,Belgium,4,802813.26,200703.315,234850.32,700.7825,785.12,4,0.0,2024-01-03,2025-01-12,375,0,False,1,-3.3662481805775006,2.514921542774422,Financed Value Seekers
C1698,Individual,Zachary,Stone,1950-12-05,M,UK,Northern Ireland,Personal Use,4,Yes,Website,74.1,International,UK,3,764529.97,254843.32333333333,362728.99,901.6266666666667,1488.32,3,0.0,2024-01-01,2024-01-11,10,367,False,0,-3.1583146302310925,-1.0330940793034185,Core Growth Buyers
C1699,Individual,Peter,Phillips,1969-07-15,M,Australia,Western Australia,Personal Use,3,Yes,Agency,55.5,International,Other,4,1161971.24,290492.81,480048.34,946.6524999999999,1631.24,4,0.25,2024-01-02,2025-01-09,373,3,False,1,-0.5606724719496543,1.3091763737081477,Financed Value Seekers
C1700,Individual,Nicholas,Young,1943-11-04,M,USA,Nevada,Personal Use,3,No,Website,81.2,Domestic,USA,4,1293648.37,323412.0925,564037.73,1050.5725,1755.26,4,0.5,2024-01-03,2025-01-04,367,8,False,2,0.5769870191445756,0.9578461953787819,Premium Buyers
C1701,Individual,Karen,Montgomery,1982-06-27,F,USA,Arizona,Personal Use,1,No,Website,42.5,Domestic,USA,3,916043.72,305347.9066666667,417201.93,979.0866666666667,1318.01,3,0.3333333333333333,2024-01-03,2025-01-08,371,4,False,1,-1.7454156033967254,-0.1631856447641257,Financed Value Seekers
C1702,Individual,Frank,Alexander,1990-01-04,M,USA,Washington,Investment,5,Yes,Website,35.0,Domestic,USA,3,1259181.49,419727.16333333333,505472.65,1477.03,1897.17,3,0.6666666666666666,2024-01-10,2025-01-12,368,0,True,2,0.9619053705131808,-1.5464934210934063,Premium Buyers
C1703,Individual,Gerald,Cox,1999-08-13,M,USA,Texas,Investment,4,No,Agency,25.4,Domestic,USA,3,868665.77,289555.25666666665,358849.76,980.8699999999999,1198.57,3,0.0,2024-01-08,2024-01-10,2,368,True,0,-2.7509231823961016,-1.4990919419266309,Core Growth Buyers
C1704,Individual,Susan,Flores,1963-02-15,F,Denmark,Capital Region,Personal Use,4,No,Agency,61.9,International,Other,3,1131490.6400000001,377163.5466666667,441154.94,1251.25,1630.82,3,0.3333333333333333,2024-01-02,2025-01-02,366,10,False,2,-0.30827935645776494,-0.8344202866587521,Premium Buyers
C1705,Individual,Kenneth,Howard,1979-11-23,M,USA,Virginia,Investment,3,Yes,Website,45.1,Domestic,USA,3,1031987.6799999999,343995.8933333333,482341.23,1049.3066666666666,1523.22,3,0.0,2024-01-09,2025-01-06,363,6,True,1,-0.9057866631231337,-0.4374415147205011,Financed Value Seekers
C1706,Individual,Matthew,Jordan,1976-05-13,M,USA,California,Personal Use,3,Yes,Website,48.7,Domestic,USA,4,1417221.48,354305.37,590931.68,1128.9675,1867.78,4,0.0,2024-01-01,2024-01-10,9,368,False,0,0.6094271318452925,-0.9375292525673096,Core Growth Buyers
C1707,Individual,Adam,Allen,1973-09-19,M,USA,Georgia,Personal Use,1,Yes,Website,51.3,Domestic,USA,3,770609.62,256869.87333333332,272169.11,899.7566666666667,954.54,3,0.0,2024-01-04,2024-01-06,2,372,False,0,-3.652037281913668,-1.0558347087692201,Core Growth Buyers
C1708,Individual,Andrea,Wilson,1986-08-06,F,Germany,Hesse,Personal Use,1,Yes,Agency,38.4,International,Germany,3,854426.52,284808.84,399400.23,897.3100000000001,1224.71,3,0.0,2024-01-06,2025-01-07,367,5,False,1,-2.323860708288391,0.057172331569478985,Financed Value Seekers
C1709,Individual,Danielle,Cox,1946-08-09,F,USA,Arizona,Investment,3,No,Agency,78.4,Domestic,USA,3,1336416.1600000001,445472.0533333334,502269.25,1513.17,1720.95,3,0.0,2024-01-01,2025-01-06,371,6,True,2,1.2158868091299821,-1.4994907607199375,Premium Buyers
C1710,Individual,Joe,Flores,1957-05-26,M,Canada,Alberta,Investment,2,Yes,Website,67.6,International,Canada,3,1027918.12,342639.37333333335,455861.82,1156.0800000000002,1678.17,3,0.3333333333333333,2024-01-01,2024-01-09,8,369,True,0,-1.3077052639025462,-2.1565538815726124,Core Growth Buyers
C1711,Individual,Debra,Hayes,1981-08-24,F,USA,California,Investment,3,Yes,Website,43.4,Domestic,USA,4,1015613.11,253903.2775,330207.8,836.9425,1089.77,4,0.25,2024-01-03,2025-01-11,374,1,True,1,-1.9081587566951912,1.9411243082152518,Financed Value Seekers
C1712,Individual,Ryan,Turner,1971-03-04,M,France,Occitanie,Personal Use,5,No,Website,53.9,International,France,4,1280242.15,320060.5375,465704.47,1102.08,1599.81,4,0.25,2024-01-08,2025-01-09,367,3,False,1,0.09180562771816131,1.0657267263420356,Financed Value Seekers
C1713,Individual,Julia,Cook,1981-02-08,F,USA,Oregon,Personal Use,1,No,Website,43.9,Domestic,USA,4,1401670.4500000002,350417.61250000005,537445.29,1186.5225,1894.96,4,0.0,2024-01-05,2025-01-03,364,9,False,2,0.8633707350472143,0.549031858387223,Premium Buyers
C1714,Individual,Nathan,Brooks,1948-07-05,M,USA,Colorado,Personal Use,3,No,Website,76.5,Domestic,USA,4,1054289.58,263572.395,413091.69,823.6625,1224.91,4,0.25,2024-01-03,2025-01-06,369,6,False,1,-1.3529185233672643,1.8781539178410633,Financed Value Seekers
C1715,Individual,Hannah,Watson,1963-04-13,F,USA,Florida,Personal Use,3,Yes,Agency,61.8,Domestic,USA,4,987214.1799999999,246803.54499999998,315841.36,900.39,1253.18,4,0.25,2024-01-01,2025-01-09,374,3,False,1,-1.9199890791468013,1.9380322168117996,Financed Value Seekers
C1716,Individual,Michelle,Montgomery,1980-10-13,F,USA,California,Personal Use,1,No,Website,44.2,Domestic,USA,3,1027286.48,342428.82666666666,420929.08,1129.1766666666665,1458.08,3,0.0,2024-01-07,2025-01-08,367,4,False,1,-1.085825985442046,-0.5017462199818049,Financed Value Seekers
C1717,Individual,Martha,Thomas,1941-12-21,F,USA,California,Personal Use,4,Yes,Website,83.1,Domestic,USA,3,915606.0700000001,305202.0233333334,370077.4,980.8699999999999,1198.57,3,0.0,2024-01-09,2025-01-01,358,11,False,1,-1.8959290783283889,0.2245228409693535,Financed Value Seekers
C1718,Individual,Janet,Peterson,1995-01-06,F,USA,California,Personal Use,1,No,Website,30.0,Domestic,USA,4,1362121.47,340530.3675,577483.25,1150.74,1848.51,4,0.0,2024-01-12,2025-01-10,364,2,False,2,0.844306876525926,0.5189919956642242,Premium Buyers
C1719,Corporate,Halcyon,Co,1960-05-10,M,USA,Florida,Personal Use,2,No,Agency,64.7,Domestic,USA,3,1178759.88,392919.95999999996,557392.74,1263.8633333333335,1614.62,3,0.3333333333333333,2024-01-06,2025-01-06,366,6,False,2,0.4438030385003568,-1.1651529732542476,Premium Buyers
C1720,Individual,Danielle,Kim,1996-10-10,F,USA,California,Personal Use,5,Yes,Website,28.3,Domestic,USA,4,1396671.77,349167.9425,659880.36,1122.0925,1869.81,4,0.0,2024-01-01,2025-01-08,373,4,False,2,1.368535169432241,0.5225639216130193,Premium Buyers
C1721,Individual,Carl,Weaver,1986-12-10,M,USA,Nevada,Personal Use,2,No,Agency,38.1,Domestic,USA,4,1282729.71,320682.4275,379081.98,1034.0675,1258.99,4,0.0,2024-01-02,2025-01-05,369,7,False,1,-0.5589762528590673,1.2265251569080058,Financed Value Seekers
C1722,Individual,Jacqueline,Morris,1982-11-23,F,USA,Nevada,Personal Use,3,No,Website,42.1,Domestic,USA,4,1676365.72,419091.43,605522.07,1307.3,1811.36,4,0.0,2024-01-02,2024-01-08,6,370,False,0,1.8005907936689363,-1.5212197489752364,Core Growth Buyers
C1723,Individual,Carol,Allen,1998-02-02,F,Canada,Quebec,Personal Use,2,Yes,Agency,26.9,International,Canada,4,1084602.42,271150.605,399164.03,900.39,1253.18,4,0.0,2024-01-03,2025-01-12,375,0,False,1,-1.3751003933984203,1.5180764399503244,Financed Value Seekers
C1724,Individual,Justin,Cook,1956-06-19,M,USA,Virginia,Personal Use,4,No,Website,68.6,Domestic,USA,4,1646338.3599999999,411584.58999999997,570262.07,1358.9675,1859.83,4,0.0,2024-01-03,2025-01-07,370,5,False,2,2.211690940028602,0.22176477214442886,Premium Buyers
C1725,Individual,Sharon,Patterson,1959-01-12,F,USA,Nevada,Personal Use,3,Yes,Website,66.0,Domestic,USA,4,1352500.23,338125.0575,460172.3,1167.3975,1445.84,4,0.0,2024-01-08,2025-01-11,369,1,False,2,0.39509369863440474,0.9709564763671323,Premium Buyers
C1726,Individual,Diane,Scott,1948-08-15,F,UK,Northern Ireland,Personal Use,3,No,Website,76.4,International,UK,3,1141107.24,380369.08,669506.11,1193.7733333333333,1925.28,3,0.3333333333333333,2024-01-07,2025-01-06,365,6,False,2,0.7441531670153239,-1.1530754349048442,Premium Buyers
C1727,Individual,Katherine,Morales,1945-12-06,F,USA,New York,Personal Use,3,No,Website,79.1,Domestic,USA,4,1563834.42,390958.605,619055.13,1210.7375,1899.92,4,0.0,2024-01-06,2025-01-12,372,0,False,2,1.9112217337804016,0.4597220923858976,Premium Buyers
C1728,Individual,Kimberly,Garcia,1944-03-08,F,USA,Oregon,Personal Use,3,Yes,Client,80.8,Domestic,USA,4,1436312.58,359078.145,429908.37,1225.2649999999999,1590.69,4,0.0,2024-01-01,2025-01-10,375,2,False,2,0.6295165513924716,0.9217011267671251,Premium Buyers
C1729,Individual,Robert,Richardson,1955-06-26,M,Canada,British Columbia,Personal Use,3,Yes,Website,69.5,International,Canada,3,956356.54,318785.51333333337,404268.31,1090.7733333333333,1394.03,3,0.0,2024-01-06,2025-01-04,364,8,False,1,-1.4499734967221416,-0.19062820257844326,Financed Value Seekers
C1730,Individual,Jeffrey,Young,1979-11-22,M,Mexico,Puebla,Investment,5,Yes,Agency,45.1,International,Other,3,796432.48,265477.49333333335,385425.29,922.6899999999999,1479.84,3,0.3333333333333333,2024-01-11,2025-01-08,363,4,True,1,-2.4292231594542617,0.2258887651495749,Financed Value Seekers
C1731,Individual,Nathan,Garcia,1971-12-19,M,USA,California,Personal Use,4,Yes,Website,53.1,Domestic,USA,4,1172220.1099999999,293055.02749999997,389967.22,966.56,1170.96,4,0.25,2024-01-04,2025-01-08,370,4,False,1,-0.8487963541213038,1.5319942468510188,Financed Value Seekers
C1732,Individual,Megan,Wilson,1970-07-15,F,Canada,Alberta,Investment,2,No,Agency,54.5,International,Canada,3,1551003.8399999999,517001.27999999997,597681.88,1654.4733333333334,1908.91,3,0.0,2024-01-02,2025-01-04,368,8,True,2,2.6093505751970936,-2.389581137491809,Premium Buyers
C1733,Individual,Helen,Jones,1948-04-22,F,USA,California,Personal Use,3,Yes,Agency,76.7,Domestic,USA,4,1179975.09,294993.7725,432544.27,1009.9325,1512.9,4,0.25,2024-01-03,2025-01-10,373,2,False,1,-0.5349870807105809,1.4164885415229724,Financed Value Seekers
C1734,Individual,Zachary,Roberts,1975-01-14,M,USA,California,Personal Use,5,No,Website,50.0,Domestic,USA,3,1078504.94,359501.64666666667,462160.46,1254.5033333333333,1661.46,3,0.0,2024-01-01,2025-01-10,375,2,False,2,-0.36796630608248515,-0.6633167162233219,Premium Buyers
C1735,Individual,Amber,Miller,1969-10-07,F,USA,Utah,Investment,3,No,Website,55.3,Domestic,USA,3,1139995.98,379998.66,492594.19,1258.3999999999999,1606.58,3,0.0,2024-01-06,2025-01-11,371,1,True,2,-0.039549965128642894,-0.8681911468672314,Premium Buyers
C1736,Individual,Ann,Cook,1989-09-21,F,USA,California,Investment,4,Yes,Website,35.3,Domestic,USA,4,1482243.88,370560.97,606491.63,1122.0925,1869.81,4,0.0,2024-01-02,2024-01-12,10,366,True,0,0.8542768212423194,-1.0251951004007591,Core Growth Buyers
C1737,Individual,Jennifer,Jackson,1992-12-24,F,USA,California,Investment,3,No,Website,32.1,Domestic,USA,3,1060946.57,353648.8566666667,520101.47,1090.7733333333333,1394.03,3,0.0,2024-01-10,2025-01-12,368,0,True,1,-0.5572910969940178,-0.6469775877099075,Financed Value Seekers
C1738,Individual,Sharon,Hall,1977-02-25,F,USA,California,Personal Use,5,No,Website,47.9,Domestic,USA,3,861195.69,287065.23,347283.41,1016.7633333333333,1163.06,3,0.0,2024-01-10,2025-01-11,367,1,False,1,-2.1611026178684316,0.21738611336830452,Financed Value Seekers
C1739,Individual,Steven,Smith,1985-02-25,M,Russia,Novosibirsk,Investment,3,Yes,Website,39.9,International,Other,4,998344.48,249586.12,442624.97,872.2,1555.67,4,0.0,2024-01-04,2025-01-03,365,9,True,1,-1.4456018875734187,1.6255948867769723,Financed Value Seekers
C1740,Individual,Ashley,Alexander,1951-09-15,F,USA,California,Personal Use,5,Yes,Website,73.3,Domestic,USA,4,1439013.3399999999,359753.33499999996,561035.94,1164.015,1844.16,4,0.0,2024-01-02,2024-01-10,8,368,False,0,0.6842556615007609,-0.7796554319505449,Core Growth Buyers
C1741,Individual,Alexander,Wright,1976-04-18,M,USA,Virginia,Personal Use,5,No,Website,48.7,Domestic,USA,4,1310713.04,327678.26,454264.31,1140.38,1481.32,4,0.25,2024-01-02,2024-01-09,7,369,False,0,-0.2747379428635623,-0.5630834911142428,Core Growth Buyers
C1742,Corporate,Crestwood,Co,1988-08-14,F,USA,California,Personal Use,5,No,Agency,36.4,Domestic,USA,3,1177856.21,392618.73666666663,524488.63,1431.79,1908.91,3,0.3333333333333333,2024-01-08,2024-01-11,3,367,False,0,0.11348077911376375,-2.9508177220701297,Core Growth Buyers
C1743,Individual,Linda,Bell,1946-07-26,F,Belgium,Flanders,Personal Use,1,No,Client,78.5,International,Belgium,3,839069.28,279689.76,283283.47,881.7833333333333,939.93,3,0.0,2024-01-08,2025-01-02,360,10,False,1,-2.8921387897325315,0.49476470424712066,Financed Value Seekers
C1744,Individual,Brian,Green,1961-11-16,M,Russia,Krasnodar Krai,Investment,1,No,Website,63.2,International,Other,4,1320002.42,330000.605,415154.19,1092.085,1383.05,4,0.0,2024-01-04,2025-01-12,374,0,True,1,-0.15335798009390444,1.1042907060990572,Financed Value Seekers
C1745,Individual,Ann,Sanders,1976-06-21,F,USA,California,Personal Use,1,No,Website,48.6,Domestic,USA,3,1261495.5,420498.5,563558.93,1487.6599999999999,1833.96,3,0.0,2024-01-03,2025-01-10,373,2,False,2,1.1373911125875962,-1.6461395172260733,Premium Buyers
C1746,Individual,Jennifer,Cox,1959-06-14,F,Belgium,Flanders,Personal Use,3,No,Website,65.6,International,Belgium,3,793835.85,264611.95,389328.46,874.19,1322.98,3,0.0,2024-01-01,2025-01-05,370,7,False,1,-2.5182863527186683,0.41503461929371793,Financed Value Seekers
C1747,Individual,Bryan,Flores,1965-02-19,M,USA,Colorado,Personal Use,5,No,Client,59.9,Domestic,USA,3,1016661.44,338887.14666666667,468372.55,1059.1499999999999,1440.71,3,0.3333333333333333,2024-01-01,2025-01-09,374,3,False,1,-0.8923298787609183,-0.314579329236699,Financed Value Seekers
C1748,Individual,Albert,Jones,1950-11-11,M,USA,California,Personal Use,4,Yes,Website,74.2,Domestic,USA,3,1112272.46,370757.48666666663,566107.2,1274.52,1750.89,3,0.3333333333333333,2024-01-06,2025-01-12,372,0,False,2,0.3565200561868682,-0.9520698478772636,Premium Buyers
C1749,Individual,Brandon,Moore,1956-05-27,M,USA,California,Personal Use,3,No,Website,68.6,Domestic,USA,3,832665.62,277555.20666666667,388898.15,862.1066666666666,1119.1,3,0.0,2024-01-01,2025-01-12,377,0,False,1,-2.356411477740948,0.4591465205213232,Financed Value Seekers
C1750,Corporate,Stratos,Co,1991-01-12,M,USA,Colorado,Personal Use,3,No,Website,34.0,Domestic,USA,4,1497163.73,374290.9325,509429.47,1150.2,1532.67,4,0.0,2024-01-04,2025-01-05,367,7,False,2,0.9757178885081235,0.6244851660130075,Premium Buyers
C1751,Individual,Christine,Scott,1955-02-28,F,USA,Ohio,Personal Use,5,No,Website,69.9,Domestic,USA,4,873120.47,218280.1175,231620.61,700.7825,785.12,4,0.25,2025-01-06,2025-01-11,5,1,False,1,-3.2293665691273943,1.8806101079371524,Financed Value Seekers
C1752,Individual,Jonathan,Cook,1980-02-06,M,USA,California,Investment,1,Yes,Website,44.9,Domestic,USA,3,1119600.47,373200.1566666667,421157.07,1152.5966666666666,1195.81,3,0.0,2024-01-07,2025-01-07,366,5,True,1,-0.7223915147768128,-0.6632859555530236,Financed Value Seekers
C1753,Individual,Arthur,Peterson,1945-12-18,M,USA,Georgia,Investment,3,Yes,Website,79.1,Domestic,USA,3,770077.48,256692.49333333332,425499.05,964.2666666666668,1638.1,3,0.0,2024-01-04,2024-01-08,4,370,True,0,-2.718009117153186,-1.2707036179503306,Core Growth Buyers
C1754,Individual,Frank,Gray,1995-11-11,M,USA,Virginia,Personal Use,2,Yes,Website,29.2,Domestic,USA,3,1361555.24,453851.74666666664,506527.22,1471.8999999999999,1620.07,3,0.0,2024-01-08,2024-01-09,1,369,False,0,0.6663193385986217,-3.286358509862387,Core Growth Buyers
C1755,Individual,Mark,Griffin,1998-08-26,M,USA,Nevada,Personal Use,1,Yes,Website,26.4,Domestic,USA,3,672116.9199999999,224038.9733333333,285197.86,776.2433333333333,1001.72,3,0.0,2024-01-06,2024-01-10,4,368,False,0,-4.221367060645164,-0.8418757565607256,Core Growth Buyers
C1756,Individual,Daniel,Cook,1990-03-21,M,USA,Utah,Personal Use,1,No,Website,34.8,Domestic,USA,4,1481404.3900000001,370351.09750000003,529820.54,1146.0149999999999,1678.3,4,0.25,2024-01-02,2025-01-12,376,0,False,2,1.0256354754176502,0.5227968879241797,Premium Buyers
C1757,Individual,Brian,Hayes,1985-07-01,M,Germany,Bavaria,Personal Use,3,No,Client,39.5,International,Germany,3,1125366.62,375122.2066666667,477602.23,1182.08,1397.58,3,0.0,2024-01-01,2025-01-06,371,6,False,2,-0.3836655917065247,-0.8236859677353796,Premium Buyers
C1758,Individual,Carl,Pierce,1985-01-14,M,USA,Oregon,Investment,4,Yes,Agency,40.0,Domestic,USA,4,1006481.1799999999,251620.29499999998,321342.19,801.065,1125.84,4,0.25,2024-01-03,2025-01-06,369,6,True,1,-2.063821546609406,2.0031625443637537,Financed Value Seekers
C1759,Individual,Jose,Stone,1974-10-10,M,USA,California,Investment,1,No,Website,50.3,Domestic,USA,4,1031917.22,257979.305,386654.16,831.47,1157.23,4,0.0,2024-01-05,2025-01-02,363,10,True,1,-1.6738444643554948,1.7813864439978087,Financed Value Seekers
C1760,Individual,Mary,Harris,1975-10-07,F,Belgium,Brussels,Personal Use,2,No,Website,49.3,International,Belgium,4,1454358.32,363589.58,484534.28,1265.3825,1657.84,4,0.5,2024-01-02,2024-01-11,9,367,False,0,0.49602754167703667,-1.1311794493307343,Core Growth Buyers
C1761,Individual,Nicholas,Thompson,1955-01-08,M,USA,Washington,Personal Use,1,No,Website,70.0,Domestic,USA,4,1181772.43,295443.1075,541585.04,972.335,1728.84,4,0.0,2024-01-01,2025-01-05,370,7,False,1,-0.14903995394595806,1.2089342142197272,Financed Value Seekers
C1762,Individual,Larry,Harris,1964-01-21,M,USA,Virginia,Personal Use,1,No,Website,61.0,Domestic,USA,3,1023352.22,341117.4066666667,399439.17,1090.9466666666667,1288.42,3,0.0,2024-01-02,2024-01-10,8,368,False,0,-1.7456432485426858,-1.8910880563094161,Core Growth Buyers
C1763,Individual,Kimberly,Young,1954-11-26,F,USA,New York,Personal Use,3,No,Website,70.1,Domestic,USA,4,1789381.67,447345.4175,654120.74,1374.585,1940.69,4,0.5,2024-01-05,2025-01-12,373,0,False,2,3.1373566234846693,-0.20327889504543875,Premium Buyers
C1764,Individual,Kelly,Baker,1946-11-05,F,USA,Nevada,Personal Use,2,No,Agency,78.2,Domestic,USA,4,1668335.18,417083.795,575177.72,1338.8999999999999,1657.84,4,0.5,2024-01-01,2025-01-02,367,10,False,2,2.281984112444418,0.05855238103390584,Premium Buyers
C1765,Individual,Pamela,Reyes,1997-05-01,F,USA,Colorado,Personal Use,1,Yes,Client,27.7,Domestic,USA,4,1734167.51,433541.8775,550819.24,1577.2325,1868.01,4,0.0,2024-01-02,2024-01-12,10,366,False,0,2.1553056715710515,-2.035932549262566,Core Growth Buyers
C1766,Individual,Sharon,Bennett,1993-05-05,F,USA,California,Personal Use,4,No,Website,31.7,Domestic,USA,4,1371247.08,342811.77,562229.33,1071.3925,1669.84,4,0.0,2024-01-01,2025-01-04,369,8,False,2,0.7085272096818274,0.7870389379444951,Premium Buyers
C1767,Individual,Joe,Sanders,1978-05-21,M,USA,Colorado,Personal Use,3,No,Website,46.6,Domestic,USA,4,1455838.9100000001,363959.72750000004,564116.06,1123.3175,1645.93,4,0.5,2024-01-07,2025-01-09,368,3,False,2,1.1552109541300462,0.5663287116073572,Premium Buyers
C1768,Individual,Cynthia,Hughes,1943-03-01,F,Russia,Saint Petersburg,Personal Use,4,No,Website,81.9,International,Other,4,985105.21,246276.3025,377838.86,834.6575,1173.4,4,0.0,2024-01-02,2025-01-07,371,5,False,1,-1.7512581563643355,2.0631828594230806,Financed Value Seekers
C1769,Corporate,Forsyte,Co,1985-10-22,M,USA,Oregon,Personal Use,1,Yes,Client,39.2,Domestic,USA,3,985909.0,328636.3333333333,484144.21,1101.55,1617.43,3,0.3333333333333333,2024-01-04,2025-01-12,374,0,False,1,-0.9624287459996288,-0.6057665312929958,Financed Value Seekers
C1770,Individual,Betty,Parker,1945-11-17,F,USA,Washington,Personal Use,1,Yes,Agency,79.2,Domestic,USA,3,1334771.42,444923.80666666664,616403.86,1469.18,1925.28,3,0.0,2024-01-03,2024-01-10,7,368,False,0,1.1423263396303633,-3.3068158877362617,Core Growth Buyers
C1771,Corporate,Atlas,Co,1975-06-22,M,USA,Georgia,Personal Use,3,Yes,Client,49.6,Domestic,USA,3,1280895.97,426965.3233333333,556838.33,1435.6633333333332,1841.5,3,0.0,2024-01-04,2024-01-11,7,367,False,0,0.5892824115109041,-3.0996152876493612,Core Growth Buyers
C1772,Corporate,Forsyte,Co,1975-01-13,F,Canada,Alberta,Investment,5,Yes,Agency,50.0,International,Canada,4,1105281.92,276320.48,401863.68,1015.8675,1653.93,4,0.25,2024-01-06,2025-01-07,367,5,True,1,-0.9646276901855455,1.4393813328292349,Financed Value Seekers
C1773,Individual,Kenneth,Williams,1980-12-25,M,USA,Nevada,Investment,3,Yes,Agency,44.0,Domestic,USA,4,1284141.19,321035.2975,445068.24,984.6475,1268.45,4,0.25,2024-01-04,2025-01-03,365,9,True,1,-0.2873935432121971,1.1746465349064419,Financed Value Seekers
C1774,Individual,Frank,James,1984-12-26,M,USA,Oregon,Personal Use,4,No,Agency,40.0,Domestic,USA,4,1169335.49,292333.8725,399457.77,1008.6625,1431.42,4,0.0,2024-01-06,2025-01-01,361,11,False,1,-0.8230342243440083,1.3820035184369235,Financed Value Seekers
C1775,Individual,Betty,Howard,1970-10-07,F,USA,California,Personal Use,3,No,Agency,54.3,Domestic,USA,4,1414776.99,353694.2475,496847.34,1102.9724999999999,1527.31,4,0.0,2024-01-05,2025-01-07,368,5,False,2,0.5899025163584566,0.8669678863951646,Premium Buyers
C1776,Individual,Martha,Mitchell,1973-09-01,F,France,Occitanie,Personal Use,1,No,Website,51.4,International,France,3,1071718.4,357239.4666666666,439467.59,1196.1733333333334,1608.56,3,0.0,2024-01-01,2024-01-06,5,372,False,0,-1.233882998865273,-2.2978139725034414,Core Growth Buyers
C1777,Individual,Jason,Long,1974-09-24,M,USA,California,Investment,5,No,Client,50.3,Domestic,USA,3,784629.95,261543.31666666665,341503.87,900.46,1075.42,3,0.0,2024-01-04,2025-01-04,366,8,True,1,-2.72003295380202,0.4986361568771773,Financed Value Seekers
C1778,Individual,Jeffrey,Cox,1994-01-09,M,USA,Georgia,Investment,4,Yes,Website,31.0,Domestic,USA,3,1216664.8199999998,405554.93999999994,514358.91,1339.73,1721.96,3,0.0,2024-01-11,2025-01-07,362,5,True,2,0.46162443084797034,-1.239580817322524,Premium Buyers
C1779,Individual,Sharon,Thomas,1979-04-20,F,USA,California,Personal Use,5,No,Client,45.7,Domestic,USA,4,1563236.5499999998,390809.13749999995,595227.23,1287.1,1833.58,4,0.0,2024-01-01,2025-01-06,371,6,False,2,1.8972812588690908,0.288937881220124,Premium Buyers
C1780,Individual,Richard,Patterson,1956-05-18,M,USA,Utah,Investment,1,No,Website,68.7,Domestic,USA,4,1735557.1500000001,433889.28750000003,543401.76,1341.715,1596.51,4,0.5,2024-01-01,2025-01-11,376,1,True,2,2.32719893241099,0.04716386707219174,Premium Buyers
C1781,Individual,Betty,Thomas,1968-10-08,F,USA,California,Personal Use,4,No,Website,56.3,Domestic,USA,4,1383316.42,345829.105,524713.99,1164.0149999999999,1844.16,4,0.0,2024-01-03,2025-01-08,371,4,False,2,0.7932016648896798,0.8159630091302492,Premium Buyers
C1782,Individual,Ann,King,1999-12-04,F,UK,England,Investment,1,No,Website,25.1,International,UK,4,897646.55,224411.6375,281637.63,783.64,911.94,4,0.0,2024-01-02,2025-01-03,367,9,True,1,-2.750634643648923,2.062365366223094,Financed Value Seekers
C1783,Individual,Jacob,Garcia,1954-03-07,M,USA,California,Personal Use,3,No,Website,70.9,Domestic,USA,4,1136482.92,284120.73,387708.89,883.805,1208.52,4,0.25,2024-01-05,2025-01-06,367,6,False,1,-1.1183599733998417,1.7316045074490738,Financed Value Seekers
C1784,Individual,Albert,Moore,1998-02-24,M,Australia,Western Australia,Personal Use,3,No,Client,26.9,International,Other,4,1352274.53,338068.6325,441900.44,1106.8725,1488.67,4,0.0,2024-01-04,2024-01-12,8,366,False,0,-0.43740718416334085,-0.6844512126828952,Core Growth Buyers
C1785,Individual,Lauren,Allen,1956-02-27,F,USA,Colorado,Personal Use,1,Yes,Website,68.9,Domestic,USA,3,1006568.23,335522.74333333335,370207.67,1156.5633333333333,1379.64,3,0.3333333333333333,2024-01-06,2025-01-08,368,4,False,1,-1.2589158883163778,-0.3758963336220276,Financed Value Seekers
C1786,Individual,Adam,White,1995-03-07,M,USA,California,Personal Use,1,No,Website,29.9,Domestic,USA,4,1247095.22,311773.805,581591.93,1102.2725,1941.78,4,0.25,2024-01-09,2025-01-12,369,0,False,2,0.4576031832383159,0.6594589005546356,Premium Buyers
C1787,Individual,Stephen,Flores,1955-09-22,M,USA,Georgia,Investment,5,No,Agency,69.3,Domestic,USA,4,1289585.42,322396.355,528523.4,1029.38,1623.8,4,0.75,2024-01-03,2024-01-10,7,368,True,0,-0.12734526698203102,-0.5391566490315773,Core Growth Buyers
C1788,Individual,Zachary,James,1989-10-27,M,USA,California,Personal Use,3,No,Website,35.2,Domestic,USA,3,1116876.81,372292.27,495478.74,1155.6966666666667,1588.14,3,0.0,2024-01-01,2025-01-08,373,4,False,2,-0.33041176658600474,-0.7631546019027768,Premium Buyers
C1789,Individual,Edward,Brooks,1982-07-25,M,USA,Colorado,Personal Use,5,Yes,Agency,42.5,Domestic,USA,3,1359605.1,453201.7,470652.98,1526.9566666666667,1621.39,3,0.3333333333333333,2024-01-02,2025-01-11,375,1,False,2,1.213273117088753,-1.6090136019636214,Premium Buyers
C1790,Individual,Jacob,Hansen,1940-02-18,M,USA,Nevada,Investment,5,No,Client,84.9,Domestic,USA,4,1335521.08,333880.27,402189.34,1159.9675,1333.63,4,0.0,2024-01-05,2025-01-01,362,11,True,1,0.0826146854362001,1.2198067156012797,Financed Value Seekers
C1791,Individual,Gerald,Scott,1966-04-26,M,USA,California,Personal Use,5,No,Agency,58.7,Domestic,USA,3,894512.8,298170.93333333335,358882.77,1050.08,1397.58,3,0.0,2024-01-02,2024-01-07,5,371,False,0,-2.4320679673837433,-1.4725711402640234,Core Growth Buyers
C1792,Individual,Terry,Pierce,1995-06-17,M,USA,California,Personal Use,3,No,Agency,29.6,Domestic,USA,4,1948563.24,487140.81,566173.43,1676.3825,1874.35,4,0.25,2024-01-02,2025-01-03,367,9,False,2,3.6436703889871613,-0.837046920468459,Premium Buyers
C1793,Individual,Richard,James,1969-04-05,M,USA,Utah,Investment,1,No,Website,55.8,Domestic,USA,4,1317525.03,329381.2575,538098.62,1102.08,1599.81,4,0.0,2024-01-01,2024-01-06,5,372,True,0,-0.044141971827455044,-0.7575755418503454,Core Growth Buyers
C1794,Individual,Douglas,Chavez,1995-12-25,M,USA,Colorado,Personal Use,3,No,Website,29.1,Domestic,USA,4,1378476.06,344619.015,460529.82,1137.5875,1481.32,4,0.0,2024-01-11,2025-01-12,367,0,False,2,0.352071812804222,0.8433587151944983,Premium Buyers
C1795,Individual,William,Brown,1945-12-01,M,USA,California,Personal Use,5,Yes,Website,79.1,Domestic,USA,4,1058019.94,264504.985,334197.72,827.2,1093.92,4,0.75,2024-01-06,2025-01-11,371,1,False,1,-1.5941224757490475,2.034334722141276,Financed Value Seekers
C1796,Individual,Betty,Hughes,1950-09-21,F,USA,California,Investment,5,Yes,Client,74.3,Domestic,USA,3,1158919.94,386306.64666666667,425005.86,1286.4833333333333,1379.64,3,0.0,2024-01-07,2025-01-11,370,1,True,2,-0.18698151402652213,-0.6685737709631107,Premium Buyers
C1797,Individual,Katherine,Howard,1957-02-26,F,USA,Oregon,Personal Use,3,Yes,Website,67.9,Domestic,USA,3,910545.9199999999,303515.30666666664,337603.6,1033.6200000000001,1095.85,3,0.0,2024-01-04,2025-01-12,374,0,False,1,-1.9963929712088586,0.16888919013280204,Financed Value Seekers
C1798,Individual,Bryan,Peterson,1966-08-10,M,USA,Arizona,Investment,1,Yes,Website,58.4,Domestic,USA,4,1601121.79,400280.4475,575322.53,1263.96,1868.01,4,0.5,2024-01-02,2025-01-10,374,2,True,2,1.8971003687366137,0.17588185226472308,Premium Buyers
C1799,Individual,Cheryl,Freeman,1950-01-11,F,USA,Colorado,Personal Use,5,No,Agency,75.0,Domestic,USA,4,1022792.49,255698.1225,365006.8,823.6625,1224.91,4,0.0,2024-01-03,2025-01-03,366,9,False,1,-1.703758770218197,2.0796706651794934,Financed Value Seekers
C1800,Individual,James,Campbell,1944-04-13,M,USA,Oregon,Personal Use,1,No,Client,80.8,Domestic,USA,3,1120963.1,373654.3666666667,539648.88,1301.6499999999999,1757.51,3,0.3333333333333333,2024-01-08,2024-01-08,0,370,False,0,-0.26559062439134157,-2.6611760488446725,Core Growth Buyers
C1801,Individual,Jose,Howard,1964-02-08,M,USA,California,Personal Use,5,Yes,Website,60.9,Domestic,USA,3,1473065.73,491021.91,734629.38,1422.97,1920.65,3,0.3333333333333333,2024-01-08,2025-01-09,367,3,False,2,2.730024226390334,-2.0416352537951914,Premium Buyers
C1802,Individual,Jack,Morris,1948-03-26,M,USA,Nevada,Investment,1,No,Client,76.8,Domestic,USA,4,1155979.49,288994.8725,386196.25,1011.5875,1388.61,4,0.0,2024-01-01,2025-01-04,369,8,True,1,-0.9155618714961885,1.4919802769447388,Financed Value Seekers
C1803,Individual,Susan,Bennett,1987-04-14,F,Canada,Quebec,Investment,5,No,Agency,37.7,International,Canada,3,1329728.19,443242.73,588353.61,1443.9800000000002,1802.24,3,0.3333333333333333,2024-01-04,2025-01-10,372,2,True,2,1.4485213232499503,-1.7359116745507093,Premium Buyers
C1804,Individual,Albert,Kim,1989-03-03,M,USA,California,Personal Use,1,No,Website,35.9,Domestic,USA,4,1735376.55,433844.1375,563448.9,1504.0974999999999,1941.62,4,0.0,2024-01-04,2025-01-06,368,6,False,2,2.6100903137384788,-0.3328094975985478,Premium Buyers
C1805,Individual,Austin,Kim,1953-01-09,M,UK,Northern Ireland,Investment,3,No,Website,72.0,International,UK,4,1871670.17,467917.5425,553251.13,1699.3675,1806.7,4,0.25,2024-01-05,2025-01-11,372,1,True,2,3.456801678347786,-0.5847256523997257,Premium Buyers
C1806,Individual,Martha,Turner,1967-04-13,F,Australia,New South Wales,Investment,2,No,Agency,57.8,International,Other,3,974821.86,324940.62,463318.62,1049.3066666666666,1523.22,3,0.0,2024-01-10,2024-01-12,2,366,True,0,-1.7559593048214304,-1.9359867594779723,Core Growth Buyers
C1807,Individual,Angela,Allen,1957-02-05,F,France,Brittany,Personal Use,5,No,Website,67.9,International,France,3,1520931.78,506977.26,720719.85,1469.18,1925.28,3,0.3333333333333333,2024-01-07,2025-01-12,371,0,False,2,2.9094709562154484,-2.140622176968435,Premium Buyers
C1808,Individual,Victoria,Stewart,1990-01-08,F,USA,Washington,Investment,2,No,Client,35.0,Domestic,USA,4,1102931.4500000002,275732.86250000005,411172.03,989.46,1347.67,4,0.0,2024-01-02,2025-01-08,372,4,True,1,-1.0524912719824766,1.4028351691442063,Financed Value Seekers
C1809,Individual,Laura,White,1981-05-03,F,USA,New York,Personal Use,4,Yes,Agency,43.7,Domestic,USA,4,1221253.05,305313.2625,435031.56,1104.2925,1659.02,4,0.0,2024-01-01,2024-01-09,8,369,False,0,-0.7961338606348214,-0.42269867644894715,Core Growth Buyers
C1810,Individual,Maria,Collins,1945-01-06,F,USA,Texas,Personal Use,3,No,Agency,80.0,Domestic,USA,3,991862.87,330620.95666666667,445150.57,1138.4233333333334,1365.73,3,0.0,2024-01-02,2024-01-11,9,367,False,0,-1.496732406980748,-1.8864404814206495,Core Growth Buyers
C1811,Individual,Stephanie,Williams,1958-02-16,F,USA,California,Personal Use,3,Yes,Agency,66.9,Domestic,USA,4,1189519.9,297379.975,503113.61,1029.73,1629.83,4,0.0,2024-01-02,2025-01-10,374,2,False,1,-0.1822678641604193,1.2405875930220351,Financed Value Seekers
C1812,Individual,Ryan,White,1977-04-18,M,France,Provence,Personal Use,5,Yes,Website,47.7,International,France,4,1080880.0,270220.0,406648.6,955.7624999999999,1495.57,4,0.25,2024-01-05,2025-01-06,367,6,False,1,-1.0958255134291313,1.5639854581065444,Financed Value Seekers
C1813,Individual,Walter,Jordan,1947-12-02,M,Germany,Hamburg,Investment,3,Yes,Website,77.1,International,Germany,4,1552316.39,388079.0975,520934.42,1294.645,1651.02,4,0.5,2024-01-01,2025-01-04,369,8,True,2,1.5779505749630838,0.3688047120270969,Premium Buyers
C1814,Individual,Scott,Roberts,1987-04-07,M,Denmark,North Denmark,Personal Use,2,No,Website,37.8,International,Other,4,1303261.99,325815.4975,392801.93,1153.0825,1426.22,4,0.0,2024-01-01,2025-01-08,373,4,False,1,-0.21100565793785253,0.9833985238210987,Financed Value Seekers
C1815,Individual,Aaron,Carter,1949-03-26,M,USA,California,Personal Use,5,No,Agency,75.8,Domestic,USA,4,1182628.3,295657.075,549102.55,942.035,1678.3,4,0.25,2024-01-03,2025-01-07,370,5,False,1,-0.06649100221612952,1.3493627190278796,Financed Value Seekers
C1816,Individual,Sean,Miller,1962-04-08,M,Canada,Quebec,Personal Use,2,No,Website,62.8,International,Canada,4,1078876.87,269719.2175,390892.15,909.9825,1417.31,4,0.0,2024-01-03,2025-01-09,372,3,False,1,-1.3289733847008296,1.686108992531162,Financed Value Seekers
C1817,Individual,Cynthia,Garcia,1944-07-28,F,USA,Virginia,Personal Use,1,No,Agency,80.5,Domestic,USA,3,1240667.65,413555.8833333333,559209.89,1412.0199999999998,1741.96,3,0.0,2024-01-11,2025-01-12,367,0,False,2,0.9286014017392438,-1.3862045782524623,Premium Buyers
C1818,Individual,Christine,Wood,1994-08-17,F,USA,Washington,Investment,5,Yes,Website,30.4,Domestic,USA,3,814797.06,271599.02,309389.23,851.4266666666667,1033.2,3,0.0,2024-01-12,2025-01-11,365,1,True,1,-2.8728138252705513,0.5470593267064424,Financed Value Seekers
C1819,Individual,William,Brown,1963-02-11,M,Russia,Krasnodar Krai,Personal Use,1,No,Website,61.9,International,Other,3,1067644.33,355881.44333333336,405297.57,1339.7466666666667,1741.96,3,0.0,2024-01-02,2024-01-08,6,370,False,0,-1.1183135363245442,-2.412951249646932,Core Growth Buyers
C1820,Individual,Nicholas,Howard,1979-08-21,M,France,Provence,Personal Use,3,No,Website,45.4,International,France,4,970434.94,242608.735,338313.48,840.8725,1174.48,4,0.0,2024-01-08,2025-01-06,364,6,False,1,-2.060613224311876,1.9447896731622865,Financed Value Seekers
C1821,Individual,Adam,Smith,1944-10-22,M,USA,Nevada,Personal Use,5,No,Website,80.2,Domestic,USA,4,1733692.6199999999,433423.15499999997,662403.71,1244.8049999999998,1599.78,4,0.5,2024-01-06,2025-01-05,365,7,False,2,2.8043917439463386,0.12424158142548675,Premium Buyers
C1822,Individual,Frank,Weaver,1996-02-28,M,USA,Oregon,Investment,5,Yes,Website,28.9,Domestic,USA,4,1388147.75,347036.9375,488803.45,1184.81,1618.34,4,0.0,2024-01-03,2024-01-12,9,366,True,0,0.1323129437509529,-0.799527091818359,Core Growth Buyers
C1823,Individual,Jacob,Watson,1967-08-11,M,USA,Oregon,Personal Use,4,Yes,Website,57.4,Domestic,USA,3,993925.86,331308.62,454589.3,994.8266666666667,1251.45,3,0.3333333333333333,2024-01-07,2025-01-09,368,3,False,1,-1.1731484156044054,-0.19995735774633108,Financed Value Seekers
C1824,Individual,Jeffrey,Weaver,1962-09-05,M,USA,California,Personal Use,3,No,Website,62.4,Domestic,USA,4,945036.97,236259.2425,301253.43,857.7574999999999,1237.23,4,0.25,2024-01-02,2025-01-10,374,2,False,1,-2.175205986011864,2.104816193637615,Financed Value Seekers
C1825,Individual,Eric,Jones,1956-12-28,M,Mexico,Nuevo Leon,Personal Use,2,No,Agency,68.0,International,Other,4,948769.9299999999,237192.48249999998,359484.97,802.7125,1157.23,4,0.0,2024-01-02,2024-01-12,10,366,False,0,-2.5987616463434846,0.46118545788114157,Core Growth Buyers
C1826,Individual,Jack,Williams,1951-06-08,M,USA,Ohio,Personal Use,4,No,Client,73.6,Domestic,USA,4,1300035.21,325008.8025,402845.37,1159.5325,1445.84,4,0.25,2024-01-03,2025-01-05,368,7,False,1,-0.009848739850707826,1.1406658194088544,Financed Value Seekers
C1827,Individual,Donald,Thompson,1973-01-02,M,USA,New York,Personal Use,5,Yes,Website,52.0,Domestic,USA,4,1221529.77,305382.4425,483612.33,988.7175,1653.93,4,0.25,2024-01-08,2025-01-04,362,8,False,1,-0.19863949527080177,1.2699681209501956,Financed Value Seekers
C1828,Individual,William,Wood,1991-11-15,M,USA,California,Investment,2,Yes,Website,33.2,Domestic,USA,4,1199213.25,299803.3125,500475.25,1114.2125,1629.83,4,0.25,2025-01-05,2025-01-07,2,5,True,1,-0.29677607196656236,0.09707123452231797,Financed Value Seekers
C1829,Individual,Rachel,Ward,1997-07-17,F,USA,California,Personal Use,5,Yes,Agency,27.5,Domestic,USA,3,1194095.83,398031.94333333336,544862.08,1394.21,1738.5,3,0.3333333333333333,2024-01-06,2025-01-12,372,0,False,2,0.6904724106325677,-1.3922359108041795,Premium Buyers
C1830,Individual,Virginia,Owens,1959-03-20,F,USA,Arizona,Personal Use,3,No,Website,65.8,Domestic,USA,3,1363309.64,454436.54666666663,518130.19,1487.6599999999999,1833.96,3,0.3333333333333333,2024-01-04,2025-01-10,372,2,False,2,1.4014041271482247,-1.6052793557687441,Premium Buyers
C1831,Individual,Janice,Smith,1950-09-15,F,Russia,Tatarstan,Personal Use,3,No,Website,74.3,International,Other,4,1004720.27,251180.0675,416215.94,972.335,1728.84,4,0.0,2024-01-02,2025-01-10,374,2,False,1,-1.2727136888359063,1.68791917692893,Financed Value Seekers
C1832,Individual,Henry,Garcia,1987-04-21,M,USA,Oregon,Investment,1,Yes,Website,37.7,Domestic,USA,4,1282390.94,320597.735,582747.93,1103.3225,1940.69,4,0.0,2024-01-02,2025-01-08,372,4,True,2,0.5387355265900533,0.6995554427948136,Premium Buyers
C1833,Individual,Jennifer,Weaver,1948-01-17,F,USA,Arizona,Investment,1,Yes,Website,77.0,Domestic,USA,3,1132086.83,377362.2766666667,454723.5,1357.1933333333334,1630.82,3,0.0,2024-01-09,2025-01-12,369,0,True,2,-0.060299727584150774,-0.9312550695359703,Premium Buyers
C1834,Individual,Zachary,Phillips,1963-03-13,M,Belgium,Flanders,Investment,5,No,Agency,61.8,International,Belgium,4,1222274.5999999999,305568.64999999997,484614.3,948.835,1300.05,4,0.25,2024-01-01,2025-01-12,377,0,True,1,-0.30270163969945196,1.3718682864446556,Financed Value Seekers
C1835,Individual,Nicole,Pierce,1959-10-25,F,Canada,Alberta,Investment,4,Yes,Agency,65.2,International,Canada,3,739211.6,246403.86666666667,362373.17,849.7466666666668,1272.95,3,0.0,2024-01-05,2025-01-02,363,10,True,1,-2.9178376936412014,0.5619965287461712,Financed Value Seekers
C1836,Individual,Judy,Wood,1960-10-08,F,USA,California,Investment,1,Yes,Website,64.3,Domestic,USA,4,1213775.31,303443.8275,433286.92,958.755,1401.81,4,0.25,2024-01-02,2025-01-11,375,1,True,1,-0.5760450630989202,1.3753752763664389,Financed Value Seekers
C1837,Individual,Julia,Freeman,1950-04-06,F,USA,California,Personal Use,2,Yes,Client,74.8,Domestic,USA,4,1507583.69,376895.9225,523732.73,1333.2775,1817.64,4,0.0,2024-01-06,2025-01-05,365,7,False,2,1.462324179462469,0.39895599466655846,Premium Buyers
C1838,Individual,Joyce,Morales,1965-01-14,F,Canada,Alberta,Investment,1,No,Agency,60.0,International,Canada,4,1266344.58,316586.145,394185.4,1030.83,1281.85,4,0.25,2024-01-04,2025-01-11,373,1,True,1,-0.5312474705000523,1.2077879107546479,Financed Value Seekers
C1839,Individual,Kyle,Gray,1943-01-21,M,USA,California,Investment,2,No,Agency,82.0,Domestic,USA,4,967894.54,241973.635,328156.51,821.355,1227.01,4,0.0,2024-01-01,2025-01-11,376,1,True,1,-2.099228431976447,2.1646225760435303,Financed Value Seekers
C1840,Individual,Gerald,Weaver,1986-06-22,M,UK,England,Investment,3,No,Website,38.6,International,UK,3,911506.03,303835.3433333333,490529.51,1064.7333333333333,1757.51,3,0.3333333333333333,2024-01-04,2025-01-02,364,10,True,1,-1.2664057297912379,-0.447269893907245,Financed Value Seekers
C1841,Individual,Austin,Williams,1947-05-27,M,USA,New York,Personal Use,4,No,Website,77.6,Domestic,USA,4,1612088.13,403022.0325,556524.23,1374.585,1940.69,4,0.0,2024-01-01,2025-01-11,376,1,False,2,2.094487009918925,0.3129565394922613,Premium Buyers
C1842,Corporate,Rexon,Co,1978-10-08,M,Canada,Alberta,Personal Use,3,Yes,Agency,46.3,International,Canada,3,1252827.37,417609.12333333335,592554.14,1407.5133333333333,1720.95,3,0.0,2024-01-02,2024-01-09,7,369,False,0,0.5573994708669063,-3.1555573348286825,Core Growth Buyers
C1843,Individual,Jose,Stone,1952-06-18,M,Germany,Hesse,Personal Use,4,No,Website,72.6,International,Germany,4,1487849.65,371962.4125,564487.75,1218.84,1862.29,4,0.25,2024-01-01,2025-01-01,366,11,False,2,1.4293394270587134,0.5131723345662833,Premium Buyers
C1844,Individual,Grace,Howard,1978-07-21,F,USA,Ohio,Personal Use,1,No,Agency,46.5,Domestic,USA,4,1033138.51,258284.6275,364629.72,837.88,1185.72,4,0.25,2024-01-01,2025-01-11,376,1,False,1,-1.7304690249210797,1.7751725686784265,Financed Value Seekers
C1845,Individual,Joshua,Green,1949-09-11,M,USA,California,Investment,1,Yes,Website,75.3,Domestic,USA,3,889124.6799999999,296374.8933333333,561305.34,972.0533333333333,1755.05,3,0.0,2024-01-05,2025-01-07,368,5,True,1,-1.170065694800844,-0.21971281262386522,Financed Value Seekers
C1846,Individual,Sara,Allen,1985-10-26,F,Russia,Novosibirsk,Personal Use,5,Yes,Agency,39.2,International,Other,3,886017.55,295339.18333333335,359371.65,980.8699999999999,1198.57,3,0.0,2024-01-08,2025-01-04,362,8,False,1,-2.1677988298623547,0.09059843297765088,Financed Value Seekers
C1847,Individual,Brian,Griffin,1952-04-01,M,USA,Utah,Personal Use,4,No,Website,72.8,Domestic,USA,4,1080850.85,270212.7125,539787.73,859.7125,1669.84,4,0.0,2024-01-02,2025-01-05,369,7,False,1,-0.6194385526142842,1.6053940042840291,Financed Value Seekers
C1848,Individual,Sarah,Davis,1993-07-17,F,USA,California,Personal Use,2,No,Website,31.5,Domestic,USA,4,1595352.82,398838.205,598972.24,1295.0974999999999,1797.81,4,0.25,2024-01-06,2024-01-12,6,366,False,0,1.4960014211795027,-1.5351714475302023,Core Growth Buyers
C1849,Individual,Joseph,Wilson,1976-09-02,M,Canada,Alberta,Investment,3,Yes,Website,48.4,International,Canada,3,1019239.08,339746.36,386163.72,1016.7633333333333,1163.06,3,0.3333333333333333,2024-01-04,2025-01-02,364,10,True,1,-1.4599038902622015,-0.2667199853773254,Financed Value Seekers
C1850,Individual,Gregory,Miller,1971-07-25,M,USA,New York,Investment,5,Yes,Agency,53.5,Domestic,USA,4,1380990.75,345247.6875,514705.32,1176.685,1809.87,4,0.0,2024-01-06,2025-01-08,368,4,True,2,0.7386844223129532,0.811897762934165,Premium Buyers
C1851,Individual,Kimberly,Miller,1954-06-08,F,UK,England,Personal Use,3,Yes,Agency,70.6,International,UK,4,1552543.97,388135.9925,568142.17,1153.5575,1599.81,4,0.75,2024-01-05,2025-01-03,364,9,False,2,1.5458529363235884,0.3971594750146644,Premium Buyers
C1852,Individual,Julie,Hall,1997-12-15,F,USA,Virginia,Personal Use,4,No,Website,27.1,Domestic,USA,3,1674072.07,558024.0233333333,662938.18,1733.68,1938.82,3,0.3333333333333333,2024-01-10,2025-01-04,360,8,False,2,3.616917290479181,-2.868239091804036,Premium Buyers
C1853,Individual,Jennifer,Owens,1949-02-24,F,USA,Virginia,Investment,4,No,Website,75.9,Domestic,USA,4,1207329.15,301832.2875,474524.95,1012.5575,1625.38,4,0.0,2024-01-02,2025-01-09,373,3,True,1,-0.25164491045225923,1.408333419395561,Financed Value Seekers
C1854,Corporate,Rexon,Co,1960-03-23,M,France,Ile-de-France,Investment,1,No,Client,64.8,International,France,4,1387997.02,346999.255,585205.19,1104.2925,1659.02,4,0.0,2024-01-03,2025-01-03,366,9,True,2,0.8644233109678188,0.6408487033433329,Premium Buyers
C1855,Individual,Gloria,Hansen,1984-02-07,F,USA,California,Personal Use,2,Yes,Website,40.9,Domestic,USA,4,1117305.8599999999,279326.46499999997,409255.12,874.6275,1261.65,4,0.0,2024-01-06,2025-01-10,370,2,False,1,-1.196237840958389,1.6171108306392692,Financed Value Seekers
C1856,Corporate,Altira,Co,1994-05-24,M,USA,Virginia,Personal Use,2,No,Website,30.6,Domestic,USA,3,1216231.4300000002,405410.47666666674,586091.18,1334.1000000000001,1768.9,3,0.0,2024-01-02,2024-01-11,9,367,False,0,0.26890769168512874,-3.0028550983507243,Core Growth Buyers
C1857,Individual,Walter,Johnson,1987-03-22,M,USA,California,Investment,2,Yes,Website,37.8,Domestic,USA,3,919814.94,306604.98,372884.46,932.37,1010.7,3,0.3333333333333333,2024-01-09,2025-01-10,367,2,True,1,-2.0369095104948514,0.010194252992846414,Financed Value Seekers
C1858,Individual,Amy,Hayes,1958-06-05,F,USA,Colorado,Personal Use,5,No,Website,66.6,Domestic,USA,3,1161958.29,387319.43,516468.06,1267.5866666666668,1678.17,3,0.0,2024-01-03,2024-01-06,3,372,False,0,-0.2674489292897541,-2.445597592189273,Core Growth Buyers
C1859,Individual,Zachary,Taylor,1943-11-18,M,USA,California,Personal Use,5,Yes,Client,81.2,Domestic,USA,4,1087561.59,271890.3975,380297.96,862.28,1268.45,4,0.5,2024-01-06,2025-01-10,370,2,False,1,-1.267328183386734,1.8937522170483818,Financed Value Seekers
C1860,Corporate,Caldera,Co,1970-07-17,F,USA,California,Personal Use,4,Yes,Agency,54.5,Domestic,USA,4,1661197.49,415299.3725,496217.67,1338.8999999999999,1657.84,4,0.0,2024-01-01,2024-01-07,6,371,False,0,1.309369916375767,-1.2793113697513738,Core Growth Buyers
C1861,Individual,Nathan,Evans,1982-01-08,M,USA,California,Investment,3,Yes,Website,43.0,Domestic,USA,4,1475178.95,368794.7375,508804.43,1239.9025000000001,1940.69,4,0.0,2024-01-07,2025-01-05,364,7,True,2,1.0801007023457871,0.5289959946244273,Premium Buyers
C1862,Individual,Joshua,Long,1953-08-22,M,USA,California,Personal Use,1,Yes,Website,71.4,Domestic,USA,3,988771.17,329590.39,462577.28,1076.69,1519.64,3,0.0,2024-01-01,2025-01-06,371,6,False,1,-1.0759127517834561,-0.335016327877768,Financed Value Seekers
C1863,Individual,Megan,Hansen,1948-03-04,F,UK,Scotland,Personal Use,3,No,Website,76.9,International,UK,4,1281313.02,320328.255,462169.28,1039.19,1431.42,4,0.0,2024-01-10,2025-01-02,358,10,False,1,-0.08326638631073835,1.2101401964959702,Financed Value Seekers
C1864,Individual,Hannah,Weaver,1972-04-25,F,USA,New York,Personal Use,5,Yes,Website,52.7,Domestic,USA,4,1131730.6,282932.65,494313.18,1027.325,1809.87,4,0.25,2024-01-02,2025-01-06,370,6,False,1,-0.3401264396121332,1.2882713702056017,Financed Value Seekers
C1865,Individual,Sean,Rogers,1974-01-11,M,USA,Arizona,Investment,4,No,Website,51.0,Domestic,USA,3,1092253.24,364084.41333333333,423654.2,1196.1733333333334,1608.56,3,0.3333333333333333,2024-01-06,2025-01-12,372,0,True,1,-0.6002589955390013,-0.6025890143794895,Financed Value Seekers
C1866,Individual,Joyce,Martin,1971-08-23,F,USA,Nevada,Personal Use,2,No,Agency,53.4,Domestic,USA,4,1620195.43,405048.8575,490055.89,1380.26,1598.95,4,0.0,2024-01-07,2025-01-09,368,3,False,2,1.6994708141929427,0.21121043878887064,Premium Buyers
C1867,Individual,Robert,Richardson,1952-01-13,M,USA,California,Personal Use,2,Yes,Website,73.0,Domestic,USA,3,761781.8,253927.2666666667,423673.58,791.0400000000001,1241.14,3,0.3333333333333333,2024-01-02,2025-01-07,371,5,False,1,-2.555288089202849,0.491609574380064,Financed Value Seekers
C1868,Individual,Michelle,Thomas,1975-11-28,F,UK,Wales,Personal Use,1,No,Website,49.1,International,UK,4,1469394.43,367348.6075,537563.89,1198.3725,1866.15,4,0.25,2024-01-01,2025-01-07,372,5,False,2,1.116116070717105,0.43888996946515707,Premium Buyers
C1869,Individual,Margaret,Campbell,1975-10-05,F,Mexico,Nuevo Leon,Personal Use,5,No,Client,49.3,International,Other,4,1335399.36,333849.84,457748.53,1132.7375,1493.72,4,0.25,2024-01-01,2025-01-06,371,6,False,1,0.25092889697857246,0.9469795211469321,Financed Value Seekers
C1870,Individual,Lawrence,Moore,1980-10-13,M,USA,Washington,Investment,1,No,Agency,44.2,Domestic,USA,3,680865.94,226955.31333333332,295517.69,842.68,1051.39,3,0.3333333333333333,2024-01-03,2025-01-06,369,6,True,1,-3.4673248167630413,0.5888123693509156,Financed Value Seekers
C1871,Individual,Amy,Reyes,1961-10-18,F,USA,Texas,Personal Use,1,Yes,Website,63.2,Domestic,USA,4,1096466.77,274116.6925,361953.92,1000.415,1445.84,4,0.25,2024-01-02,2025-01-12,376,0,False,1,-1.1834748029981497,1.5521877591506423,Financed Value Seekers
C1872,Individual,Raymond,Jones,1940-10-23,M,Mexico,Mexico City,Personal Use,5,No,Client,84.2,International,Other,3,1284121.27,428040.42333333334,542533.89,1452.2633333333333,1827.25,3,0.0,2024-01-02,2025-01-02,366,10,False,2,1.1275483301287434,-1.3672602739241895,Premium Buyers
C1873,Individual,Cheryl,Collins,1959-03-10,F,Canada,British Columbia,Personal Use,5,No,Agency,65.8,International,Canada,4,841611.53,210402.8825,357647.97,727.265,1250.17,4,0.25,2024-01-03,2024-01-11,8,367,False,0,-2.9928935141614432,0.7326176470946241,Core Growth Buyers
C1874,Individual,Justin,Cooper,1972-11-18,M,USA,Colorado,Investment,1,No,Agency,52.2,Domestic,USA,3,1058361.99,352787.33,463077.47,1125.17,1562.55,3,0.0,2024-01-02,2024-01-10,8,368,True,0,-1.302413892110085,-2.179905004351367,Core Growth Buyers
C1875,Individual,Melissa,Roberts,1943-09-13,F,USA,Nevada,Personal Use,2,No,Client,81.3,Domestic,USA,3,1220153.8599999999,406717.9533333333,492821.75,1339.73,1721.96,3,0.3333333333333333,2024-01-09,2025-01-02,359,10,False,2,0.4576209657724688,-1.1580099597329347,Premium Buyers
C1876,Corporate,Bravada,Co,1981-03-17,M,USA,Ohio,Investment,4,Yes,Website,43.8,Domestic,USA,3,1543986.34,514662.11333333334,676167.22,1523.6933333333334,1897.17,3,0.0,2024-01-07,2025-01-11,370,1,True,2,2.7912474073946365,-2.2159312943739007,Premium Buyers
C1877,Individual,Walter,Bryant,1961-09-16,M,USA,Arizona,Personal Use,5,No,Agency,63.3,Domestic,USA,3,905899.79,301966.5966666667,470763.27,1008.13,1606.58,3,0.3333333333333333,2024-01-03,2025-01-11,374,1,False,1,-1.3723765232386353,-0.08203064666527327,Financed Value Seekers
C1878,Individual,Paul,Rogers,1967-10-07,M,USA,Washington,Personal Use,5,No,Agency,57.3,Domestic,USA,3,958603.36,319534.4533333333,508552.39,1097.4366666666667,1581.88,3,0.0,2024-01-01,2025-01-02,367,10,False,1,-0.8991628833633707,-0.37173493145024866,Financed Value Seekers
C1879,Individual,Deborah,Roberts,1977-01-23,F,USA,New York,Personal Use,3,No,Website,48.0,Domestic,USA,3,1536294.68,512098.2266666666,584091.39,1504.28,1765.37,3,0.3333333333333333,2024-01-05,2025-01-09,370,3,False,2,2.3340639100254656,-2.0718306439430694,Premium Buyers
C1880,Individual,Joan,Morales,1998-01-22,F,USA,California,Personal Use,5,Yes,Client,27.0,Domestic,USA,4,1319939.53,329984.8825,543500.27,1053.27,1699.02,4,0.0,2024-01-01,2025-01-03,368,9,False,2,0.41715558316999113,0.8956217502366404,Premium Buyers
C1881,Individual,Brenda,Phillips,1989-09-13,F,USA,Oregon,Personal Use,2,Yes,Website,35.3,Domestic,USA,3,972731.0900000001,324243.6966666667,392351.64,1127.1499999999999,1294.85,3,0.3333333333333333,2024-01-05,2025-01-01,362,11,False,1,-1.3812185405476038,-0.4591030755451931,Financed Value Seekers
C1882,Individual,Deborah,Turner,1960-03-22,F,USA,Virginia,Investment,3,No,Website,64.8,Domestic,USA,3,884144.1,294714.7,437974.4,934.4333333333334,1481.82,3,0.0,2024-01-04,2024-01-08,4,370,True,0,-2.332156660552266,-1.4530016814725166,Core Growth Buyers
C1883,Individual,Sean,Peterson,1941-02-11,M,USA,California,Personal Use,1,No,Agency,83.9,Domestic,USA,4,1877399.3199999998,469349.82999999996,597724.45,1489.11,1875.83,4,0.0,2024-01-02,2024-01-09,7,369,False,0,2.7429844333818987,-1.8984123753286029,Core Growth Buyers
C1884,Individual,Terry,Bell,1954-08-06,M,USA,Nevada,Personal Use,5,Yes,Website,70.4,Domestic,USA,3,930994.2100000001,310331.4033333334,528465.5,997.4133333333333,1692.61,3,0.0,2024-01-01,2024-01-08,7,370,False,0,-1.547147927100856,-1.7001534005280734,Core Growth Buyers
C1885,Individual,Ryan,Bell,1967-10-26,M,Germany,Hamburg,Personal Use,1,Yes,Agency,57.2,International,Germany,4,1740983.97,435245.9925,519657.03,1564.0774999999999,1839.34,4,0.0,2024-01-03,2024-01-11,8,367,False,0,2.0148128741642473,-1.8877077163324536,Core Growth Buyers
C1886,Individual,Maria,Richardson,1999-11-16,F,USA,California,Personal Use,5,No,Website,25.2,Domestic,USA,3,774293.9299999999,258097.97666666665,317660.44,842.68,1051.39,3,0.0,2024-01-05,2025-01-06,367,6,False,1,-2.9933748378559795,0.570092050815261,Financed Value Seekers
C1887,Individual,Emma,Campbell,1986-01-07,F,USA,Oregon,Investment,1,No,Agency,39.0,Domestic,USA,3,822999.76,274333.25333333336,414588.69,941.2099999999999,1496.62,3,0.0,2024-01-05,2025-01-06,367,6,True,1,-2.2565543520294193,0.036986082167389675,Financed Value Seekers
C1888,Individual,Donald,Griffin,1962-08-06,M,USA,California,Personal Use,3,No,Website,62.4,Domestic,USA,4,981962.01,245490.5025,317102.87,820.9224999999999,1157.23,4,0.0,2024-01-02,2025-01-04,368,8,False,1,-2.0999818544173445,2.1205271336561813,Financed Value Seekers
C1889,Individual,Matthew,Richardson,1987-07-10,M,USA,California,Personal Use,4,Yes,Website,37.5,Domestic,USA,3,1193609.3,397869.76666666666,425609.69,1205.9633333333334,1285.87,3,0.3333333333333333,2024-01-03,2024-01-11,8,367,False,0,-0.7266560991893989,-2.4022208689204363,Core Growth Buyers
C1890,Individual,Mark,Nelson,1954-03-12,M,Canada,Ontario,Personal Use,4,No,Client,70.8,International,Canada,4,1209659.27,302414.8175,483647.09,1042.1725000000001,1631.24,4,0.25,2024-01-05,2024-01-12,7,366,False,0,-0.6658831485870749,-0.3657992206864619,Core Growth Buyers
C1891,Individual,Gary,James,1972-06-02,M,USA,Oregon,Personal Use,2,No,Agency,52.6,Domestic,USA,4,1466482.7999999998,366620.69999999995,460945.04,1244.8049999999998,1599.78,4,0.25,2024-01-01,2025-01-09,374,3,False,2,0.8665198126598468,0.5896930333271679,Premium Buyers
C1892,Individual,Nancy,Jones,1951-06-06,F,USA,Nevada,Investment,5,Yes,Agency,73.6,Domestic,USA,3,978638.94,326212.98,448573.99,1033.4833333333333,1300.91,3,0.0,2024-01-02,2025-01-09,373,3,True,1,-1.2115748114781304,-0.07713063350393684,Financed Value Seekers
C1893,Individual,Ann,Davis,1962-12-27,F,USA,Washington,Personal Use,1,Yes,Website,62.0,Domestic,USA,4,1458732.84,364683.21,554107.09,1146.0149999999999,1678.3,4,0.25,2025-01-04,2025-01-10,6,2,False,2,0.8651933700346883,-0.19408401702853992,Premium Buyers
C1894,Individual,Joyce,Hall,1944-03-11,F,USA,Texas,Investment,4,No,Website,80.8,Domestic,USA,4,1284918.37,321229.5925,396878.27,1027.81,1239.87,4,0.25,2024-01-07,2025-01-11,370,1,True,1,-0.3128547842694521,1.4447312123651206,Financed Value Seekers
C1895,Corporate,Caldera,Co,1969-01-07,M,USA,Nevada,Investment,4,No,Agency,56.0,Domestic,USA,3,1170571.86,390190.62000000005,564033.78,1308.5133333333333,1616.99,3,0.3333333333333333,2024-01-03,2025-01-08,371,4,True,2,0.5477143166900336,-1.1864264480506836,Premium Buyers
C1896,Individual,Andrew,Bryant,1955-06-17,M,USA,Virginia,Investment,3,No,Agency,69.6,Domestic,USA,3,1158311.0,386103.6666666667,572824.93,1139.1533333333334,1523.02,3,0.0,2024-01-03,2025-01-04,367,8,True,2,0.1751595243087901,-0.8473714624398654,Premium Buyers
C1897,Individual,Catherine,Rogers,1950-12-27,F,Canada,Ontario,Personal Use,2,No,Website,74.0,International,Canada,4,1108918.3399999999,277229.58499999996,444913.24,941.61,1478.43,4,0.0,2024-01-04,2025-01-07,369,5,False,1,-0.901413687466478,1.5346825382932774,Financed Value Seekers
C1898,Individual,Daniel,James,1979-01-05,M,USA,New York,Personal Use,1,Yes,Website,46.0,Domestic,USA,4,1159717.54,289929.385,403626.01,951.8199999999999,1355.85,4,0.25,2024-01-04,2025-01-08,370,4,False,1,-0.9223744992296457,1.399103065108798,Financed Value Seekers
C1899,Individual,Joe,Mitchell,1996-04-05,M,UK,England,Personal Use,3,No,Website,28.8,International,UK,3,1001627.28,333875.76,453922.16,1221.3833333333334,1723.2,3,0.0,2024-01-05,2025-01-04,365,8,False,1,-0.8656786342779808,-0.7216805066973869,Financed Value Seekers
C1900,Individual,Rachel,Griffin,1998-09-07,F,UK,England,Investment,4,No,Client,26.3,International,UK,4,1185889.79,296472.4475,459585.99,1210.7375000000002,1899.92,4,0.25,2024-01-01,2024-01-10,9,368,True,0,-0.6167440038860748,-0.7490379143110718,Core Growth Buyers
C1901,Individual,Justin,Stewart,1982-09-17,M,Canada,British Columbia,Personal Use,4,No,Agency,42.3,International,Canada,4,1357680.7,339420.175,478845.33,1151.37,1598.85,4,0.25,2024-01-10,2025-01-12,368,0,False,2,0.42162460318108264,0.7871716247924383,Premium Buyers
C1902,Corporate,Grandis,Co,1980-11-09,M,USA,Colorado,Investment,2,No,Agency,44.2,Domestic,USA,4,1127600.93,281900.2325,323302.12,885.395,1070.46,4,0.25,2024-01-01,2025-01-05,370,7,True,1,-1.5542545258909866,1.7005378226451122,Financed Value Seekers
C1903,Individual,Nicole,Bennett,1991-12-01,F,USA,Nevada,Personal Use,2,No,Website,33.1,Domestic,USA,4,1453139.0699999998,363284.76749999996,452279.2,1192.72,1590.69,4,0.0,2024-01-03,2025-01-06,369,6,False,2,0.6319589006961713,0.6752808090659967,Premium Buyers
C1904,Individual,Christian,Nelson,1949-03-23,M,USA,Texas,Personal Use,2,Yes,Website,75.8,Domestic,USA,4,1337265.67,334316.4175,406088.62,1073.7375,1222.69,4,0.0,2024-01-05,2025-01-10,371,2,False,1,-0.09112270106712717,1.2524559673776037,Financed Value Seekers
C1905,Individual,James,Morris,1961-02-02,M,USA,Virginia,Personal Use,1,No,Website,63.9,Domestic,USA,3,1180529.35,393509.7833333334,503790.55,1354.2933333333333,1695.03,3,0.3333333333333333,2024-01-08,2025-01-06,364,6,False,2,0.37004696492797445,-1.2274067471845822,Premium Buyers
C1906,Individual,Michelle,Adams,1955-09-15,F,USA,California,Personal Use,2,No,Agency,69.3,Domestic,USA,4,1487182.67,371795.6675,405665.29,1158.6325,1445.84,4,0.5,2024-01-02,2025-01-09,373,3,False,2,0.5643256650518967,0.8454332054516838,Premium Buyers
C1907,Individual,Kyle,Wright,1950-03-12,M,USA,Colorado,Personal Use,3,No,Website,74.8,Domestic,USA,4,1751481.1500000001,437870.28750000003,545190.41,1349.2,1817.64,4,0.75,2024-01-06,2025-01-10,370,2,False,2,2.491908046775691,0.054174380782307574,Premium Buyers
C1908,Individual,Andrea,Moore,1976-03-28,F,USA,California,Personal Use,2,No,Website,48.8,Domestic,USA,4,1543714.5,385928.625,465488.76,1324.385,1599.78,4,0.25,2024-01-01,2025-01-02,367,10,False,2,1.284175404881488,0.36028937602544636,Premium Buyers
C1909,Individual,Heather,Pierce,1985-12-04,F,USA,California,Investment,2,No,Agency,39.1,Domestic,USA,3,1238663.76,412887.92,579919.91,1313.16,1675.74,3,0.3333333333333333,2024-01-04,2025-01-02,364,10,True,2,0.7989123275997841,-1.4866505477480256,Premium Buyers
C1910,Corporate,Telnox,Co,1985-10-04,M,USA,California,Personal Use,2,Yes,Agency,39.3,Domestic,USA,4,816793.9099999999,204198.47749999998,270241.73,735.11,913.15,4,0.0,2024-01-05,2025-01-03,364,9,False,1,-3.084732469093027,2.3297402995434586,Financed Value Seekers
C1911,Individual,Noah,Murray,1989-01-11,M,USA,California,Personal Use,5,No,Agency,36.0,Domestic,USA,3,1195691.95,398563.98333333334,540051.95,1268.0466666666669,1697.13,3,0.0,2024-01-03,2025-01-01,364,11,False,2,0.38775615654369766,-1.120859326490906,Premium Buyers
C1912,Individual,Amanda,Jackson,1954-07-26,F,USA,Utah,Investment,1,No,Website,70.5,Domestic,USA,3,863871.21,287957.07,354725.86,952.0733333333334,1224.71,3,0.6666666666666666,2024-01-03,2025-01-03,366,9,True,1,-2.2057784754123424,0.11014435893138061,Financed Value Seekers
C1913,Individual,Gary,King,1980-11-12,M,France,Provence,Personal Use,5,No,Website,44.2,International,France,4,1210353.53,302588.3825,410180.27,972.245,1181.69,4,0.0,2024-01-05,2025-01-08,369,4,False,1,-0.6881755234847425,1.4589830224868192,Financed Value Seekers
C1914,Individual,Brenda,Gray,1993-08-24,F,UK,Scotland,Personal Use,4,Yes,Website,31.4,International,UK,3,1553786.78,517928.9266666667,608153.01,1584.7333333333333,1938.82,3,0.3333333333333333,2024-01-08,2025-01-01,359,11,False,2,2.6121068888280945,-2.3832484388643005,Premium Buyers
C1915,Individual,Angela,Williams,1964-06-09,F,USA,Arizona,Investment,4,No,Client,60.6,Domestic,USA,3,1015184.58,338394.86,498329.2,1076.6899999999998,1519.64,3,0.3333333333333333,2025-01-04,2025-01-11,7,1,True,0,-1.003045832967803,-1.2173393436219915,Core Growth Buyers
C1916,Individual,Zachary,Weaver,1948-10-15,M,USA,California,Investment,2,No,Website,76.2,Domestic,USA,3,1257058.52,419019.50666666665,485832.54,1303.7766666666666,1476.63,3,0.0,2024-01-09,2025-01-12,369,0,True,2,0.45252949627580197,-1.033853100056257,Premium Buyers
C1917,Individual,Angela,Montgomery,1971-09-16,F,Australia,New South Wales,Personal Use,2,No,Client,53.3,International,Other,4,1007433.23,251858.3075,371637.67,820.9224999999999,1157.23,4,0.0,2024-01-12,2025-01-11,365,1,False,1,-1.85087116984494,1.8674002809743393,Financed Value Seekers
C1918,Individual,Dorothy,Murray,1940-09-17,F,USA,California,Personal Use,1,No,Client,84.3,Domestic,USA,4,1019401.51,254850.3775,345383.67,765.6675,1004.26,4,0.5,2024-01-11,2025-01-09,364,3,False,1,-1.9060417772423361,2.0341929596861053,Financed Value Seekers
C1919,Corporate,Vantage,Co,1968-01-19,F,USA,Nevada,Investment,1,No,Website,57.0,Domestic,USA,4,1083015.76,270753.94,498317.73,929.2725,1678.3,4,0.0,2024-01-06,2025-01-12,372,0,True,1,-0.7724422781176877,1.4197582351827929,Financed Value Seekers
C1920,Individual,Jonathan,Pierce,1969-10-26,M,Germany,North Rhine-Westphalia,Personal Use,5,No,Agency,55.2,International,Germany,4,1523588.92,380897.23,577630.33,1278.045,1926.19,4,0.0,2024-01-05,2025-01-10,371,2,False,2,1.6557456152419736,0.37598743722623906,Premium Buyers
C1921,Individual,Carolyn,Adams,1956-12-24,F,France,Provence,Personal Use,5,No,Website,68.1,International,France,3,980793.6799999999,326931.2266666666,366009.11,1089.46,1288.42,3,0.6666666666666666,2024-01-12,2025-01-10,364,2,False,1,-1.4103484795069723,-0.17809760566489666,Financed Value Seekers
C1922,Individual,Jessica,Garcia,1988-01-09,F,USA,California,Personal Use,1,No,Agency,37.0,Domestic,USA,3,1549836.17,516612.05666666664,654336.12,1592.1233333333332,1833.96,3,0.0,2024-01-02,2024-01-12,10,366,False,0,2.2583260210589438,-4.027154925140807,Core Growth Buyers
C1923,Individual,Sarah,Cooper,1947-03-07,F,Mexico,Jalisco,Investment,1,Yes,Client,77.9,International,Other,4,1302917.16,325729.29,414731.61,1140.38,1481.32,4,0.25,2024-01-06,2025-01-05,365,7,True,1,-0.08471976597092187,1.004722961450017,Financed Value Seekers
C1924,Individual,Joe,Cooper,1958-01-03,M,USA,California,Personal Use,3,No,Client,67.0,Domestic,USA,4,1453954.37,363488.5925,486561.68,1253.3075,1717.49,4,0.0,2024-01-01,2025-01-07,372,5,False,2,0.9793950388899013,0.6780708707193175,Premium Buyers
C1925,Individual,Jordan,Baker,1942-01-19,M,USA,Colorado,Personal Use,2,No,Agency,83.0,Domestic,USA,4,1165252.94,291313.235,407382.75,1093.05,1623.8,4,0.25,2024-01-01,2024-01-12,11,366,False,0,-1.050257319671322,-0.2407352771450436,Core Growth Buyers
C1926,Individual,Joshua,Watson,1997-11-05,M,Mexico,Puebla,Personal Use,1,Yes,Website,27.2,International,Other,4,1238034.03,309508.5075,458341.23,1014.73,1388.61,4,0.25,2024-01-05,2025-01-01,362,11,False,1,-0.38145490424049777,0.9662137252109546,Financed Value Seekers
C1927,Individual,Victoria,Long,1952-11-05,F,USA,California,Investment,1,Yes,Website,72.2,Domestic,USA,4,1325474.94,331368.735,496630.54,1280.6875,1906.38,4,0.0,2024-01-11,2025-01-09,364,3,True,2,0.6582282746639444,0.6739525913547844,Premium Buyers
C1928,Individual,Paul,Scott,1998-02-20,M,Australia,New South Wales,Personal Use,4,Yes,Client,26.9,International,Other,3,741930.22,247310.07333333333,278982.99,736.0433333333334,810.65,3,0.0,2024-01-01,2025-01-09,374,3,False,1,-3.5652713777066096,0.7992140040615467,Financed Value Seekers
C1929,Individual,Angela,Baker,1941-10-24,F,Mexico,Jalisco,Personal Use,1,Yes,Agency,83.2,International,Other,4,1329874.96,332468.74,437806.03,1127.175,1629.83,4,0.0,2024-01-02,2025-01-08,372,4,False,1,0.0737022806934825,1.0349217419405994,Financed Value Seekers
C1930,Individual,Rachel,Adams,1966-01-22,F,USA,Colorado,Investment,3,No,Agency,59.0,Domestic,USA,4,1184992.23,296248.0575,507885.52,990.9875000000001,1703.94,4,0.0,2024-01-09,2025-01-12,369,0,True,1,-0.27639466141618224,1.2630350577273761,Financed Value Seekers
C1931,Individual,Melissa,Jackson,1995-05-01,F,USA,Utah,Personal Use,5,Yes,Website,29.7,Domestic,USA,4,1323884.1099999999,330971.02749999997,526514.11,1047.99,1528.05,4,0.0,2024-01-06,2025-01-08,368,4,False,2,0.365584546819173,0.9718049585526739,Premium Buyers
C1932,Individual,Dorothy,Allen,1962-05-13,F,USA,California,Investment,2,No,Website,62.7,Domestic,USA,4,1713149.19,428287.2975,551780.87,1342.1525000000001,1481.32,4,0.0,2024-01-01,2025-01-07,372,5,True,2,2.2339879974032093,0.13552148259605562,Premium Buyers
C1933,Corporate,Oasis,Co,1994-04-05,F,Australia,Queensland,Personal Use,1,No,Client,30.8,International,Other,3,822428.05,274142.68333333335,413006.8,851.87,1288.42,3,0.3333333333333333,2024-01-02,2025-01-10,374,2,False,1,-2.420646422707792,0.08223508553779335,Financed Value Seekers
C1934,Individual,Noah,Montgomery,1978-03-25,M,France,Ile-de-France,Investment,4,Yes,Client,46.8,International,France,4,1719384.46,429846.115,639415.77,1422.9925,1874.7,4,0.25,2024-01-01,2024-01-11,10,367,True,0,2.318566194202005,-1.841657400383293,Core Growth Buyers
C1935,Individual,Ashley,Young,1983-04-14,F,USA,Arizona,Personal Use,5,No,Website,41.7,Domestic,USA,3,1205890.37,401963.4566666667,460353.21,1357.1933333333334,1630.82,3,0.3333333333333333,2024-01-02,2025-01-10,374,2,False,2,0.3076020303047697,-1.0916042614897241,Premium Buyers
C1936,Individual,Jeffrey,Brown,1984-02-24,M,Russia,Krasnodar Krai,Personal Use,1,Yes,Agency,40.9,International,Other,3,965899.1000000001,321966.3666666667,373735.42,992.2199999999999,1095.85,3,0.0,2024-01-08,2025-01-09,367,3,False,1,-1.8600894624484114,-0.1803146030407007,Financed Value Seekers
C1937,Individual,Ashley,Richardson,1961-03-16,F,USA,Arizona,Personal Use,3,Yes,Website,63.8,Domestic,USA,4,1707838.06,426959.515,553235.72,1419.32,1804.87,4,0.25,2024-01-07,2025-01-11,370,1,False,2,2.442777827095621,0.0073303350662416965,Premium Buyers
C1938,Individual,Peter,Anderson,1973-07-28,M,Canada,Quebec,Personal Use,4,Yes,Website,51.5,International,Canada,3,1154671.2,384890.39999999997,452275.63,1205.9633333333334,1285.87,3,0.3333333333333333,2025-01-02,2025-01-09,7,3,False,0,-0.4972632966874903,-1.5886292296349853,Core Growth Buyers
C1939,Individual,Gloria,White,1979-06-09,F,USA,Florida,Investment,1,Yes,Agency,45.6,Domestic,USA,3,674304.95,224768.31666666665,327053.12,839.1433333333334,1241.14,3,0.0,2024-01-02,2024-01-11,9,367,True,0,-3.8897548955993066,-0.9616082132570121,Core Growth Buyers
C1940,Individual,Barbara,Turner,1997-02-01,F,Canada,Manitoba,Personal Use,4,No,Agency,27.9,International,Canada,4,1403901.1400000001,350975.28500000003,537290.74,1216.595,1898.39,4,0.0,2024-01-01,2024-01-11,10,367,False,0,0.405553323036778,-1.0664276027329738,Core Growth Buyers
C1941,Individual,Maria,James,1943-05-20,F,USA,Nevada,Personal Use,5,No,Client,81.7,Domestic,USA,4,1368615.25,342153.8125,446979.46,1140.38,1481.32,4,0.0,2024-01-03,2024-01-07,4,371,False,0,-0.12944282490490408,-0.4415531111032679,Core Growth Buyers
C1942,Corporate,Stratos,Co,1984-11-10,F,USA,Nevada,Personal Use,2,Yes,Agency,40.2,Domestic,USA,3,1133984.52,377994.84,543673.09,1313.16,1675.74,3,0.0,2024-01-03,2025-01-01,364,11,False,2,0.21673297539862837,-1.2178171802283928,Premium Buyers
C1943,Individual,Eric,Long,1973-01-04,M,USA,Arizona,Personal Use,1,No,Website,52.0,Domestic,USA,3,967521.23,322507.07666666666,400543.99,1042.71,1294.85,3,0.0,2024-01-06,2025-01-09,369,3,False,1,-1.5474061675621447,-0.2023126380083221,Financed Value Seekers
C1944,Individual,Henry,Pierce,1986-02-15,M,USA,California,Investment,1,No,Website,38.9,Domestic,USA,4,1971083.9300000002,492770.98250000004,607539.65,1602.67,1875.83,4,0.0,2024-01-03,2025-01-12,375,0,True,2,3.7333653241186817,-0.7470928648730005,Premium Buyers
C1945,Individual,Sean,Johnson,1967-02-26,M,Mexico,Mexico City,Investment,3,No,Website,57.9,International,Other,4,1112541.88,278135.47,404942.23,939.4875,1346.3,4,0.0,2024-01-04,2025-01-11,373,1,True,1,-1.1021374602894283,1.603553363537543,Financed Value Seekers
C1946,Individual,Mark,Bell,1955-01-15,M,USA,California,Personal Use,1,No,Agency,70.0,Domestic,USA,3,1056227.37,352075.79000000004,450915.03,1111.25,1421.82,3,0.3333333333333333,2024-01-02,2025-01-12,376,0,False,1,-0.7948258540817159,-0.520357191511295,Financed Value Seekers
C1947,Individual,Walter,Mitchell,1979-02-02,M,USA,Nevada,Personal Use,3,No,Website,45.9,Domestic,USA,3,1247905.56,415968.52,470318.22,1328.47,1588.14,3,0.0,2024-01-04,2025-01-12,374,0,False,2,0.37420361679078434,-1.11056413321883,Premium Buyers
C1948,Individual,Melissa,Harris,1955-04-01,F,USA,Arizona,Personal Use,2,No,Agency,69.8,Domestic,USA,3,1530233.0,510077.6666666667,591831.53,1527.8633333333335,1741.96,3,0.0,2024-01-02,2025-01-07,371,5,False,2,2.3447449046153834,-2.029354846885627,Premium Buyers
C1949,Individual,Christina,James,1955-07-20,F,USA,Colorado,Personal Use,2,Yes,Agency,69.5,Domestic,USA,3,1020270.72,340090.24,489550.72,1274.52,1750.89,3,0.0,2024-01-05,2025-01-11,372,1,False,1,-0.4565146206527898,-0.7355389770272064,Financed Value Seekers
C1950,Individual,Edward,Weaver,1975-03-27,M,USA,Ohio,Personal Use,4,No,Agency,49.8,Domestic,USA,4,1033306.43,258326.6075,377128.4,933.355,1714.22,4,0.0,2024-01-06,2025-01-10,370,2,False,1,-1.4606836497850866,1.749028419970279,Financed Value Seekers
C1951,Individual,Alexander,Murray,1996-09-08,M,USA,Utah,Personal Use,1,Yes,Website,28.3,Domestic,USA,4,1128864.17,282216.0425,454474.49,972.335,1728.84,4,0.25,2024-01-04,2025-01-10,372,2,False,1,-0.7639773214624339,1.2250981719284746,Financed Value Seekers
C1952,Corporate,Optima,Co,1992-05-06,M,USA,Nevada,Personal Use,3,No,Agency,32.7,Domestic,USA,3,1235262.65,411754.2166666666,575463.2,1451.5366666666669,1901.65,3,0.3333333333333333,2024-01-01,2025-01-07,372,5,False,2,1.0599462239255057,-1.663076757153753,Premium Buyers
C1953,Individual,Donald,Miller,1972-10-16,M,Germany,Bavaria,Personal Use,1,Yes,Website,52.2,International,Germany,4,1199064.43,299766.1075,494656.28,946.6525,1631.24,4,0.5,2024-01-02,2025-01-04,368,8,False,1,-0.37060641390553983,1.1190611289533199,Financed Value Seekers
C1954,Individual,Judy,Roberts,1966-09-03,F,Australia,Western Australia,Investment,3,No,Website,58.4,International,Other,3,809731.0700000001,269910.3566666667,334529.95,899.9899999999999,1058.56,3,0.0,2024-01-02,2025-01-07,371,5,True,1,-2.700903550081731,0.43181931968685994,Financed Value Seekers
C1955,Individual,Benjamin,Wright,1998-05-20,M,Canada,Quebec,Personal Use,1,No,Website,26.7,International,Canada,4,1707150.06,426787.515,462288.76,1380.26,1598.95,4,0.0,2024-01-05,2025-01-07,368,5,False,2,1.7502210186282905,0.02340497796455637,Premium Buyers
C1956,Individual,Julie,Weaver,1967-08-21,F,USA,Oregon,Personal Use,2,No,Agency,57.4,Domestic,USA,4,1224023.79,306005.9475,608146.84,920.7075,1528.05,4,0.5,2024-01-01,2025-01-07,372,5,False,1,0.24425749288152532,0.9999754306317787,Financed Value Seekers
C1957,Individual,Adam,Howard,1962-09-24,M,USA,California,Personal Use,4,Yes,Website,62.3,Domestic,USA,4,1318838.26,329709.565,430163.14,1150.2,1532.67,4,0.25,2024-01-04,2024-01-11,7,367,False,0,-0.3404072468317242,-0.5160676066303276,Core Growth Buyers
C1958,Individual,Susan,Foster,1970-10-09,F,USA,California,Personal Use,3,No,Website,54.3,Domestic,USA,4,1567012.19,391753.0475,640625.73,1287.0549999999998,1949.35,4,0.0,2024-01-03,2025-01-01,364,11,False,2,2.1125040216927466,0.14431536460370437,Premium Buyers
C1959,Individual,Judy,Morales,1942-02-20,F,USA,Texas,Personal Use,1,No,Website,82.9,Domestic,USA,3,626084.02,208694.67333333334,304533.78,753.3133333333334,1098.83,3,0.0,2024-01-07,2024-01-12,5,366,False,0,-4.232935731951469,-0.5399058500681146,Core Growth Buyers
C1960,Individual,Dorothy,Brown,1987-08-02,F,USA,Colorado,Personal Use,2,Yes,Website,37.4,Domestic,USA,3,1196488.96,398829.6533333333,529520.87,1350.4933333333333,1476.63,3,0.0,2024-01-05,2024-01-09,4,369,False,0,-0.032105148693734535,-2.8783142781808055,Core Growth Buyers
C1961,Individual,William,Campbell,1994-09-26,M,USA,California,Personal Use,5,No,Agency,30.3,Domestic,USA,4,1289265.38,322316.345,501471.56,1138.4975,1618.34,4,0.0,2024-01-10,2025-01-10,366,2,False,2,0.2926814382224744,0.8859717791403423,Premium Buyers
C1962,Individual,Kimberly,Harris,1995-08-01,F,Mexico,Puebla,Personal Use,5,No,Agency,29.5,International,Other,3,971475.24,323825.08,398527.61,1108.1033333333332,1479.84,3,0.0,2024-01-06,2025-01-07,367,5,False,1,-1.4413242365911698,-0.3286495115612377,Financed Value Seekers
C1963,Corporate,Terova,Co,1968-03-01,M,USA,Texas,Personal Use,5,No,Website,56.9,Domestic,USA,3,983925.13,327975.04333333333,435919.77,1090.7733333333333,1394.03,3,0.0,2024-01-06,2025-01-06,366,6,False,1,-1.1449946388384573,-0.219207324168479,Financed Value Seekers
C1964,Individual,Kevin,Martin,1972-06-17,M,USA,Virginia,Personal Use,5,No,Agency,52.6,Domestic,USA,3,1149434.67,383144.88999999996,501520.52,1359.24,1615.98,3,0.3333333333333333,2024-01-06,2025-01-05,365,7,False,2,0.29271118589545225,-1.1130869089510322,Premium Buyers
C1965,Individual,Sean,Wright,1997-01-09,M,USA,California,Personal Use,4,No,Agency,28.0,Domestic,USA,3,1489053.39,496351.12999999995,517834.79,1579.3133333333335,1616.99,3,0.3333333333333333,2024-01-04,2024-01-09,5,369,False,0,1.44739782870897,-3.6561659660775954,Core Growth Buyers
C1966,Individual,Ronald,Howard,1964-02-10,M,Canada,British Columbia,Personal Use,1,No,Agency,60.9,International,Canada,4,1210176.2,302544.05,487865.86,1111.6475,1627.52,4,0.5,2024-01-10,2025-01-11,367,1,False,1,-0.05584762094560199,0.8791111125005762,Financed Value Seekers
C1967,Individual,Roger,Bryant,1957-10-09,M,USA,Oregon,Investment,4,No,Agency,67.3,Domestic,USA,3,747143.37,249047.79,340611.95,859.2633333333333,1051.39,3,0.0,2024-01-01,2024-01-06,5,372,True,0,-3.432137787345184,-0.9332159586967511,Core Growth Buyers
C1968,Individual,Judy,Griffin,1958-11-02,F,USA,California,Investment,3,Yes,Client,66.2,Domestic,USA,3,987718.99,329239.66333333333,421709.56,1072.7266666666667,1341.67,3,0.0,2024-01-01,2025-01-06,371,6,True,1,-1.2843951184534073,-0.2052848681723066,Financed Value Seekers
C1969,Individual,Jesse,James,1993-06-14,M,USA,Colorado,Investment,2,Yes,Agency,31.6,Domestic,USA,4,1030940.4299999999,257735.10749999998,462830.35,854.58,1468.68,4,0.25,2024-01-01,2025-01-10,375,2,True,1,-1.2584005541865713,1.5214328609244827,Financed Value Seekers
C1970,Individual,Raymond,Howard,1978-02-25,M,USA,Arizona,Investment,4,Yes,Website,46.9,Domestic,USA,3,1346312.7000000002,448770.9000000001,576990.75,1361.7433333333333,1721.96,3,0.3333333333333333,2025-01-02,2025-01-11,9,1,True,2,1.1026533889434544,-2.3149770050497054,Premium Buyers
C1971,Individual,Emma,Jordan,1976-07-18,F,USA,Virginia,Personal Use,5,No,Website,48.5,Domestic,USA,3,673422.3200000001,224474.1066666667,274917.87,775.5666666666666,1090.32,3,0.0,2024-01-06,2025-01-07,367,5,False,1,-3.645118124891084,0.9967294898865608,Financed Value Seekers
C1972,Individual,Carol,Wilson,1972-01-05,F,USA,California,Personal Use,4,Yes,Website,53.0,Domestic,USA,3,943260.84,314420.27999999997,478022.04,1077.3333333333333,1697.13,3,0.3333333333333333,2024-01-01,2025-01-09,374,3,False,1,-1.0881580673551932,-0.32144100522422064,Financed Value Seekers
C1973,Corporate,Oasis,Co,1993-09-13,M,USA,Washington,Personal Use,4,Yes,Agency,31.3,Domestic,USA,4,1450499.68,362624.92,413926.08,1214.7825,1333.63,4,0.25,2024-01-01,2025-01-11,376,1,False,2,0.5369048901206345,0.7389302520288517,Premium Buyers
C1974,Individual,Keith,Peterson,1950-04-09,M,USA,Nevada,Personal Use,5,Yes,Agency,74.8,Domestic,USA,4,968686.8500000001,242171.71250000002,431287.44,809.6575,1457.92,4,0.25,2024-01-04,2025-01-09,371,3,False,1,-1.5389027487645786,1.9909479563739794,Financed Value Seekers
C1975,Individual,Dorothy,Campbell,1975-08-05,F,Belgium,Wallonia,Personal Use,4,No,Agency,49.4,International,Belgium,3,985031.21,328343.73666666663,454364.35,1023.8800000000001,1318.98,3,0.3333333333333333,2024-01-01,2025-01-05,370,7,False,1,-1.221443542991044,-0.3257129677918474,Financed Value Seekers
C1976,Individual,Albert,Wilson,1995-05-03,M,USA,Florida,Personal Use,5,No,Client,29.7,Domestic,USA,4,1146120.65,286530.1625,503445.63,1030.29,1657.19,4,0.0,2024-01-06,2025-01-04,364,8,False,1,-0.3469656956312356,1.1733633461890944,Financed Value Seekers
C1977,Individual,Jason,Bennett,1994-04-07,M,USA,Virginia,Personal Use,1,No,Website,30.8,Domestic,USA,4,2001430.4300000002,500357.60750000004,608264.77,1577.2325,1868.01,4,0.25,2024-01-01,2025-01-07,372,5,False,2,3.807858081842062,-0.8319376093517542,Premium Buyers
C1978,Corporate,Summit,Co,1967-02-06,F,USA,California,Investment,5,Yes,Website,57.9,Domestic,USA,3,1205900.67,401966.88999999996,433524.31,1290.0866666666668,1579.99,3,0.3333333333333333,2024-01-05,2025-01-07,368,5,True,2,0.05873244571736198,-0.8813862335332923,Premium Buyers
C1979,Individual,Brian,Richardson,1942-05-25,M,USA,Colorado,Personal Use,3,Yes,Agency,82.6,Domestic,USA,4,1287568.79,321892.1975,430285.43,1014.73,1388.61,4,0.25,2024-01-02,2025-01-03,367,9,False,1,-0.20540629476060335,1.3152910556580888,Financed Value Seekers
C1980,Individual,Barbara,Green,1956-05-09,F,USA,Texas,Investment,4,No,Website,68.7,Domestic,USA,4,1579565.09,394891.2725,588343.01,1228.8325,1746.48,4,0.0,2024-01-03,2025-01-08,371,4,True,2,1.8321182378670757,0.4627660315541429,Premium Buyers
C1981,Individual,Sarah,Flores,1992-12-09,F,Canada,Quebec,Personal Use,5,No,Agency,32.1,International,Canada,4,1440160.68,360040.17,498028.07,1245.935,1821.59,4,0.25,2024-01-01,2025-01-07,372,5,False,2,0.9480679551260118,0.5138496525332078,Premium Buyers
C1982,Individual,Jose,Long,1947-09-05,M,USA,California,Personal Use,4,Yes,Website,77.4,Domestic,USA,3,1545398.56,515132.85333333333,553675.21,1669.3466666666666,1870.54,3,0.3333333333333333,2024-01-01,2024-01-11,10,367,False,0,2.1104522256501834,-3.7078499913652623,Core Growth Buyers
C1983,Individual,Ryan,Reed,1961-03-13,M,UK,Northern Ireland,Personal Use,3,No,Website,63.8,International,UK,4,1317304.52,329326.13,411125.74,1070.475,1315.55,4,0.25,2024-01-07,2025-01-10,369,2,False,1,-0.13286286229379637,1.1715110873914685,Financed Value Seekers
C1984,Individual,Jesse,Watson,1956-10-18,M,USA,California,Personal Use,4,No,Website,68.2,Domestic,USA,3,846287.21,282095.73666666663,315840.76,994.52,1096.33,3,0.0,2024-01-01,2024-01-10,9,368,False,0,-2.891866067572328,-1.1905554948173869,Core Growth Buyers
C1985,Individual,Gregory,Bell,1963-05-11,M,UK,Scotland,Personal Use,1,Yes,Agency,61.7,International,UK,4,1149379.8599999999,287344.96499999997,344251.82,1014.73,1388.61,4,0.5,2024-01-05,2025-01-12,373,0,False,1,-1.1020069105533563,1.4031036551097853,Financed Value Seekers
C1986,Individual,Thomas,Griffin,1977-04-23,M,USA,New York,Investment,1,No,Website,47.7,Domestic,USA,4,1442798.93,360699.7325,524650.21,1153.5575,1599.81,4,0.0,2024-01-05,2025-01-10,371,2,True,2,0.868568241924218,0.6404837138118913,Premium Buyers
C1987,Individual,Douglas,Davis,1986-10-18,M,Belgium,Wallonia,Investment,5,No,Website,38.2,International,Belgium,4,1316082.96,329020.74,515152.93,1104.1725,1797.81,4,0.25,2024-01-04,2025-01-12,374,0,True,2,0.40715481958774374,0.8933704486691795,Premium Buyers
C1988,Individual,Henry,Thompson,1994-09-19,M,USA,California,Personal Use,5,Yes,Website,30.3,Domestic,USA,4,1301018.95,325254.7375,409994.99,972.245,1181.69,4,0.0,2024-01-11,2025-01-12,367,0,False,1,-0.4031512012983024,1.360081566080694,Financed Value Seekers
C1989,Individual,William,Montgomery,1959-11-19,M,USA,Texas,Personal Use,3,No,Agency,65.1,Domestic,USA,4,1380788.8599999999,345197.21499999997,505173.86,1135.325,1628.68,4,0.25,2024-01-08,2025-01-10,368,2,False,2,0.6438576862512251,0.8325640625249643,Premium Buyers
C1990,Individual,Scott,Howard,1976-11-28,M,USA,Texas,Investment,5,No,Agency,48.1,Domestic,USA,3,1253745.81,417915.27,566711.76,1303.4733333333334,1752.38,3,0.0,2024-01-08,2025-01-03,361,9,True,2,0.7996912170888743,-1.2586936305270198,Premium Buyers
C1991,Individual,Susan,Reed,1950-07-09,F,USA,California,Personal Use,3,No,Website,74.5,Domestic,USA,4,1134341.88,283585.47,405445.85,900.39,1253.18,4,0.25,2024-01-02,2024-01-12,10,366,False,0,-1.497757983974619,0.12845038349413812,Core Growth Buyers
C1992,Individual,Rachel,Hansen,1943-01-19,F,USA,Texas,Personal Use,3,Yes,Website,82.0,Domestic,USA,3,1266058.76,422019.58666666667,471352.97,1445.08,1741.96,3,0.6666666666666666,2024-01-11,2025-01-07,362,5,False,2,0.8132133901984258,-1.338553526387318,Premium Buyers
C1993,Individual,Douglas,Thompson,1985-06-09,M,USA,New York,Personal Use,2,No,Website,39.6,Domestic,USA,3,1385369.38,461789.7933333333,549422.32,1454.4099999999999,1833.96,3,0.3333333333333333,2025-01-04,2025-01-08,4,4,False,2,1.2443917789580556,-2.5825269725970292,Premium Buyers
C1994,Individual,Nicole,Miller,1994-07-21,F,USA,Oregon,Investment,3,Yes,Website,30.5,Domestic,USA,3,1257875.21,419291.73666666663,498128.56,1454.4099999999999,1833.96,3,0.0,2024-01-09,2025-01-06,363,6,True,2,0.7316438243818754,-1.4872177231672206,Premium Buyers
C1995,Individual,Michelle,Scott,1993-03-05,F,USA,California,Investment,4,No,Agency,31.9,Domestic,USA,4,1044043.64,261010.91,348872.01,905.7525,1237.23,4,0.25,2024-01-05,2025-01-07,368,5,True,1,-1.6301603158298699,1.7123177079088805,Financed Value Seekers
C1996,Individual,Samantha,Brooks,1992-06-20,F,USA,Nevada,Personal Use,1,Yes,Website,32.6,Domestic,USA,4,1151831.48,287957.87,568415.25,1027.325,1809.87,4,0.0,2024-01-01,2024-01-11,10,367,False,0,-0.5734023976962802,-0.6300405870348689,Core Growth Buyers
C1997,Individual,Matthew,Cox,1942-09-27,M,USA,Arizona,Personal Use,4,Yes,Website,82.3,Domestic,USA,4,1101825.4,275456.35,484864.24,910.42,1554.83,4,0.5,2024-01-09,2025-01-09,366,3,False,1,-0.6338695895717447,1.5627451406586117,Financed Value Seekers
C1998,Individual,Mark,Patterson,1963-09-13,M,USA,Virginia,Personal Use,5,Yes,Website,61.3,Domestic,USA,3,1023688.56,341229.52,431674.94,1140.3999999999999,1505.53,3,0.0,2024-01-02,2025-01-10,374,2,False,1,-0.910217253225586,-0.3012294689633638,Financed Value Seekers
C1999,Individual,Lawrence,Montgomery,1944-06-15,M,USA,Ohio,Personal Use,4,Yes,Client,80.6,Domestic,USA,3,838587.38,279529.12666666665,455786.14,919.0466666666666,1505.53,3,0.0,2024-01-05,2025-01-07,368,5,False,1,-1.8943852157803693,0.26284767536084214,Financed Value Seekers
C2000,Individual,Amanda,James,1996-03-24,F,USA,Georgia,Personal Use,1,Yes,Agency,28.8,Domestic,USA,3,913528.5,304509.5,364977.97,1033.4833333333333,1300.91,3,0.0,2024-01-05,2024-01-06,1,372,False,0,-2.5040959156703138,-1.7676620914513121,Core Growth Buyers
